company_name,url,address,phone,contact_url,区分,検出ワード,source_url,profile_url,company_confirmed,fetch
アールプロセス株式会社,https://r-pro.co.jp/,アールプロセス（株） 174-0051 東京都板橋区小豆沢２－９－２２ サービス: プリプレス 写真 マルチメディア データ処理 表示順ポイント: 4,03-6279-8313,https://r-pro.co.jp/contact/,S｜地域印刷・販促・Web支援,東京都印刷工業組合Connect公式会員：印刷・販促・企画・Web制作,https://connect.tokyo-printing.or.jp/corp_search/wp_detail/3451,https://r-pro.co.jp/company/,yes,ok
イエズミ印刷株式会社,https://www.iezumi.co.jp/,イエズミ印刷（株） 103-0025 東京都中央区日本橋茅場町１－１２－９ サービス: 印刷 各種印刷 マーケティング企画 編集デザイン 写真 マルチメディア データ処理 その他 ノベルティ 表示順ポイント: 6,03-3666-0698,https://www.iezumi.co.jp/contact/contact.php,S｜地域印刷・販促・Web支援,東京都印刷工業組合Connect公式会員：印刷・販促・企画・Web制作,https://connect.tokyo-printing.or.jp/corp_search/wp_detail/210,https://www.iezumi.co.jp/corp/,yes,ok
エクセルアート株式会社,https://www.excelart.co.jp/,"エクセルアート（株） 104-0043 東京都中央区湊１－１－１６TMKビル3F サービス: プリプレス マーケティング企画 編集デザイン マルチメディア エクセルアートは業界特化型の専門的・理系的デザインが得意な提案型の企画・デザイン・印刷会社です。
動画制作／紙媒体デザイン／Webデザイン／イラスト制作など実績は多岐に渡ります。

弊社ではチラシが",03-3552-2201,https://www.excelart.co.jp/inquiry/formmail.php,S｜地域印刷・販促・Web支援,東京都印刷工業組合Connect公式会員：印刷・販促・企画・Web制作,https://connect.tokyo-printing.or.jp/corp_search/wp_detail/3900,https://www.excelart.co.jp/aboutus/index.php,yes,ok
カワセ印刷株式会社,https://kawase-p.co.jp/,カワセ印刷（株） 116-0002 東京都荒川区荒川８－２３－１６ サービス: プリプレス 印刷 デジタル印刷 製本 紙製品 編集デザイン 写真 マルチメディア その他 1898年創業の老舗印刷会社です。「ていねいに寄り添う」をコアバリューに、都内で印刷事業を120年以上続けてまいりました。荒川工場は薄紙・超軽量紙の専門工場で、ダイレクトメール、保険の約款、,03-3801-4477,https://kawase-p.co.jp/contact/,S｜地域印刷・販促・Web支援,東京都印刷工業組合Connect公式会員：印刷・販促・企画・Web制作,https://connect.tokyo-printing.or.jp/corp_search/wp_detail/3477,https://kawase-p.co.jp/,yes,ok
セキセイ株式会社,https://www.sedia.co.jp/,セキセイ（株） 112-0003 東京都文京区春日１－７－１ サービス: 表示順ポイント: 3,03-3813-6531,https://www.sedia.co.jp/inquiry,S｜地域印刷・販促・Web支援,東京都印刷工業組合Connect公式会員：印刷・販促・企画・Web制作,https://connect.tokyo-printing.or.jp/corp_search/wp_detail/3492,https://www.sedia.co.jp/about/,yes,ok
セントラル印刷株式会社,https://www.central-p.net/,"セントラル印刷（株） 112-0013 東京都文京区音羽１－２０－１４MBS音羽ビル2F サービス: プリプレス 印刷 各種印刷 デジタル印刷 製本 後加工 特殊印刷加工 紙製品 編集デザイン その他 ノベルティ ～必要な情報を、必要な方にあらゆる方法で届ける～
～社員ひとりひとりの幸せを追求し、周りの世界に幸せを拡げる～
この企業理念を心に我々は日",03-5981-8911,https://www.central-p.net/お問合せ,S｜地域印刷・販促・Web支援,東京都印刷工業組合Connect公式会員：印刷・販促・企画・Web制作,https://connect.tokyo-printing.or.jp/corp_search/wp_detail/3545,https://www.central-p.net/%E4%BC%9A%E7%A4%BE%E6%A6%82%E8%A6%81,yes,ok
ヨシダ印刷株式会社東京本社,https://www.ypg.jp/,ヨシダ印刷（株）東京本社 130-0014 東京都墨田区亀沢３－２０－１４ サービス: プリプレス 印刷 各種印刷 デジタル印刷 製本 後加工 特殊印刷加工 紙製品 マーケティング企画 編集デザイン 写真 マルチメディア データ処理 その他 ノベルティ 東京・金沢・大阪を拠点に事業活動を行う「環境に配慮した印刷」を得意とする印刷会社です。30年以上も前から環,03-3626-1301,https://www.ypg.jp/inquiry/,S｜地域印刷・販促・Web支援,東京都印刷工業組合Connect公式会員：印刷・販促・企画・Web制作,https://connect.tokyo-printing.or.jp/corp_search/wp_detail/2741,https://www.ypg.jp/,no,ok
一信堂印刷株式会社,https://isshindo-p.co.jp/,一信堂印刷（株） 130-0026 東京都墨田区両国２－１０－３ サービス: 印刷 製本 後加工 特殊印刷加工 紙製品 事務用印刷物 (複写伝票・帳票・領収証・名刺等)の印刷と製本加工を社内一貫生産しております。 表示順ポイント: 10,03-3631-3855,https://isshindo-p.co.jp/contact,S｜地域印刷・販促・Web支援,東京都印刷工業組合Connect公式会員：印刷・販促・企画・Web制作,https://connect.tokyo-printing.or.jp/corp_search/wp_detail/1291,https://isshindo-p.co.jp/company/,yes,ok
三松堂株式会社,https://sanshodo.co.jp/,三松堂（株） 101-0065 東京都千代田区西神田３－２－１住友不動産千代田ファーストビル南館14F サービス: 表示順ポイント: 2,03-6823-5364,https://sanshodo.co.jp/inquiry/,S｜地域印刷・販促・Web支援,東京都印刷工業組合Connect公式会員：印刷・販促・企画・Web制作,https://connect.tokyo-printing.or.jp/corp_search/wp_detail/47,https://sanshodo.co.jp/top/about-us/,yes,ok
上毛印刷株式会社,https://www.jomo-p.co.jp/,上毛印刷（株） 171-0022 東京都豊島区南池袋２－３－５ サービス: プリプレス 印刷 各種印刷 デジタル印刷 製本 後加工 特殊印刷加工 紙製品 編集デザイン 写真 マルチメディア データ処理 ノベルティ 表示順ポイント: 3,03-3984-8576,https://jomo-p.co.jp/contact/,S｜地域印刷・販促・Web支援,東京都印刷工業組合Connect公式会員：印刷・販促・企画・Web制作,https://connect.tokyo-printing.or.jp/corp_search/wp_detail/2169,https://jomo-p.co.jp/about-us/,yes,ok
不二オフセット株式会社,https://fuji-offset.jp/,不二オフセット（株） 190-1222 東京都西多摩郡瑞穂町箱根ヶ崎東松原５－７ サービス: プリプレス 印刷 各種印刷 デジタル印刷 製本 後加工 編集デザイン 写真 表示順ポイント: 4,042-556-1105,https://fuji-offset.jp/contact/,S｜地域印刷・販促・Web支援,東京都印刷工業組合Connect公式会員：印刷・販促・企画・Web制作,https://connect.tokyo-printing.or.jp/corp_search/wp_detail/2856,https://fuji-offset.jp/overview/,yes,ok
中旺テック株式会社,http://chuo-tech.chu.jp/,中旺テック（株） 130-0021 東京都墨田区緑４－１３－５ サービス: プリプレス 印刷 デジタル印刷 その他 表示順ポイント: 4,03-3632-1256,http://chuo-tech.chu.jp/contact.html,S｜地域印刷・販促・Web支援,東京都印刷工業組合Connect公式会員：印刷・販促・企画・Web制作,https://connect.tokyo-printing.or.jp/corp_search/wp_detail/3644,http://chuo-tech.chu.jp/,no,ok
吉田印刷株式会社,https://www.priyoshi.com/,吉田印刷（株） 113-0022 東京都文京区千駄木５－３９－２ サービス: 各種印刷 編集デザイン 表示順ポイント: 6,03-3827-5541,,S｜地域印刷・販促・Web支援,東京都印刷工業組合Connect公式会員：印刷・販促・企画・Web制作,https://connect.tokyo-printing.or.jp/corp_search/wp_detail/964,https://www.priyoshi.com/,no,ok
大和印刷株式会社,https://daiwa-i.jp/,大和印刷（株） 101-0065 東京都千代田区西神田１－３－１５石福ビル サービス: プリプレス 印刷 デジタル印刷 編集デザイン 大和印刷株式会社は昭和２６年の創業以来、千代田区神田神保町で新聞印刷を中心に事業を展開してまいりました。業界専門紙をはじめ、組合・団体等機関紙、会報紙などの新聞づくりに携わっています。特徴は（１）短時間で紙面制作、（２）校了後,03-3291-1621,https://daiwa-i.jp/renewal2026/contact,S｜地域印刷・販促・Web支援,東京都印刷工業組合Connect公式会員：印刷・販促・企画・Web制作,https://connect.tokyo-printing.or.jp/corp_search/wp_detail/3822,https://daiwa-i.jp/corporateprofile/,yes,ok
大成印刷株式会社,https://www.taisei-printing.co.jp/,大成印刷（株） 103-0025 東京都中央区日本橋茅場町２－４－１０ サービス: プリプレス 印刷 デジタル印刷 製本 表示順ポイント: 5,03-3669-4941,https://www.taisei-printing.co.jp/contact/,S｜地域印刷・販促・Web支援,東京都印刷工業組合Connect公式会員：印刷・販促・企画・Web制作,https://connect.tokyo-printing.or.jp/corp_search/wp_detail/198,https://www.taisei-printing.co.jp/corporate/,yes,ok
大日本ピーアール株式会社,https://dainihonpr.co.jp/,"大日本ピーアール（株） 104-0042 東京都中央区入船２－３－８ サービス: 印刷 各種印刷 製本 後加工 紙製品 ノベルティ 毎年必要とされる”カレンダー”を御社のお取り扱い商材に

弊社はカレンダーの企画、製造、販売に特化した業務をしております。
既製品名入れカレンダー、別注カレンダー、小売り用カレンダーなど取り扱い点数は1700点以上。
御",03-3553-2521,https://dainihonpr.co.jp/%e3%81%8a%e5%95%8f%e3%81%84%e5%90%88%e3%82%8f%e3%81%9b/,S｜地域印刷・販促・Web支援,東京都印刷工業組合Connect公式会員：印刷・販促・企画・Web制作,https://connect.tokyo-printing.or.jp/corp_search/wp_detail/353,https://dainihonpr.co.jp/%E4%BC%9A%E7%A4%BE%E6%A6%82%E8%A6%81/,yes,ok
大生印刷株式会社,http://taiseiprinting.co.jp/,大生印刷（株） 135-0052 東京都江東区潮見２－４－１５ サービス: 印刷 表示順ポイント: 10,03-3649-8021,http://taiseiprinting.co.jp/contact02.html,S｜地域印刷・販促・Web支援,東京都印刷工業組合Connect公式会員：印刷・販促・企画・Web制作,https://connect.tokyo-printing.or.jp/corp_search/wp_detail/1472,http://taiseiprinting.co.jp/,no,ok
宝印刷株式会社,https://www.takara-print.co.jp/,"宝印刷（株） 171-0033 東京都豊島区高田３－２８－８ サービス: プリプレス 印刷 デジタル印刷 製本 編集デザイン マルチメディア その他 当社が生業とするディスクロージャーサービスは、企業が株主や投資家を含めた社会から広く認知され、
信頼を獲得するためのお手伝いをすることにあります。

ですから私たちも「信頼」の追求を常としています。
",03-3971-3101,,S｜地域印刷・販促・Web支援,東京都印刷工業組合Connect公式会員：印刷・販促・企画・Web制作,https://connect.tokyo-printing.or.jp/corp_search/wp_detail/2118,https://www.takara-print.co.jp/,yes,ok
富沢印刷株式会社,https://10330.co.jp/,富沢印刷（株） 116-0003 東京都荒川区南千住３－４－４ サービス: プリプレス 印刷 各種印刷 デジタル印刷 製本 後加工 特殊印刷加工 紙製品 編集デザイン 写真 マルチメディア 富沢印刷は：１）偽造防止印刷「ぎぞらーず」と２）オンラインセミナーの映像制作「セミナー動画ドットコム」の２つのサービスを特長とする印刷会社です。偽造防止印刷「ぎぞらーず」,03-5615-1221,https://10330.co.jp/contact/,S｜地域印刷・販促・Web支援,東京都印刷工業組合Connect公式会員：印刷・販促・企画・Web制作,https://connect.tokyo-printing.or.jp/corp_search/wp_detail/1086,https://10330.co.jp/about/,yes,ok
山浦印刷株式会社,http://www.yamaura-print.co.jp/,山浦印刷（株） 112-0014 東京都文京区関口１－３９－１０ サービス: プリプレス 印刷 デジタル印刷 後加工 特殊印刷加工 紙製品 編集デザイン 写真 マルチメディア データ処理 その他 表示順ポイント: 4,03-3203-4721,,S｜地域印刷・販促・Web支援,東京都印刷工業組合Connect公式会員：印刷・販促・企画・Web制作,https://connect.tokyo-printing.or.jp/corp_search/wp_detail/1923,http://www.yamaura-print.co.jp/,no,ok
岩岡印刷工業株式会社,https://www.iwaoka.co.jp/,"岩岡印刷工業（株） 102-0072 東京都千代田区飯田橋４－１－１飯田橋ISビル6F サービス: プリプレス 印刷 デジタル印刷 製本 編集デザイン マルチメディア データ処理 その他 ノベルティ 18g/㎡の薄い紙への印刷を実用化しております。薄い紙への印刷でお困りの際は、ぜひ当社へご相談ください。

【事業内容・特長】
１．郵送コストを抑える超極",03-3265-1323,https://www.iwaoka.co.jp/contact/,S｜地域印刷・販促・Web支援,東京都印刷工業組合Connect公式会員：印刷・販促・企画・Web制作,https://connect.tokyo-printing.or.jp/corp_search/wp_detail/42,https://www.iwaoka.co.jp/company/,yes,ok
広研印刷株式会社,https://www.kohken-l-p.co.jp/,広研印刷（株） 171-0033 東京都豊島区高田３－３－１６ サービス: プリプレス 印刷 各種印刷 デジタル印刷 製本 後加工 紙製品 マーケティング企画 編集デザイン 写真 マルチメディア ノベルティ 広報印刷の企画編集デザイン業務を主体に1960年に創業。その４年後に開催された東京オリンピックでは、期間中に配布される競技記録冊子「デイリープログラム」,03-3208-8271,https://www.kohken-l-p.co.jp/contact/,S｜地域印刷・販促・Web支援,東京都印刷工業組合Connect公式会員：印刷・販促・企画・Web制作,https://connect.tokyo-printing.or.jp/corp_search/wp_detail/2121,https://www.kohken-l-p.co.jp/,yes,ok
文唱堂印刷株式会社,https://www.b-p.co.jp/,文唱堂印刷（株） 101-0025 東京都千代田区神田佐久間町３－３７－１ サービス: プリプレス 印刷 デジタル印刷 製本 後加工 特殊印刷加工 紙製品 マーケティング企画 編集デザイン 写真 マルチメディア データ処理 その他 ノベルティ 弊社は、物流のできる印刷会社として、クリエイティブ（企画・編集）から物流までワンストップフルサービスでお客様のニーズ,03-3851-0111,https://b-p.co.jp/?page_id=2669,S｜地域印刷・販促・Web支援,東京都印刷工業組合Connect公式会員：印刷・販促・企画・Web制作,https://connect.tokyo-printing.or.jp/corp_search/wp_detail/168,https://www.b-p.co.jp/company/,yes,ok
新日本印刷株式会社,https://www.sinnihon.net,新日本印刷（株） 162-0801 東京都新宿区山吹町３４２ サービス: 表示順ポイント: 2,03-3269-6311,,S｜地域印刷・販促・Web支援,東京都印刷工業組合Connect公式会員：印刷・販促・企画・Web制作,https://connect.tokyo-printing.or.jp/corp_search/wp_detail/733,,no,ConnectTimeout
新灯印刷株式会社,https://shinto-printing.co.jp/,"新灯印刷（株） 162-0811 東京都新宿区水道町２－１５ サービス: プリプレス 印刷 デジタル印刷 製本 編集デザイン 新灯印刷はグループ会社６社による
企画立案から印刷・製本・配送・販売・PRまでワンストップで書籍作成のサービス展開をしています

〇株式会社スタックアップ
商業出版からブランディング出版まで、本を出したい人のさまざまなニーズに",03-3260-9261,https://shinto-printing.co.jp/about/,S｜地域印刷・販促・Web支援,東京都印刷工業組合Connect公式会員：印刷・販促・企画・Web制作,https://connect.tokyo-printing.or.jp/corp_search/wp_detail/801,https://shinto-printing.co.jp/about/,yes,ok
旺成印刷紙工有限会社,https://ousei-prt.com/,旺成印刷紙工（有） 112-0001 東京都文京区白山５－１９－１０－１０２ サービス: 印刷 各種印刷 デジタル印刷 表示順ポイント: 4,03-3947-6952,https://ousei-prt.com/contact.html,S｜地域印刷・販促・Web支援,東京都印刷工業組合Connect公式会員：印刷・販促・企画・Web制作,https://connect.tokyo-printing.or.jp/corp_search/wp_detail/974,https://ousei-prt.com/company.html,yes,ok
明和印刷株式会社,https://meiwaprinting.co.jp/,明和印刷（株） 335-0026 埼玉県戸田市新曽南３－１６－２３ サービス: プリプレス 印刷 製本 写真 表示順ポイント: 3,048-229-2246,https://meiwaprinting.co.jp/contact/,S｜地域印刷・販促・Web支援,東京都印刷工業組合Connect公式会員：印刷・販促・企画・Web制作,https://connect.tokyo-printing.or.jp/corp_search/wp_detail/1783,https://meiwaprinting.co.jp/company/,yes,ok
昭和印刷株式会社,https://showaprinting.co.jp/,昭和印刷（株） 132-0033 東京都江戸川区東小松川３－３６－１０ サービス: 表示順ポイント: 3,03-3653-9256,,S｜地域印刷・販促・Web支援,東京都印刷工業組合Connect公式会員：印刷・販促・企画・Web制作,https://connect.tokyo-printing.or.jp/corp_search/wp_detail/2787,https://showaprinting.co.jp/about.html,yes,ok
有限会社ぱっくす考房,https://packs-kobo.co.jp/,（有）ぱっくす考房 130-0005 東京都東京都墨田区東駒形２－６－８橋本マンション サービス: 印刷 各種印刷 デジタル印刷 製本 後加工 特殊印刷加工 紙製品 マーケティング企画 編集デザイン 写真 マルチメディア その他 ノベルティ 弊社では販売促進用の紙のディスプレイ・什器全般を中心に、デザインにあわせた抜きのカットや設計、白ダミー提出からトータル,03-5819-0822,https://packs-kobo.co.jp/contact.php,S｜地域印刷・販促・Web支援,東京都印刷工業組合Connect公式会員：印刷・販促・企画・Web制作,https://connect.tokyo-printing.or.jp/corp_search/wp_detail/4089,https://packs-kobo.co.jp/,yes,ok
有限会社ゑびす堂,https://www.ebisudo.co.jp/,"（有）ゑびす堂 116-0001 東京都荒川区町屋８－２２－１０ サービス: デジタル印刷 製本 後加工 特殊印刷加工 マーケティング企画 データ処理 その他 弊社の特徴

ナンバリング専業から

弊社は製本業から昭和30年に改組してナンバリング専業という珍しい業態の会社としてスタートしています。爾来、ナンバリングは元よりバリアブル印字に至る特化した",050-5212-8111,https://www.ebisudo.co.jp/,S｜地域印刷・販促・Web支援,東京都印刷工業組合Connect公式会員：印刷・販促・企画・Web制作,https://connect.tokyo-printing.or.jp/corp_search/wp_detail/111,https://www.ebisudo.co.jp/,yes,ok
有限会社ヒマル,https://himaru-pri.shopinfo.jp/,（有）ヒマル 165-0034 東京都中野区大和町３－８－１６ サービス: 印刷 各種印刷 デジタル印刷 その他 表示順ポイント: 4,03-3330-2345,https://himaru-pri.shopinfo.jp/posts/58001554,S｜地域印刷・販促・Web支援,東京都印刷工業組合Connect公式会員：印刷・販促・企画・Web制作,https://connect.tokyo-printing.or.jp/corp_search/wp_detail/4038,https://himaru-pri.shopinfo.jp/pages/7307953/page_201602191746,yes,ok
有限会社ビーアンドエム,http://b-andm.co.jp/,（有）ビーアンドエム 130-0002 東京都墨田区業平１－１－９隅田倉庫2号棟2F サービス: プリプレス 表示順ポイント: 5,03-6456-1531,,S｜地域印刷・販促・Web支援,東京都印刷工業組合Connect公式会員：印刷・販促・企画・Web制作,https://connect.tokyo-printing.or.jp/corp_search/wp_detail/3642,http://b-andm.co.jp/,no,ok
有限会社ヤマオー事務機,https://www.yamaoh.com/,（有）ヤマオー事務機 164-0014 東京都中野区南台２－４９－８ サービス: 印刷 デジタル印刷 製本 後加工 表示順ポイント: 3,03-3384-1661,https://www.yamaoh.com/category/1465984.html,S｜地域印刷・販促・Web支援,東京都印刷工業組合Connect公式会員：印刷・販促・企画・Web制作,https://connect.tokyo-printing.or.jp/corp_search/wp_detail/3807,https://www.yamaoh.com/category/1465982.html,yes,ok
有限会社双和印刷巧芸社,https://sowa-tj.co.jp/,（有）双和印刷巧芸社 142-0062 東京都品川区小山１－７－１８ サービス: プリプレス 印刷 デジタル印刷 紙製品 マーケティング企画 マルチメディア データ処理 その他 ノベルティ 表示順ポイント: 8,03-3783-4587,https://sowa-tj.co.jp/,S｜地域印刷・販促・Web支援,東京都印刷工業組合Connect公式会員：印刷・販促・企画・Web制作,https://connect.tokyo-printing.or.jp/corp_search/wp_detail/1657,https://sowa-tj.co.jp/,no,ok
有限会社川口プロセス社,https://kpj1.com/,"（有）川口プロセス社 114-0011 東京都北区昭和町３－８－２ サービス: 製版は川口プロセス社へ　製版一筋？73年　37年前のアナログ時代のスキャナーオペレーターが責任を持って色補正・色修正ををいたします。色のことでお困りの際はぜひ、一報ください。
急な色確認：デジタル色校正で希望の色が出ているか確認。出たいないときは修正し、その場で確認。（1時間以",03-3894-0105,https://kpj1.com/contact-us/,S｜地域印刷・販促・Web支援,東京都印刷工業組合Connect公式会員：印刷・販促・企画・Web制作,https://connect.tokyo-printing.or.jp/corp_search/wp_detail/4077,https://kpj1.com/aboutus/,yes,ok
有限会社新日本社,https://www.sns-net.jp/,（有）新日本社 125-0035 東京都葛飾区南水元４－１０－１９ サービス: 印刷 表示順ポイント: 3,03-5699-9328,https://www.sns-net.jp/contact.html,S｜地域印刷・販促・Web支援,東京都印刷工業組合Connect公式会員：印刷・販促・企画・Web制作,https://connect.tokyo-printing.or.jp/corp_search/wp_detail/4037,https://www.sns-net.jp/,no,ok
有限会社石黒製本,https://ishiguro-s.jp/,"（有）石黒製本 132-0021 東京都江戸川区中央１－２３－１７ サービス: 製本 有限会社石黒製本は、折加工を中心とした加工会社です。
DM折り、地図折りなどの各種折加工のほか、
Uni-Voice音声コード付き印刷物の切り欠き加工＋折加工に対応しています。
音声コード位置・切り欠き位置・折り位置を確認しながら加工対応いたします。

印刷会社様",03-3654-9403,https://ishiguro-s.jp/inquiry/,S｜地域印刷・販促・Web支援,東京都印刷工業組合Connect公式会員：印刷・販促・企画・Web制作,https://connect.tokyo-printing.or.jp/corp_search/wp_detail/3926,https://ishiguro-s.jp/about/,yes,ok
有限会社遠藤印刷,https://eqp.jp/,（有）遠藤印刷 102-0072 東京都千代田区飯田橋３－２－３ サービス: プリプレス 印刷 各種印刷 デジタル印刷 製本 データ処理 表示順ポイント: 4,03-3262-2031,https://eqp.jp/seminar-materials-urgent-printing-tokyo/,S｜地域印刷・販促・Web支援,東京都印刷工業組合Connect公式会員：印刷・販促・企画・Web制作,https://connect.tokyo-printing.or.jp/corp_search/wp_detail/3637,https://eqp.jp/about/,yes,ok
有限会社鈴木商店,https://suzukisyouten103608.com/,"（有）鈴木商店 174-0065 東京都板橋区若木３－１－１２ サービス: その他 美しい地球の未来へ
資源循環収集運搬業
産業廃棄物環境管理業
ECOコンサルタント
主に
産業古紙・産業廃棄物を
1都4県から収集運搬しています。
その他パレット回収や非鉄、金属の回収をしております。 表示順ポイント: 11",03-3935-9923,https://suzukisyouten103608.com/,S｜地域印刷・販促・Web支援,東京都印刷工業組合Connect公式会員：印刷・販促・企画・Web制作,https://connect.tokyo-printing.or.jp/corp_search/wp_detail/3988,https://suzukisyouten103608.com/,yes,ok
東京ビジネス株式会社,https://www.tbp.co.jp/,"東京ビジネス（株） 130-0022 東京都墨田区江東橋５－１６－１２ サービス: プリプレス 印刷 各種印刷 デジタル印刷 製本 後加工 特殊印刷加工 その他 ノベルティ 1971年の創業からビジネスフォーム（連続帳票）を含む事務印刷物のほか、各種一般商業印刷物などを取り扱う印刷会社です。
東京ビジネスグループとして、人材派遣事業、業務請負事業、フルフィ",03-5600-4641,https://www.tbp.co.jp/inquiry/,S｜地域印刷・販促・Web支援,東京都印刷工業組合Connect公式会員：印刷・販促・企画・Web制作,https://connect.tokyo-printing.or.jp/corp_search/wp_detail/3998,https://www.tbp.co.jp/company/,yes,ok
東京平版株式会社,https://tokyoheihan.co.jp/,"東京平版（株） 162-0833 東京都新宿区箪笥町８ サービス: プリプレス 印刷 デジタル印刷 編集デザイン 写真 マルチメディア 製版とともに85年、色にお困りのときはご相談ください。
「美しい印刷物を作り続ける」を企業理念とし、製版・印刷技術の向上に努め、最良品質のサービスでお応えします。
美術品の図録、パンフレット、カタログ、カラー書籍など写真",03-3260-1226,https://tokyoheihan.co.jp/contact/,S｜地域印刷・販促・Web支援,東京都印刷工業組合Connect公式会員：印刷・販促・企画・Web制作,https://connect.tokyo-printing.or.jp/corp_search/wp_detail/856,https://tokyoheihan.co.jp/services/for-company/,yes,ok
東日本印刷株式会社,https://www.hnp.co.jp/,"東日本印刷（株） 170-0012 東京都豊島区上池袋３－２０－１８ サービス: プリプレス 印刷 デジタル印刷 製本 昭和30年藤井印刷として豊島区で創業し37年に東日本印刷として法人化しました。
大本が伝票印刷がメインの刷り屋でしたが現在は菊全判4色、菊4切、オンデマンド等なるべく守備範囲を広げて対応しています。
物理的不可能なことは除いてなんでも挑",03-5916-5100,https://www.hnp.co.jp/contact.html,S｜地域印刷・販促・Web支援,東京都印刷工業組合Connect公式会員：印刷・販促・企画・Web制作,https://connect.tokyo-printing.or.jp/corp_search/wp_detail/2183,https://www.hnp.co.jp/,no,ok
東洋社印刷株式会社,https://toyosha.jp/,東洋社印刷（株） 135-0047 東京都江東区富岡２－１０－１１－２０１ サービス: 印刷 各種印刷 デジタル印刷 編集デザイン その他 表示順ポイント: 4,03-3630-0221,https://toyosha.jp/contact/,S｜地域印刷・販促・Web支援,東京都印刷工業組合Connect公式会員：印刷・販促・企画・Web制作,https://connect.tokyo-printing.or.jp/corp_search/wp_detail/1433,https://toyosha.jp/company/,yes,ok
東洋美術印刷株式会社,https://www.toyobijutsu-prt.co.jp/,"東洋美術印刷（株） 102-0072 東京都千代田区飯田橋４－６－２ サービス: プリプレス 印刷 デジタル印刷 製本 紙製品 マーケティング企画 編集デザイン 写真 マルチメディア データ処理 その他 ノベルティ 想いをカタチに、こころをつなぐ
1935年の創業以来、東洋美術印刷は「想いをカタチに、こころをつなぐ」をモットーに、「印刷」を礎として、
お",03-3265-3075,https://www.toyobijutsu-prt.co.jp/service/mktg-large-format,S｜地域印刷・販促・Web支援,東京都印刷工業組合Connect公式会員：印刷・販促・企画・Web制作,https://connect.tokyo-printing.or.jp/corp_search/wp_detail/12,https://www.toyobijutsu-prt.co.jp/service/companynewsletter/,yes,ok
株式会社TONEGAWA,https://www.tonegawa.co.jp/,（株）TONEGAWA 113-0034 東京都文京区湯島１－７－１１ サービス: プリプレス 各種印刷 デジタル印刷 製本 後加工 特殊印刷加工 紙製品 マーケティング企画 編集デザイン 写真 マルチメディア データ処理 その他 ノベルティ グラフィックデザイン、ウェブデザイン、ノベルティアドバイザー、webディレクター、映像ディレクター、配信ディレクター,03-3811-1111,https://www.tonegawa.co.jp/contact.html,S｜地域印刷・販促・Web支援,東京都印刷工業組合Connect公式会員：印刷・販促・企画・Web制作,https://connect.tokyo-printing.or.jp/corp_search/wp_detail/938,https://www.tonegawa.co.jp/about.html,yes,ok
株式会社アーチ･イメージング,http://www.arch-img.co.jp/,"（株）アーチ･イメージング 130-0024 東京都墨田区菊川１－２－３ サービス: プリプレス その他 CTP出力 サービスは通常オフセット刷版出力に加え、東レ水無し版の出力が可能です。
刷版専業ですのであらゆる板サイズ、版厚に対応しております。
その他、大判インクジェット出力サービス、本紙校正、データ入力、イベントにおいてはARコンテンツの作成や動画",03-3631-5734,http://www.arch-img.co.jp/contact/,S｜地域印刷・販促・Web支援,東京都印刷工業組合Connect公式会員：印刷・販促・企画・Web制作,https://connect.tokyo-printing.or.jp/corp_search/wp_detail/3499,http://www.arch-img.co.jp/,yes,ok
株式会社アート・ワタナベ,https://www.artwatanabe.co.jp/,（株）アート・ワタナベ 114-0012 東京都北区田端新町３－３３－２ サービス: 印刷 後加工 表示順ポイント: 4,03-5692-6500,https://www.artwatanabe.co.jp/form.html,S｜地域印刷・販促・Web支援,東京都印刷工業組合Connect公式会員：印刷・販促・企画・Web制作,https://connect.tokyo-printing.or.jp/corp_search/wp_detail/3725,https://www.artwatanabe.co.jp/,no,ok
株式会社イワムラ紙工,http://www.iwamurashiko.co.jp/,"（株）イワムラ紙工 111-0041 東京都台東区元浅草１－１５－１４ サービス: プリプレス 印刷 各種印刷 デジタル印刷 後加工 特殊印刷加工 紙製品 イワムラ紙工は、小ロット印刷物と特殊加工に強みを持っておりアパレル関連のブランド表示ラベルを中心に、印刷物の企画、デザインから加工まで承っております。
また、お客様の寄り添った営業スタイルで、柔軟にご要",03-3842-1828,http://www.iwamurashiko.co.jp/contact.html,S｜地域印刷・販促・Web支援,東京都印刷工業組合Connect公式会員：印刷・販促・企画・Web制作,https://connect.tokyo-printing.or.jp/corp_search/wp_detail/3298,http://www.iwamurashiko.co.jp/,no,ok
株式会社エイエヌオフセット,https://www.anoffset.co.jp/,"（株）エイエヌオフセット 175-0081 東京都板橋区新河岸２－５－１０ サービス: プリプレス 印刷 各種印刷 デジタル印刷 製本 マーケティング企画 編集デザイン マルチメディア データ処理 その他 ▼概要：
(株)エイエヌオフセットは、学生援護会グループ(求人情報誌：アルバイトニュース＝an発行)の印刷事業部門として出発。
グループ内の各機能(印",052-990-6113,https://www.anoffset.co.jp/form/form_query_03.php,S｜地域印刷・販促・Web支援,東京都印刷工業組合Connect公式会員：印刷・販促・企画・Web制作,https://connect.tokyo-printing.or.jp/corp_search/wp_detail/3979,https://www.anoffset.co.jp/,no,ok
株式会社エコー,https://echoinc.net/,"（株）エコー 177-0032 東京都練馬区谷原３－２３－９ サービス: プリプレス 印刷 各種印刷 デジタル印刷 特殊印刷加工 編集デザイン 写真 ノベルティ 印刷するにはどうしたら良いか？　こんな加工はできるのか？　変わった素材に印刷できるのか？　制作からお願いしたいが打ち合わせに来て欲しい・・・など
企画から制作・製版から印刷・印刷や加工のみなど、ど",03-3904-3721,https://echoinc.net/,S｜地域印刷・販促・Web支援,東京都印刷工業組合Connect公式会員：印刷・販促・企画・Web制作,https://connect.tokyo-printing.or.jp/corp_search/wp_detail/2414,https://echoinc.net/,yes,ok
株式会社グローアップ,https://www.growup-un.com/,"（株）グローアップ 101-0051 東京都千代田区神田神保町１－１４ミツワ神保町ビル4F サービス: プリプレス 編集デザイン 写真 データ処理 その他 私たちは宮崎を拠点として、首都圏・大都市から
DTP受託　雑誌・学参・カタログ・POP・文庫・広報紙
システム開発　自動組版・WEBシステム・アプリ開発・データ抽出
電子書籍制作　FIX型・リフロー",03-6824-9141,https://www.growup-un.com/,S｜地域印刷・販促・Web支援,東京都印刷工業組合Connect公式会員：印刷・販促・企画・Web制作,https://connect.tokyo-printing.or.jp/corp_search/wp_detail/4094,https://www.growup-un.com/,no,ok
株式会社ケイジェンド・プロダクツ,https://www.insatu.co.jp/,（株）ケイジェンド・プロダクツ 160-0023 東京都新宿区西新宿７－２２－３９興亜第２ビル１Ｆ サービス: デジタル印刷 その他 表示順ポイント: 2,03-3361-7968,https://www.insatu.co.jp/case-study/document-and-samples-delivery/send-materials-daily-to-those-who-request-information-from-the-website/,S｜地域印刷・販促・Web支援,東京都印刷工業組合Connect公式会員：印刷・販促・企画・Web制作,https://connect.tokyo-printing.or.jp/corp_search/wp_detail/3596,https://www.insatu.co.jp/case-study/invoice-delivery/sending-invoices-on-behalf-of-a-company-that-provides-business-matching-services/,yes,ok
株式会社ケープリント,https://www.kpr.co.jp/,（株）ケープリント 136-0074 東京都江東区東砂８－５－１ サービス: プリプレス 印刷 デジタル印刷 製本 後加工 特殊印刷加工 紙製品 その他 ノベルティ 表示順ポイント: 4,03-5683-3301,,S｜地域印刷・販促・Web支援,東京都印刷工業組合Connect公式会員：印刷・販促・企画・Web制作,https://connect.tokyo-printing.or.jp/corp_search/wp_detail/4122,https://www.kpr.co.jp/,yes,ok
株式会社ショウビ,https://www.shobi.co.jp/,（株）ショウビ 115-0055 東京都北区赤羽西６－２１－５ サービス: 印刷 デジタル印刷 製本 マーケティング企画 編集デザイン マルチメディア データ処理 その他 表示順ポイント: 5,03-3900-8128,https://www.shobi.co.jp/contact/,S｜地域印刷・販促・Web支援,東京都印刷工業組合Connect公式会員：印刷・販促・企画・Web制作,https://connect.tokyo-printing.or.jp/corp_search/wp_detail/2441,https://www.shobi.co.jp/about-us/,yes,ok
株式会社ジェイエンタープライズ,https://www.jay.co.jp/,"（株）ジェイエンタープライズ 158-0091 東京都世田谷区中町２－３９－１ サービス: 中古印刷機や産業機械の高価買取・輸出専門総合商社
株式会社ジェイエンタープライズは中古機械の買取・販売・据付・重量運搬・輸出に関する全ての業務を行っている総合商社です。

機械ディーラーとしては日本で最大の倉庫を所有しており、長年の実績と経験で日本国内に
おけ",03-5706-5100,https://www.jay.co.jp/contact-us,S｜地域印刷・販促・Web支援,東京都印刷工業組合Connect公式会員：印刷・販促・企画・Web制作,https://connect.tokyo-printing.or.jp/corp_search/wp_detail/4005,https://www.jay.co.jp/,no,ok
株式会社セブンクリエイト,https://www.sevencreate.co.jp/,（株）セブンクリエイト 143-0016 東京都大田区大森北６－２－５セブンビル サービス: 表示順ポイント: 3,03-5753-5501,https://www.sevencreate.co.jp/contact,S｜地域印刷・販促・Web支援,東京都印刷工業組合Connect公式会員：印刷・販促・企画・Web制作,https://connect.tokyo-printing.or.jp/corp_search/wp_detail/3819,https://www.sevencreate.co.jp/about,yes,ok
株式会社セントラルプロフィックス,https://www.central-p.co.jp/,（株）セントラルプロフィックス 104-0043 東京都中央区湊３－１－１３ サービス: プリプレス 印刷 各種印刷 デジタル印刷 製本 後加工 特殊印刷加工 紙製品 編集デザイン 写真 マルチメディア ノベルティ 株式会社セントラルプロフィックスは東京都中央区の総合印刷会社です。画像処理・DTP・本機校正・オフセット印刷・デジタル印刷・特殊加工・3Dトリッ,03-3555-0671,https://www.central-p.co.jp/お問い合わせ/,S｜地域印刷・販促・Web支援,東京都印刷工業組合Connect公式会員：印刷・販促・企画・Web制作,https://connect.tokyo-printing.or.jp/corp_search/wp_detail/3540,https://www.central-p.co.jp/%E4%BC%81%E6%A5%AD%E6%83%85%E5%A0%B1/,yes,ok
株式会社ソウブン・ドットコム,https://www.soubun.com/,（株）ソウブン・ドットコム 116-0011 東京都荒川区西尾久７－１２－１６ サービス: プリプレス 印刷 デジタル印刷 製本 後加工 編集デザイン マルチメディア データ処理 その他 私たちソウブン・ドットコムは、終戦後「日本が再び立ち上がるには、人と知力で復興するしかない。その為には、教育であり学問が大事である。」という創業者の想いから始まり、研究団体,03-3893-0111,https://www.soubun.com/soubun_contact_l/,S｜地域印刷・販促・Web支援,東京都印刷工業組合Connect公式会員：印刷・販促・企画・Web制作,https://connect.tokyo-printing.or.jp/corp_search/wp_detail/2584,https://www.soubun.com/company/,yes,ok
株式会社ソウマ,https://www.souma.co.jp/,"（株）ソウマ 130-0026 東京都墨田区両国２－１－１１ サービス: プリプレス 印刷 各種印刷 デジタル印刷 製本 後加工 特殊印刷加工 紙製品 編集デザイン 写真 マルチメディア データ処理 その他 ノベルティ 【事業内容】
・印刷物表面加工
・一般貨物自動車運送業務
・梱包・発送業務
・DM・内職・セットアップなどの場内作業
・製品保管管",03-5638-3839,https://www.souma.co.jp/contact/,S｜地域印刷・販促・Web支援,東京都印刷工業組合Connect公式会員：印刷・販促・企画・Web制作,https://connect.tokyo-printing.or.jp/corp_search/wp_detail/3271,https://www.souma.co.jp/company/,yes,ok
株式会社ディグ,https://www.dig-inc.co.jp/,（株）ディグ 108-0071 東京都港区白金台４－５－７ サービス: プリプレス 印刷 デジタル印刷 特殊印刷加工 紙製品 写真 マルチメディア データ処理 その他 ディグは「薄紙印刷」や「学術組版」を得意とします。 書籍印刷はもちろん電子書籍やデジタルコンテンツ制作にも注力し、商業印刷、オンデマンド印刷、発送代行、バリアブルバーコード印刷（QRコードや日,03-3551-3060,https://www.dig-inc.co.jp/contact/,S｜地域印刷・販促・Web支援,東京都印刷工業組合Connect公式会員：印刷・販促・企画・Web制作,https://connect.tokyo-printing.or.jp/corp_search/wp_detail/385,https://www.dig-inc.co.jp/,yes,ok
株式会社ディープラン,https://www.dplan-print.com/,（株）ディープラン 208-0011 東京都武蔵村山市学園１－１００－４ サービス: プリプレス 印刷 各種印刷 デジタル印刷 製本 後加工 特殊印刷加工 紙製品 マーケティング企画 編集デザイン 写真 マルチメディア その他 表示順ポイント: 5,042-843-5601,https://www.dplan-print.com/information.html,S｜地域印刷・販促・Web支援,東京都印刷工業組合Connect公式会員：印刷・販促・企画・Web制作,https://connect.tokyo-printing.or.jp/corp_search/wp_detail/3639,https://www.dplan-print.com/,no,ok
株式会社ナカニワ印刷,http://p-nakaniwa.co.jp/,"（株）ナカニワ印刷 135-0032 東京都江東区福住１－１２－１１ サービス: プリプレス 印刷 デジタル印刷 製本 後加工 オフセット印刷による商業印刷を中心に走り続け、2025年で創業70周年を迎えます。
2024年5月からオンラインストア「PRESSMAN’S」を開店しました！
Instagramも運用中です。QRコードから併せてご覧ください。",03-3641-9950,http://p-nakaniwa.co.jp/page/information,S｜地域印刷・販促・Web支援,東京都印刷工業組合Connect公式会員：印刷・販促・企画・Web制作,https://connect.tokyo-printing.or.jp/corp_search/wp_detail/216,http://p-nakaniwa.co.jp/,no,ok
株式会社ニットク,https://2109.jp/,"（株）ニットク 123-0855 東京都足立区本木南町３－９ サービス: 印刷 デジタル印刷 後加工 特殊印刷加工 UV枚葉オフセット印刷
0.15-0.75厚　PP、PET、ポリカ、透明裏刷りカラー＋白押さえ、蒸着紙白+カラー、軟ビetc　後加工とのディレクション応相談

箔押
アフタープリント箔押　スーパークリスタルカレンダー
年賀はがきベース",03-3886-2470,https://2109.jp/contact/,S｜地域印刷・販促・Web支援,東京都印刷工業組合Connect公式会員：印刷・販促・企画・Web制作,https://connect.tokyo-printing.or.jp/corp_search/wp_detail/3945,https://2109.jp/company/,yes,ok
株式会社ブルーホップ,https://bluehop.co.jp/,"（株）ブルーホップ 131-0045 東京都墨田区押上３－２５－１７ サービス: デジタル印刷 製本 後加工 マーケティング企画 編集デザイン ノベルティ ” 想いをカタチに刷る会社 ” スカイツリーのすぐそば墨田区押上の印刷会社・株式会社ブルーホップです。
企画・デザインから印刷・製本、内職作業までサポート！どうぞお気軽にご相談ください！ 表示順ポイント",03-5630-2401,https://bluehop.co.jp/secure/contact.html,S｜地域印刷・販促・Web支援,東京都印刷工業組合Connect公式会員：印刷・販促・企画・Web制作,https://connect.tokyo-printing.or.jp/corp_search/wp_detail/4087,https://bluehop.co.jp/,no,ok
株式会社ポスター印刷,https://www.poster-prt.com/,"（株）ポスター印刷 174-0041 東京都板橋区舟渡３－８－３ サービス: プリプレス 印刷 後加工 当社は、約半世紀にわたりオフセット印刷業を営んできた、実績と信頼のある印刷会社です。
A0サイズの大判印刷から小型サイズまで、幅広いニーズに対応できる設備力と技術力を備え、刷版から印刷、加工、納品までを一貫体制で対応しています。

国内でも希少な「7",03-3966-8273,https://www.poster-prt.com/information/,S｜地域印刷・販促・Web支援,東京都印刷工業組合Connect公式会員：印刷・販促・企画・Web制作,https://connect.tokyo-printing.or.jp/corp_search/wp_detail/4073,https://www.poster-prt.com/information/,yes,ok
株式会社マイハラ,http://www.maihara.co.jp/,（株）マイハラ 135-0016 東京都江東区東陽５－１９－１２ サービス: プリプレス 印刷 デジタル印刷 編集デザイン 表示順ポイント: 3,03-5632-2381,http://www.maihara.co.jp/contact.html,S｜地域印刷・販促・Web支援,東京都印刷工業組合Connect公式会員：印刷・販促・企画・Web制作,https://connect.tokyo-printing.or.jp/corp_search/wp_detail/453,http://www.maihara.co.jp/,no,ok
株式会社ミツイケ,https://www.mitsuike.jp/,（株）ミツイケ 160-0022 東京都新宿区新宿２－７－３ヴェラハイツ新宿御苑805 サービス: 表示順ポイント: 1,03-3350-6271,https://www.mitsuike.jp/contact.html,S｜地域印刷・販促・Web支援,東京都印刷工業組合Connect公式会員：印刷・販促・企画・Web制作,https://connect.tokyo-printing.or.jp/corp_search/wp_detail/4048,https://www.mitsuike.jp/,no,ok
株式会社ミニカラー,https://www.minicolor.co.jp/,"（株）ミニカラー 101-0025 東京都千代田区神田佐久間町３－２３スタウトビル5F サービス: プリプレス 印刷 各種印刷 デジタル印刷 製本 後加工 特殊印刷加工 紙製品 編集デザイン 写真 その他 ノベルティ [　代　表　挨　拶　]

私たちミニカラーは、「早く　安く　美しく」をモットーに、小ロットカラー印刷の需要に重点を置き、40年以上、営業を",03-3862-0626,https://www.minicolor.co.jp/contact/,S｜地域印刷・販促・Web支援,東京都印刷工業組合Connect公式会員：印刷・販促・企画・Web制作,https://connect.tokyo-printing.or.jp/corp_search/wp_detail/2553,https://www.minicolor.co.jp/profile/,yes,ok
株式会社ワイエムジーワン,https://www.yamaga-net.co.jp/,"（株）ワイエムジーワン 130-0003 東京都墨田区横川１－１－１０すみだパークプレイスⅡ サービス: 私たちYMG1はカーラッピングビジネスを日本に広める使命（ミッション）を持ち
１，ものを売るのではなく、使う人の喜びを売る。
２，お客さまの感動、共感、感謝を得る
３．お客様の期待以上の価値を提供する
そして、一層の成長　そして新しい感動の創造を",03-3635-1266,https://www.yamaga-net.co.jp/company2/inquiry-2,S｜地域印刷・販促・Web支援,東京都印刷工業組合Connect公式会員：印刷・販促・企画・Web制作,https://connect.tokyo-printing.or.jp/corp_search/wp_detail/3517,https://www.yamaga-net.co.jp/company2/inquiry-2,yes,ok
株式会社ワイズ,https://www.wisejp.net/,"（株）ワイズ 133-0056 東京都江戸川区南小岩３－７－６あらきビル1F サービス: プリプレス 印刷 マルチメディア データ処理 ・出版用スリップ（売り上げカード）専用工場にて、作業をしています。急な対応にもお答えできます。
・コンテンツ・データを作る会社です。大量のデータをお持ちで、苦労されている方、人手を使わず、自動に処理をお考えの方等お声がけく",03-6458-8121,,S｜地域印刷・販促・Web支援,東京都印刷工業組合Connect公式会員：印刷・販促・企画・Web制作,https://connect.tokyo-printing.or.jp/corp_search/wp_detail/2742,https://www.wisejp.net/,no,ok
株式会社丸庄,https://www.msmarusho.co.jp/,（株）丸庄 120-0034 東京都足立区千住４－１６－１２ サービス: 表示順ポイント: 8,03-3881-2131,https://www.msmarusho.co.jp/contact/,S｜地域印刷・販促・Web支援,東京都印刷工業組合Connect公式会員：印刷・販促・企画・Web制作,https://connect.tokyo-printing.or.jp/corp_search/wp_detail/2625,https://www.msmarusho.co.jp/,no,ok
株式会社久栄社,https://www.kyueisha.com/,"（株）久栄社 104-0033 東京都中央区新川１－２８－４４ サービス: プリプレス 印刷 各種印刷 デジタル印刷 製本 後加工 特殊印刷加工 紙製品 マーケティング企画 編集デザイン 写真 マルチメディア その他 ノベルティ 株式会社久栄社は、1930年創業の商業印刷を主業とする総合印刷サービスの会社です。
環境対応印刷を軸にして、お客様企業のECO・",03-3552-7571,https://www.kyueisha.com/お問い合わせ/,S｜地域印刷・販促・Web支援,東京都印刷工業組合Connect公式会員：印刷・販促・企画・Web制作,https://connect.tokyo-printing.or.jp/corp_search/wp_detail/486,https://www.kyueisha.com/%E4%BC%81%E6%A5%AD%E6%83%85%E5%A0%B1/,yes,ok
株式会社五色,https://www.goshikiprint.com/wp/,"（株）五色 110-0016 東京都台東区台東２－９－１ミトベビル1F サービス: 印刷 各種印刷 デジタル印刷 製本 深いオンラインビジネスへの知見
10 年以上インターネットを通じて印刷業を行なってきた結果、
顧客数も2万社を超えました。
10 年以上顧客を確保するために様々なトライアンドエラーで
システムの開発やデジタルマーケティングを行い、",03-5817-8340,https://www.goshikiprint.com/wp/contacts/,S｜地域印刷・販促・Web支援,東京都印刷工業組合Connect公式会員：印刷・販促・企画・Web制作,https://connect.tokyo-printing.or.jp/corp_search/wp_detail/3646,https://www.goshikiprint.com/wp/corporate/,yes,ok
株式会社光邦,https://www.kohocome.co.jp/,"（株）光邦 102-0072 東京都千代田区飯田橋３－１１－１８ サービス: プリプレス 印刷 各種印刷 製本 後加工 特殊印刷加工 紙製品 マーケティング企画 編集デザイン 写真 マルチメディア その他 ノベルティ 設立70年の弊社は、書籍・雑誌、企業様のカタログ、広報誌等の企画・組版作業から印刷・加工までを手掛けてきた総合印刷会社です。
長い歴史を経て",03-3265-0611,https://www.kohocome.co.jp/contact/,S｜地域印刷・販促・Web支援,東京都印刷工業組合Connect公式会員：印刷・販促・企画・Web制作,https://connect.tokyo-printing.or.jp/corp_search/wp_detail/26,https://www.kohocome.co.jp/company/,yes,ok
株式会社博伸社,https://hakushinsha.co.jp/,"（株）博伸社 135-0052 東京都江東区潮見１－２２－７ サービス: プリプレス 印刷 各種印刷 デジタル印刷 製本 後加工 特殊印刷加工 紙製品 データ処理 その他 当社は創業７０年以上の印刷会社です。
1948年に押切断裁という機械1台と手作業による製本業として東京中央区で開業しました。
その後、印刷部門・印字部門を立ち上げ、今では印刷～製本まで",03-3699-5531,https://hakushinsha.co.jp/contact.html,S｜地域印刷・販促・Web支援,東京都印刷工業組合Connect公式会員：印刷・販促・企画・Web制作,https://connect.tokyo-printing.or.jp/corp_search/wp_detail/4072,https://hakushinsha.co.jp/about.html,yes,ok
株式会社大東機材,https://www.daitoukizai.com/,"（株）大東機材 177-0032 東京都練馬区谷原６－２１－１２ サービス: その他 弊社は、印刷や製本、加工に関連する機材を取り扱う商社です。
主な業務は以下の通りです。

〇製版機器・印刷機械・製本機械 及び 各種加工機械の販売
業界の様々なメーカーの機械の代理店としてご販売致します。

〇資材の販売　製版・印刷・製本・各種資材の販売

",03-3978-2756,https://www.daitoukizai.com/contact,S｜地域印刷・販促・Web支援,東京都印刷工業組合Connect公式会員：印刷・販促・企画・Web制作,https://connect.tokyo-printing.or.jp/corp_search/wp_detail/3428,https://www.daitoukizai.com/about-us/,yes,ok
株式会社大西印刷社,https://p-onishi.com/,"（株）大西印刷社 146-0094 東京都大田区東矢口２－６－２２ サービス: プリプレス 印刷 各種印刷 デジタル印刷 製本 後加工 特殊印刷加工 紙製品 編集デザイン その他 ノベルティ 【大西印刷社の仕事】
○ 商品や加工に適した紙（色・厚さ・風合い）をご提案！
○ 経済ロットを試算、ご満足いただけるスペックでご提案！
---

【企画・制作",03-3759-6431,https://p-onishi.com/blog/,S｜地域印刷・販促・Web支援,東京都印刷工業組合Connect公式会員：印刷・販促・企画・Web制作,https://connect.tokyo-printing.or.jp/corp_search/wp_detail/1739,https://p-onishi.com/corp/,yes,ok
株式会社太平社,https://ssl.taiheisha.co.jp/,（株）太平社 130-0026 東京都墨田区両国２－４－８ サービス: プリプレス 印刷 デジタル印刷 製本 編集デザイン 写真 マルチメディア データ処理 その他 ノベルティ 表示順ポイント: 6,03-3631-7444,https://ssl.taiheisha.co.jp/contact/index.html,S｜地域印刷・販促・Web支援,東京都印刷工業組合Connect公式会員：印刷・販促・企画・Web制作,https://connect.tokyo-printing.or.jp/corp_search/wp_detail/1294,https://ssl.taiheisha.co.jp/,no,ok
株式会社太陽堂封筒,https://www.taiyodoenvelopes.co.jp/,（株）太陽堂封筒 162-0042 東京都新宿区早稲田町７９ サービス: 表示順ポイント: 2,03-3202-9018,https://www.taiyodoenvelopes.co.jp/blank-7,S｜地域印刷・販促・Web支援,東京都印刷工業組合Connect公式会員：印刷・販促・企画・Web制作,https://connect.tokyo-printing.or.jp/corp_search/wp_detail/3774,https://www.taiyodoenvelopes.co.jp/,yes,ok
株式会社安心堂,https://anshindo.ink/,"（株）安心堂 123-0872 東京都足立区江北３－２１－６ サービス: 各種印刷 特殊印刷加工 安心堂はパッド印刷とシルクスクリーン印刷を基本とし、「印刷のできないものはほとんどありません」 をキャッチフレーズに形のあるものに印刷をするのを得意としております。 
デジタル化が進む中で、弊社で行っているのはアナログの技術です。
製版から印刷まで内製化して",03-3896-6181,https://anshindo.ink/archives/faq_category/%e8%a6%8b%e7%a9%8d%e3%82%82%e3%82%8a%e3%81%ab%e3%81%a4%e3%81%84%e3%81%a6/,S｜地域印刷・販促・Web支援,東京都印刷工業組合Connect公式会員：印刷・販促・企画・Web制作,https://connect.tokyo-printing.or.jp/corp_search/wp_detail/3969,https://anshindo.ink/about/,yes,ok
株式会社山櫻,https://www.yamazakura.co.jp/,"（株）山櫻 104-0041 東京都中央区新富２－４－７ サービス: 印刷 各種印刷 デジタル印刷 後加工 特殊印刷加工 紙製品 ノベルティ ＜封筒からDM発送、手提袋、フルフィルメントまで　企業のコミュニケーションと物流をトータルで支える山櫻＞

山櫻は、創業以来培ってきた紙製品づくりの技術と品質へのこだわりを活かし、
企業活動に欠かせないコミュニケ",03-5543-6311,https://www.yamazakura.co.jp/contact_info,S｜地域印刷・販促・Web支援,東京都印刷工業組合Connect公式会員：印刷・販促・企画・Web制作,https://connect.tokyo-printing.or.jp/corp_search/wp_detail/4043,https://www.yamazakura.co.jp/about,yes,ok
株式会社岡田印刷,https://okadainsatsu.com/,"（株）岡田印刷 114-0032 東京都北区中十条２－８－９ サービス: プリプレス 印刷 デジタル印刷 製本 後加工 編集デザイン 写真 マルチメディア ノベルティ ▼概要：
企業向け印刷物の制作／ローアングルカレンダーなど特徴あるスーベニア商品の制作／小ロット自費出版などを得意としています。
▼企画・デザイン・制作：
ユニバーサルデザイナーや自費出",03-3908-4157,https://okadainsatsu.com/contact/,S｜地域印刷・販促・Web支援,東京都印刷工業組合Connect公式会員：印刷・販促・企画・Web制作,https://connect.tokyo-printing.or.jp/corp_search/wp_detail/2463,https://okadainsatsu.com/company/,yes,ok
株式会社新星コーポレィション,https://www.sinsei-corp.co.jp/,"（株）新星コーポレィション 177-0033 東京都練馬区高野台２－１６－１７ サービス: プリプレス 各種印刷 デジタル印刷 紙製品 マーケティング企画 弊社は、印刷およびサイン＆ディスプレイ業界向けに幅広い資機材・サービスの提供をしております。お陰様でステークホルダーの皆様に支えられ53年目を迎える事が出来ました。
最近の印刷業界を取り巻く環境はデジタ",03-5372-1321,https://www.sinsei-corp.co.jp/contact/,S｜地域印刷・販促・Web支援,東京都印刷工業組合Connect公式会員：印刷・販促・企画・Web制作,https://connect.tokyo-printing.or.jp/corp_search/wp_detail/2375,https://www.sinsei-corp.co.jp/company/,yes,ok
株式会社新興グランド社,https://www.shinko-grandsha.jp/,"（株）新興グランド社 332-0003 埼玉県川口市東領家５－３－３ サービス: 各種印刷 デジタル印刷 一年前には不可能だったことが現在は自信を持って製品に表現できる・・・
スクリーン印刷のイノベーションも日進月歩で進んでいます。
私たちの半世紀以上に及ぶスクリーン印刷に関する製品造りの歴史は、
常に時代を先駆ける新しい製品、技術への挑戦の歴史です。",048-227-3318,https://www.shinko-grandsha.jp/contact-form/,S｜地域印刷・販促・Web支援,東京都印刷工業組合Connect公式会員：印刷・販促・企画・Web制作,https://connect.tokyo-printing.or.jp/corp_search/wp_detail/3924,https://www.shinko-grandsha.jp/company_r/,yes,ok
株式会社昇文堂,https://www.shobundo.org/,"（株）昇文堂 101-0025 東京都千代田区神田佐久間町４－６ サービス: 特殊印刷加工 紙製品 オリジナルトランプをはじめ、
オリジナルかるた、オラクルカード、タロットカード、パズル、カードゲームなどの
OEM製造なら株式会社昇文堂にお任せください！
創業120年以上の信頼と多くの実績で最高品質のカードゲームを製作いたします！ 表示順ポイント: 9",03-3862-0045,https://www.shobundo.org/contact/mitsumori_others/,S｜地域印刷・販促・Web支援,東京都印刷工業組合Connect公式会員：印刷・販促・企画・Web制作,https://connect.tokyo-printing.or.jp/corp_search/wp_detail/158,https://www.shobundo.org/about/,yes,ok
株式会社木元省美堂,https://kimoto-sbd.co.jp/,"（株）木元省美堂 112-0011 東京都文京区千石２－４４－５ サービス: プリプレス 印刷 各種印刷 デジタル印刷 製本 後加工 特殊印刷加工 紙製品 マーケティング企画 編集デザイン 写真 マルチメディア ノベルティ 私たち木元省美堂は、印刷物やWebサイトなど「情報に関するものづくり」を中心に事業を展開しています。
2025年2月で創立70周年。こ",03-3946-3541,https://kimoto-sbd.co.jp/contact/,S｜地域印刷・販促・Web支援,東京都印刷工業組合Connect公式会員：印刷・販促・企画・Web制作,https://connect.tokyo-printing.or.jp/corp_search/wp_detail/1069,https://kimoto-sbd.co.jp/company/,yes,ok
株式会社東京オフ印刷,https://www.tokyo-off.co.jp/,"（株）東京オフ印刷 131-0034 東京都墨田区堤通１－１０－２１ サービス: プリプレス 印刷 後加工 特殊印刷加工 紙製品 編集デザイン マルチメディア デザインからアッセンブリまで一気通貫生産体制でお客様をサポートします。
特殊紙・厚紙の印刷加工が得意で付加価値商品の製造ノウハウが当社の強みになります。
最新の生産機を導入して食品・医薬品・化粧品",03-6657-5903,https://www.tokyo-off.co.jp/contact/,S｜地域印刷・販促・Web支援,東京都印刷工業組合Connect公式会員：印刷・販促・企画・Web制作,https://connect.tokyo-printing.or.jp/corp_search/wp_detail/3957,https://www.tokyo-off.co.jp/company/,yes,ok
株式会社東京巧版社,https://tokyo-kouhansha.co.jp/,"（株）東京巧版社 120-0026 東京都足立区千住旭町２－８ サービス: プリプレス 印刷 デジタル印刷 製本 後加工 特殊印刷加工 紙製品 編集デザイン ノベルティ 「印刷で街がつながる」をスローガンに、地域に根差した相談できるアットホームな印刷会社を目指しています。
名刺やショップカード、チラシ等の紙の印刷はもちろん、Ｔシャツやエプロン、ポロシャツや",03-3881-4173,https://tokyo-kouhansha.co.jp/contact/,S｜地域印刷・販促・Web支援,東京都印刷工業組合Connect公式会員：印刷・販促・企画・Web制作,https://connect.tokyo-printing.or.jp/corp_search/wp_detail/3923,https://tokyo-kouhansha.co.jp/about/,yes,ok
株式会社東美,https://catalog.toubi.co.jp/,"（株）東美 162-0041 東京都新宿区早稲田鶴巻町５４０キリン1ST ビル2F サービス: プリプレス 印刷 デジタル印刷 製本 後加工 紙製品 マーケティング企画 編集デザイン 写真 マルチメディア データ処理 その他 ノベルティ 【サービス】
・カタプラ（カタログ制作）
商品の魅力を引き立て、心を動かすデザインにより、ユーザーの購買意欲
を高め",03-3208-9091,https://catalog.toubi.co.jp/contactus/,S｜地域印刷・販促・Web支援,東京都印刷工業組合Connect公式会員：印刷・販促・企画・Web制作,https://connect.tokyo-printing.or.jp/corp_search/wp_detail/3395,https://catalog.toubi.co.jp/profile/,yes,ok
株式会社武揚堂,https://www.buyodo.co.jp/,（株）武揚堂 152-0003 東京都目黒区碑文谷１－３－２５ サービス: プリプレス 印刷 デジタル印刷 製本 編集デザイン マルチメディア データ処理 その他 地理空間情報コンテンツの企画・制作や地理空間情報の調査から編集まで行っています。地図印刷を主体としているため46全判の大判印刷が得意で多色刷りや油性印刷での特殊原反も行っています。折加工もA0の用,03-3714-7431,https://www.buyodo.co.jp/inquiry/,S｜地域印刷・販促・Web支援,東京都印刷工業組合Connect公式会員：印刷・販促・企画・Web制作,https://connect.tokyo-printing.or.jp/corp_search/wp_detail/3695,https://www.buyodo.co.jp/corporation/top_message/,yes,ok
株式会社泰清紙器製作所,https://taiseishiki.co.jp/,"（株）泰清紙器製作所 335-0033 埼玉県戸田市笹目北町１４-６ サービス: 印刷 各種印刷 デジタル印刷 後加工 特殊印刷加工 紙製品 その他 ノベルティ 私たち株式会社泰清紙器製作所は、本社は練馬区、埼玉県戸田市に業務を移転、老舗の紙器製作会社です。1965年の創業以来、和洋菓子やブランドの革小物用など高級感を求められる貼箱を中心に製作しています。",048-487-8276,https://taiseishiki.co.jp/it_archives.html,S｜地域印刷・販促・Web支援,東京都印刷工業組合Connect公式会員：印刷・販促・企画・Web制作,https://connect.tokyo-printing.or.jp/corp_search/wp_detail/3470,https://taiseishiki.co.jp/,no,ok
株式会社理想社,https://www.risosha-dsp.jp/,（株）理想社 162-0834 東京都新宿区北町４１ サービス: プリプレス 印刷 各種印刷 デジタル印刷 製本 編集デザイン 表示順ポイント: 3,03-3260-6177,https://www.risosha-dsp.jp/お問い合わせ,S｜地域印刷・販促・Web支援,東京都印刷工業組合Connect公式会員：印刷・販促・企画・Web制作,https://connect.tokyo-printing.or.jp/corp_search/wp_detail/793,https://www.risosha-dsp.jp/%E4%BC%81%E6%A5%AD%E6%83%85%E5%A0%B1,yes,ok
株式会社田中紙工,https://www.tanakashikou.co.jp/,"（株）田中紙工 335-0035 埼玉県戸田市笹目南町２７－４ サービス: 印刷 デジタル印刷 製本 後加工 紙製品 株式会社田中紙工は、高度な技術が要求されるトレーディングカードやトランプ、カルタなどの断裁や加工を得意とする会社です。
昭和37年の創業以来、熟練した技術や紙加工のノウハウの蓄積をもってお客様ならびに出版印刷産業界に寄与してまいりました。",048-483-4852,https://www.tanakashikou.co.jp/publics/index/3/,S｜地域印刷・販促・Web支援,東京都印刷工業組合Connect公式会員：印刷・販促・企画・Web制作,https://connect.tokyo-printing.or.jp/corp_search/wp_detail/3834,https://www.tanakashikou.co.jp/publics/index/2/,yes,ok
株式会社白橋,https://www.shirahashi.co.jp/,（株）白橋 104-0032 東京都中央区八丁堀４－４－１ サービス: プリプレス 印刷 デジタル印刷 製本 特殊印刷加工 写真 マルチメディア その他 名刺の印刷・デザイン、カタログ ・パンフレット ・マニュアル等の企画制作、コンピューター用・事務用帳票の印刷制作、ディスプレイ・ノベルティーの企画制作、デジタルツールの企画制作、アプリケーションソフトの入出,03-3551-1181,https://www.shirahashi.co.jp/form.php,S｜地域印刷・販促・Web支援,東京都印刷工業組合Connect公式会員：印刷・販促・企画・Web制作,https://connect.tokyo-printing.or.jp/corp_search/wp_detail/434,https://www.shirahashi.co.jp/,no,ok
株式会社盛栄堂,https://seieido.com/,（株）盛栄堂 130-0024 東京都墨田区菊川2-4-12 サービス: 印刷 各種印刷 デジタル印刷 製本 後加工 特殊印刷加工 紙製品 編集デザイン ノベルティ 表示順ポイント: 3,03-6456-1439,https://seieido.com/contact/,S｜地域印刷・販促・Web支援,東京都印刷工業組合Connect公式会員：印刷・販促・企画・Web制作,https://connect.tokyo-printing.or.jp/corp_search/wp_detail/1347,https://seieido.com/,yes,ok
株式会社相馬メディア事業部,https://www.souma-paper.co.jp/,"（株）相馬メディア事業部 135-0004 東京都江東区森下１－３－１２ サービス: プリプレス 印刷 各種印刷 デジタル印刷 製本 後加工 特殊印刷加工 紙製品 マーケティング企画 編集デザイン 写真 マルチメディア データ処理 その他 ノベルティ ◎ビジョン
「紙のコンビニ」を「原紙から製品まで」
誠 実 × 迅 速 × 便 利

◎ペーパー事業",03-5600-1491,https://www.souma-paper.co.jp/contact/,S｜地域印刷・販促・Web支援,東京都印刷工業組合Connect公式会員：印刷・販促・企画・Web制作,https://connect.tokyo-printing.or.jp/corp_search/wp_detail/3782,https://www.souma-paper.co.jp/,no,ok
株式会社精興社,https://www.seikosha-p.co.jp/,"（株）精興社 101-0054 東京都千代田区神田錦町３－９ サービス: プリプレス 印刷 各種印刷 デジタル印刷 製本 後加工 特殊印刷加工 紙製品 写真 その他 ノベルティ 『信頼を刷る会社。』
活版印刷の会社として創業以来、確かな信頼を重ね、現在では、総合印刷の会社として幅広いニーズにお応えしています。 表示順ポイント: 9",03-3293-3011,https://www.seikosha-p.co.jp/contact/,S｜地域印刷・販促・Web支援,東京都印刷工業組合Connect公式会員：印刷・販促・企画・Web制作,https://connect.tokyo-printing.or.jp/corp_search/wp_detail/99,https://www.seikosha-p.co.jp/,yes,ok
株式会社藤田紙器加工所,http://fujita-pack.com/,"（株）藤田紙器加工所 111-0041 東京都台東区元浅草１－１１－５ サービス: 印刷 後加工 特殊印刷加工 紙製品 ノベルティ 昭和39年創業。株式会社藤田紙器加工所は特殊パッケージを専門に事業を行ってきました。

蓄積したノウハウと技術、最新の設備と品質管理体制にて、満足のゆく紙器製品をご提供できることが弊社の強みになります。
パッケージ各種、特",03-3841-8834,http://fujita-pack.com/?cat=10,S｜地域印刷・販促・Web支援,東京都印刷工業組合Connect公式会員：印刷・販促・企画・Web制作,https://connect.tokyo-printing.or.jp/corp_search/wp_detail/4007,http://fujita-pack.com/,yes,ok
株式会社長栄印刷,https://www.choei-p.co.jp/,（株）長栄印刷 171-0033 東京都豊島区高田３－１６－９ サービス: プリプレス 印刷 デジタル印刷 紙製品 編集デザイン データ処理 その他 ノベルティ 軽オフ印刷・オンデマンド印刷、組版、データ編集作業等お気軽にご相談ください。 表示順ポイント: 6,03-3980-2551,https://www.choei-p.co.jp/contact.html,S｜地域印刷・販促・Web支援,東京都印刷工業組合Connect公式会員：印刷・販促・企画・Web制作,https://connect.tokyo-printing.or.jp/corp_search/wp_detail/3323,https://www.choei-p.co.jp/,no,ok
株式会社ＳＡＮＹＯ-ＣＹＰ,https://www.sanyo-cyp.com/,（株）ＳＡＮＹＯ-ＣＹＰ 135-0006 東京都江東区常盤２－１－１１ サービス: プリプレス 紙製品 編集デザイン 写真 データ処理 製版・色校正業を生業に、商品撮影や人物撮影など撮影スタジオも完備、いろいろ模索しながら幅広く手掛けております。 表示順ポイント: 8,03-5625-4532,https://www.sanyo-cyp.com/contact,S｜地域印刷・販促・Web支援,東京都印刷工業組合Connect公式会員：印刷・販促・企画・Web制作,https://connect.tokyo-printing.or.jp/corp_search/wp_detail/3508,https://www.sanyo-cyp.com/,no,ok
欧文印刷株式会社,https://obun.jp/,欧文印刷（株） 113-8484 東京都文京区本郷１－１１－６東接本郷ビル サービス: プリプレス 印刷 デジタル印刷 製本 特殊印刷加工 編集デザイン マルチメディア その他 表示順ポイント: 3,03-3817-5910,https://obun.jp/contact,S｜地域印刷・販促・Web支援,東京都印刷工業組合Connect公式会員：印刷・販促・企画・Web制作,https://connect.tokyo-printing.or.jp/corp_search/wp_detail/928,https://obun.jp/company/profile/,yes,ok
池田印刷株式会社,https://ikeda-print.co.jp/,池田印刷（株） 141-0031 東京都品川区西五反田６－５－３４ サービス: プリプレス 印刷 デジタル印刷 製本 編集デザイン マルチメディア ノベルティ 表示順ポイント: 3,03-3493-2141,https://ikeda-print.co.jp/contact/,S｜地域印刷・販促・Web支援,東京都印刷工業組合Connect公式会員：印刷・販促・企画・Web制作,https://connect.tokyo-printing.or.jp/corp_search/wp_detail/1671,https://ikeda-print.co.jp/company/,yes,ok
石牧印刷株式会社,https://isimakiinsatu.com/,石牧印刷（株） 135-0046 東京都江東区牡丹２－１２－３ サービス: プリプレス 印刷 各種印刷 デジタル印刷 製本 後加工 特殊印刷加工 表示順ポイント: 4,03-3641-1067,https://isimakiinsatu.com/%e3%81%8a%e5%95%8f%e3%81%84%e5%90%88%e3%82%8f%e3%81%9b/,S｜地域印刷・販促・Web支援,東京都印刷工業組合Connect公式会員：印刷・販促・企画・Web制作,https://connect.tokyo-printing.or.jp/corp_search/wp_detail/2968,https://isimakiinsatu.com/,yes,ok
研究出版株式会社,http://www.kenkyu.co.jp/,研究出版（株） 186-0003 東京都国立市富士見台３－１５－７ サービス: プリプレス 印刷 デジタル印刷 製本 後加工 表示順ポイント: 4,042-572-7131,,S｜地域印刷・販促・Web支援,東京都印刷工業組合Connect公式会員：印刷・販促・企画・Web制作,https://connect.tokyo-printing.or.jp/corp_search/wp_detail/3537,http://www.kenkyu.co.jp/,no,ok
秀文社印刷株式会社,https://www.shitamachi.net/syubunsya/,"秀文社印刷（株） 135-0007 東京都江東区新大橋１－１１－１１ サービス: プリプレス 印刷 各種印刷 デジタル印刷 製本 紙製品 編集デザイン 写真 その他 商業印刷全般（冊子、帳票類、封筒、ハガキ、名刺etc.）、和紙への印刷、ジークレー印刷（絵画や写真の複製原画印刷）、特大封筒への印刷、厚紙・薄紙への印刷（下札作成）などを承っております。
単色",03-3634-2766,,S｜地域印刷・販促・Web支援,東京都印刷工業組合Connect公式会員：印刷・販促・企画・Web制作,https://connect.tokyo-printing.or.jp/corp_search/wp_detail/1597,https://www.shitamachi.net/syubunsya/,no,ok
第一資料印刷株式会社,https://www.d-s-p.jp/,第一資料印刷（株） 162-0818 東京都新宿区築地町８－７ サービス: デジタル印刷 製本 紙製品 編集デザイン 表示順ポイント: 4,03-3267-8211,https://www.d-s-p.jp/contact,S｜地域印刷・販促・Web支援,東京都印刷工業組合Connect公式会員：印刷・販促・企画・Web制作,https://connect.tokyo-printing.or.jp/corp_search/wp_detail/805,https://www.d-s-p.jp/corporate/,yes,ok
精文堂印刷株式会社,https://www.seibundou.jp/,精文堂印刷（株） 116-0012 東京都荒川区東尾久１－３６－４ サービス: プリプレス 印刷 紙製品 編集デザイン データ処理 表示順ポイント: 5,03-3895-6211,https://www.seibundou.jp/contact.html,S｜地域印刷・販促・Web支援,東京都印刷工業組合Connect公式会員：印刷・販促・企画・Web制作,https://connect.tokyo-printing.or.jp/corp_search/wp_detail/2566,https://www.seibundou.jp/company.html,yes,ok
美鈴印刷紙工株式会社,http://www.misuz.co.jp/,"美鈴印刷紙工（株） 135-0033 東京都江東区深川２－２４－１１ サービス: 印刷 各種印刷 特殊印刷加工 昭和27年に設立した美鈴印刷の主力製品は「原寸型取りフィルム」です。
「原寸型取りフィルム」は、型紙や設計製図用紙・CAD設計用フィルム・製図用フィルムとして対象物の実物大の原寸図や図面、模型を作成するために使用されています。
特に複雑な形状や",03-3643-4485,http://www.misuz.co.jp/contact/,S｜地域印刷・販促・Web支援,東京都印刷工業組合Connect公式会員：印刷・販促・企画・Web制作,https://connect.tokyo-printing.or.jp/corp_search/wp_detail/3413,http://www.misuz.co.jp/,no,ok
興陵印刷株式会社,https://koryo-printing.co.jp/,"興陵印刷（株） 350-0803 埼玉県川越市大字栄２ サービス: プリプレス 印刷 当社は1968年（昭和43年）に東京都文京区で創業いたしました。全国に数少ないA倍判印刷機を保有しており、技術・品質共に大変評判をいただいております。また、柔軟な対応でお客様に寄り添い、短納期も可能となっております。
社長をはじめ社員も明るく、印刷物が皆さまの元に届いた時",049-233-2171,https://koryo-printing.co.jp/corporate/contact,S｜地域印刷・販促・Web支援,東京都印刷工業組合Connect公式会員：印刷・販促・企画・Web制作,https://connect.tokyo-printing.or.jp/corp_search/wp_detail/3623,https://koryo-printing.co.jp/corporate/contact,yes,ok
菁文堂株式会社,https://www.instagram.com/seibundo1909/?hl=ja,"菁文堂（株） 343-0805 埼玉県越谷市神明町３－４１８ サービス: プリプレス 印刷 各種印刷 製本 後加工 紙製品 編集デザイン 糸を使った手帳製造を中心とした紙加工を行う会社です。
文具関係で商品企画なども行っています。詳細はHP（インスタグラム）をご覧ください。

企画・デザイン・DTP～印刷・製本・アセンブリ

手帳製造中心の特性上、",048-976-7575,,S｜地域印刷・販促・Web支援,東京都印刷工業組合Connect公式会員：印刷・販促・企画・Web制作,https://connect.tokyo-printing.or.jp/corp_search/wp_detail/1211,https://www.instagram.com/seibundo1909/?hl=ja,yes,ok
藤原印刷株式会社,https://www.fujiwara-i.com/,藤原印刷（株） 101-0052 東京都千代田区神田小川町２－４－５杉商ビル5F サービス: プリプレス 印刷 デジタル印刷 製本 後加工 編集デザイン 写真 マルチメディア データ処理 表示順ポイント: 3,03-3291-0191,,S｜地域印刷・販促・Web支援,東京都印刷工業組合Connect公式会員：印刷・販促・企画・Web制作,https://connect.tokyo-printing.or.jp/corp_search/wp_detail/2845,https://www.fujiwara-i.com/,yes,ok
西武紙業株式会社,http://seibu.japan-web.jp/,"西武紙業（株） 173-0036 東京都板橋区向原２－１８－１０ サービス: 紙製品 弊社は創業104年になります板紙を主力とする代理店の㈱文昌堂の子会社です。
㈱文昌堂はその他製紙メーカーの北越製紙、中越パルプ、大王製紙などの用紙の代理店をしております。年商460億円規模の親会社が不得意な当日配送、断裁加工、小口配送を西武紙業が補い、大手や同業他社が真似",03-3973-3211,http://seibu.japan-web.jp/category/1389309.html,S｜地域印刷・販促・Web支援,東京都印刷工業組合Connect公式会員：印刷・販促・企画・Web制作,https://connect.tokyo-printing.or.jp/corp_search/wp_detail/3861,http://seibu.japan-web.jp/,yes,ok
誠文社印刷株式会社,https://www.seibunsha-printing.co.jp/,"誠文社印刷（株） 104-0052 東京都中央区月島４－１４－７ サービス: プリプレス 印刷 各種印刷 デジタル印刷 紙製品 当社は1933（昭和8）年に、「近代印刷発祥の地」東京都中央区にて創業しました。
創業以来、「お客様からの要望にNOといわない」「お客様からの評価、信頼を裏切らない」ことを社是とし、さまざまな印刷物に挑戦し取り組んできました。
",03-3533-4345,https://www.seibunsha-printing.co.jp/inquiry/,S｜地域印刷・販促・Web支援,東京都印刷工業組合Connect公式会員：印刷・販促・企画・Web制作,https://connect.tokyo-printing.or.jp/corp_search/wp_detail/502,https://www.seibunsha-printing.co.jp/company/,yes,ok
辰巳堂清水印刷有限会社,http://www.tatsumido.co.jp/,辰巳堂清水印刷（有） 135-0048 東京都江東区門前仲町１－１６－６ サービス: 印刷 各種印刷 デジタル印刷 製本 後加工 特殊印刷加工 紙製品 その他 表示順ポイント: 3,03-3641-6412,,S｜地域印刷・販促・Web支援,東京都印刷工業組合Connect公式会員：印刷・販促・企画・Web制作,https://connect.tokyo-printing.or.jp/corp_search/wp_detail/1501,http://www.tatsumido.co.jp/,no,ok
銅版印刷株式会社,https://www.doban.co.jp/,"銅版印刷（株） 104-0054 東京都中央区勝どき４－１－１２ サービス: プリプレス 印刷 各種印刷 デジタル印刷 後加工 特殊印刷加工 紙製品 編集デザイン その他 ノベルティ 銅版印刷株式会社は大正６年の創立以来、東京都中央区に本社を置き、104周年を迎えた総合印刷会社です。
紙幣、有価証券等にも使われる特殊印刷技術で、皇室、各国大使公館等の印刷物",03-3531-5316,https://www.doban.co.jp/form.html,S｜地域印刷・販促・Web支援,東京都印刷工業組合Connect公式会員：印刷・販促・企画・Web制作,https://connect.tokyo-printing.or.jp/corp_search/wp_detail/3533,https://www.doban.co.jp/,no,ok
錦明印刷株式会社,https://www.kinmei.co.jp/,錦明印刷（株） 101-0065 東京都千代田区西神田３－３－３ サービス: プリプレス 印刷 各種印刷 デジタル印刷 製本 後加工 紙製品 マーケティング企画 編集デザイン 写真 マルチメディア データ処理 その他 ノベルティ 当社は1916年の創業以来、東京都千代田区に本社を置き、印刷製造を柱に成長してまいりました。近年では顧客のビジネスを解決するコミュ,03-3265-7087,https://www.kinmei.co.jp/inquiry/index.html,S｜地域印刷・販促・Web支援,東京都印刷工業組合Connect公式会員：印刷・販促・企画・Web制作,https://connect.tokyo-printing.or.jp/corp_search/wp_detail/46,https://www.kinmei.co.jp/company/index.html,yes,ok
青樹印刷株式会社,https://aoki-prt.co.jp/,青樹印刷（株） 103-0025 東京都中央区日本橋茅場町２－１４－５石川ビル6Ｆ サービス: プリプレス 印刷 デジタル印刷 編集デザイン マルチメディア データ処理 その他 表示順ポイント: 6,03-5623-2866,https://aoki-prt.co.jp/contact-us/,S｜地域印刷・販促・Web支援,東京都印刷工業組合Connect公式会員：印刷・販促・企画・Web制作,https://connect.tokyo-printing.or.jp/corp_search/wp_detail/207,https://aoki-prt.co.jp/company/,yes,ok
音羽印刷株式会社,https://www.otowa-printing.com/,"音羽印刷（株） 113-0033 東京都文京区本郷１－３０－８ サービス: プリプレス 編集デザイン 東京・文京区に本社および管理・営業本部を構える、創立98年の歴史を持つ印刷会社です。生産拠点は千葉市花見川区にあります。
草創期は産業組合（現在の各種協同組合・協同組織の前身）が使う事務用印刷物を活版印刷でこなしていました。その後、産業組合により設立された",03-5689-5251,,S｜地域印刷・販促・Web支援,東京都印刷工業組合Connect公式会員：印刷・販促・企画・Web制作,https://connect.tokyo-printing.or.jp/corp_search/wp_detail/930,https://www.otowa-printing.com/,no,ok
