2	株式会社ウェブネーション	黒崎 隆	https://webnation.co.jp/	https://webnation.co.jp/wizard/
3	株式会社アップラボ	福間　直美	https://up-lab.co.jp/	https://up-lab.co.jp/inquiry
4	株式会社タービン・インタラクティブ	ご担当者	https://www.turbine.co.jp/	https://www.turbine.co.jp/inquiry/form/mailmagazine
5	株式会社マーケティング・エッセンシャルズ	栃本 常善	https://www.marketing-essentials.jp/	https://www.marketing-essentials.jp/contact/
6	PRONI株式会社	ご担当者	https://www.proni.co.jp/	https://faq.proni.co.jp/
7	ブライトシー株式会社	片桐光知子	https://brightsea.jp/	https://brightsea.jp/contact.html
8	Zenken株式会社	長 林順之亮	https://www.zenken.co.jp/	https://www.zenken.co.jp/contact/
9	株式会社CORDA	佐藤 真治	https://zigexn.co.jp/	https://zigexn.co.jp/ir/ir_contact/
10	ジェイアールセントラルビル株式会社	巣山 芳樹	https://www.towers.jp/	https://www.towers.jp/information/atm.php
11	株式会社日本経済社	長
長谷部剛	https://www.nks.co.jp/	https://www.nks.co.jp/information/
12	株式会社ジー・サーチ	ご担当者	https://www.g-search.jp/	https://www.g-search.jp/contact/
13	ジスインフォテクノ株式会社	岡部　寛	https://www.ziftec.co.jp/	
14	デジタルプロセス株式会社	ご担当者	https://www.dipro.co.jp/	https://www.dipro.co.jp/inquiry
15	FITEC株式会社	ご担当者	https://www.fitec.co.jp/	http://www.fitec.co.jp/inquiry/index.html
16	株式会社ブレインパッド	ご担当者	https://www.brainpad.co.jp/	https://www.brainpad.co.jp/contact/
17	株式会社クウハク	柏樹 久美子	https://kuhaku.co.jp/nagoya-ai-web-marketing-retail-service-roi-452138/	https://kuhaku.co.jp/contact/
18	ＴＯＨＯシネマズ株式会社	ご担当者	https://www.tohocinemas.co.jp/	https://www.tohocinemas.co.jp/contact.html
19	株式会社大広	ご担当者	https://www.daiko.co.jp/	https://www.daiko.co.jp/contact/
20	株式会社総合アド	小池 祥	https://sogo-ad.jp/	https://sogo-ad.jp/contact/
21	株式会社 中広	大島 斉	https://chuco.co.jp/	https://chuco.co.jp/stock-information
22	株式会社メルカリ導入事例	ご担当者	https://site.backcheck.jp/	https://site.backcheck.jp/contact?click_button=top
23	イチビキ 公式サイト | 名古屋のみそ・しょうゆ・つゆメーカー	長 中村拓也	https://www.ichibiki.co.jp/	https://www.ichibiki.co.jp/support/homeuse-inquiry/
24	ディプロス株式会社	ご担当者	https://job-gear.net/dipross2/AE0225801447/MDkyujin_d.htm	https://entry.job-gear.net/jobgear/f/q.do?id=C0000308351&gid=AE0225801447&svid=%E6%8E%A1%E7%94%A8%E3%83%9B%E3%83%BC%E3%83%A0%E3%83%9A%E3%83%BC%E3%82%B8&kcn=%E6%A0%AA%E5%BC%8F%E4%BC%9A%E7%A4%BE%E3%82%B7%E3%83%BC%E3%82%A8%E3%83%A0%E3%82%B9%E3%82%BF%E3%83%83%E3%83%95&job_ti=%E3%80%90%E7%B7%8F%E5%90%88%E5%BA%83%E5%91%8A%E4%BB%A3%E7%90%86%E5%BA%97%EF%BD%9CWeb%E3%83%BBSNS%E5%96%B6%E6%A5%AD%E3%80%91%E3%83%9E&af=&sflg=2&t=f
25	株式会社パルコ	ご担当者	https://www.parco.co.jp/	https://www.parco.co.jp/xml/information/rss10.rdf
26	大塚刷毛製造株式会社	ご担当者	https://www.maru-t.co.jp/	https://www.maru-t.co.jp/contact/
27	中経オンライン | 中部経済新聞 電子版	ご担当者	https://chukei-online.com/	https://chukei-online.com/inquiry
28	ダイトロン株式会社	ご担当者	https://www.daitron.co.jp/	https://www.daitron.co.jp/inquiry/
29	キリンホールディングス株式会社	ご担当者	https://www.kirin.co.jp/	https://www.kirin.co.jp/customer/#contact
30	愛知時計電機株式会社	ご担当者	https://recruit.aichitokei.co.jp/	https://recruit.aichitokei.co.jp/contact/
31	株式会社乃村工藝社	ご担当者	https://consult.nikkeibp.co.jp/	https://consult.nikkeibp.co.jp/contact/
32	株式会社サインド	ご担当者	https://cybersecurity-jp.com/	https://cybersecurity-jp.com/leakage-of-personal-information
33	伸童舎株式会社	鍋嶋 洋行	https://heart-design.jp/	https://heart-design.jp/contact/
34	中日企業株式会社	ご担当者	https://www.chunichi-job.jp/	https://www.chunichi-tour.co.jp/contact-tel/
35	株式会社中日販売サポート	ご担当者	https://www.chs-shop.jp/	https://www.chs-shop.jp/entry
36	株式会社ハルメク	ご担当者	https://adv.chunichi.co.jp/	https://adv.chunichi.co.jp/guide/contact/
37	株式会社WWG	ご担当者	https://wwg.co.jp/	https://wwg.co.jp/estimate
38	マーケティングプラス株式会社	安藤 岳人	https://plusline-nagoya.jp/	https://plusline-nagoya.jp//contact/
39	株式会社フォーバル	津山 竜也	https://ai-communication.jp/	https://ai-communication.jp/contact/
40	株式会社アイプレス	野田亜友弓	https://www.i-press.jp/	https://www.i-press.jp/contact.html
41	株式会社フルスピード	ご担当者	https://growthseed.jp/	https://growthseed.jp/contact/
42	株式会社サイバーエージェント	ご担当者	https://www.cyberagent.co.jp/	https://www.cyberagent.co.jp/contact/
43	竹下産業株式会社	ご担当者	https://www.plusline.jp/	https://www.plusline.jp/contact/
44	ディーエムソリューションズ株式会社	ご担当者	https://www.dm-s.co.jp/	https://www.dm-s.co.jp/contact/
45	株式会社Ggrow	安藤 弘人	https://ggrow.jp/	https://ggrow.jp/form-consulting/
46	株式会社アドメディカル	ご担当者	https://ad-tomedical.co.jp/	https://ad-tomedical.co.jp/contact/
47	株式会社刈谷東栄タイヤ	ご担当者	https://businessmaster.jp/	https://businessmaster.jp/#sec11
48	有限会社シーエスプラス	ご担当者	https://yuryoweb.com/industry/car/page/69/	https://yuryoweb.com/homepage-quote/
49	名古屋・東京の広告代理店 エムズコーポレーション	ご担当者	https://www.e-ms.co.jp/	https://www.e-ms.co.jp/contact/
50	株式会社フリースタイル	ご担当者	https://freestyles.jp/	https://freestyles.jp/inquiry/
51	日本梱包運輸倉庫株式会社	ご担当者	https://www.navitime.co.jp/postcode/result?code=02022-10083908	https://www.navitime.co.jp/account/regist/?invite=pc.header.entry
52	1234株式会社	ご担当者	https://www.p-world.co.jp/aichi/zent-nagoyakita.htm	https://www.p-world.co.jp/maintenance/update/reserve_view.cgi?log_id=now&djII=-CQ8ww&3L7R=ER9Ku9jYkCjoLKj&pLA=jL6vL#information
53	株式会社ヒトクセ	石丸大輔	https://www.dreamnews.jp/	https://www.dreamnews.jp/contact
54	アクサ生命保険株式会社	ご担当者	https://www.axa.co.jp/	https://www.axa.co.jp/request/
55	株式会社Plus	小田克文	https://www.plo.co.jp/	https://www.plo.co.jp/#contact
56	株式会社全国賃貸住宅新聞社	ご担当者	https://reibs.jp/	https://reibs.jp/contact/
57	愛協産業株式会社	ご担当者	https://obu-syushoku-fair.jp/	https://obu-syushoku-fair.jp/#contact
58	株式会社ジオコード	原口大輔	https://www.geo-code.co.jp/	https://www.geo-code.co.jp/contact/
59	フリーコンサル株式会社	ご担当者	https://freeconsul.co.jp/	https://freeconsul.co.jp/contact/
60	ウェブココル株式会社	杉岡玲生	https://cocol.co.jp/	https://cocol.co.jp/contact/
61	株式会社デジタリフト	百本 正博	https://digitalift.co.jp/	https://digitalift.co.jp/contact/post-ir/
62	ブランディングテクノロジー株式会社	ご担当者	https://www.branding-t.co.jp/	https://www.branding-t.co.jp/company/section/
63	名古屋 Seo対策ならseoパートナーズ|無料診断実施中	ご担当者	https://seo-partners.jp/	https://seo-partners.jp/contact/
64	株式会社オンジン	ご担当者	https://onjin.co.jp/	https://onjin.co.jp/performance
65	株式会社WEB企画	ご担当者	https://webkikaku.co.jp/	https://webkikaku.co.jp/contact/
66	株式会社イールドマーケティング	木本旭洋	https://office.yield-marketing.co.jp/	https://yield-marketing.co.jp/blog/contact-media/
67	オープンワーク株式会社	大澤 陽樹	https://www.openwork.co.jp/	https://www.openwork.co.jp/contact
68	株式会社プラスイー	ご担当者	http://seo-plus-e.com/	
69	株式会社ZoDDo	小島　文樹	https://www.zoddo.info/	https://www.zoddo.info/contact/
70	株式会社ウェブロープス	宇賀 知恵	https://webropes.jp/	https://webropes.jp/consultation/
71	運営会社栄公園振興株式会社	ご担当者	https://www.sakaepark.co.jp/	https://www.sakaepark.co.jp/inquiry/
72	トガル株式会社	小嶋 豊	https://mainichi.jp/articles/20260324/pr2/00m/020/029000c	https://b.hatena.ne.jp/entry/https://mainichi.jp/articles/20260324/pr2/00m/020/029000c
73	クラウドファンディング - Campfire (キャンプファイヤー)	ご担当者	https://camp-fire.jp/	https://camp-fire.jp/form/po-document-service
74	ZAZA株式会社	永津豪	https://zazainc.co.jp/	https://zazainc.co.jp/contact/
75	株式会社イード	宮川　洋	https://www.iid.co.jp/	https://www.iid.co.jp/contact/
76	株式会社view	幸喜 俊	https://www.xbs.co.jp/	https://www.xbs.co.jp/contact
77	株式会社CLUTCH	ご担当者	https://www.clutch.ne.jp/	https://www.clutch.ne.jp/contact/
78	株式会社クラブネッツ	芦名 真也	https://www.clubnets.jp/	https://www.clubnets.jp/infos
79	株式会社メソドロジック	白石　章	https://www.methodologic.co.jp/	https://www.methodologic.co.jp/contact/
80	ALH株式会社	ご担当者	https://www.alhinc.jp/	https://www.alhinc.jp/contact/
81	株式会社ホープス	ご担当者	https://www.hopes-ise.co.jp/	https://hopes-ise.co.jp/contact/
82	株式会社DeMiAホームページ	坂本 京也	https://demia.co.jp/	https://demia.co.jp/contact
83	株式会社クレイトソリューションズ	馬場　孝行	https://www.creitsol.co.jp/	https://www.creitsol.co.jp/contact/
84	株式会社設立	ご担当者	https://craftmiles.co.jp/	
85	株式会社マネージビジネス	ご担当者	https://www.manage-b.co.jp/	https://www.manage-b.co.jp/contact/
86	株式会社SHIFT	ご担当者	https://axis-sys.co.jp/	javascript:void(0);
87	株式会社MAS	武井 寿彦	https://www.maslab.jp/	https://www.maslab.jp/contact/
88	株式会社エスエヌシー	ご担当者	https://www.sncj.co.jp/	https://www.sncj.co.jp/contact/inq-contact/
89	株式会社ASSIST	秋山 慎吾	https://assist-biz.jp/service/marketing/	https://assist-biz.jp/contact/
90	高島株式会社	ご担当者	https://www.tak.co.jp/ja/index.html	https://www.tak.co.jp/ja/contact.html
91	aboutha株式会社	ご担当者	https://aboutha.tokyo/attractcustomer/nagoya/	https://aboutha.tokyo/#sec_05
92	Community株式会社	ご担当者	https://job-list.net/jobs/7016657	https://job-list.net/contacts/new
93	株式会社LIFULL	ご担当者	https://actionforall.homes.co.jp/	https://lifull.my.salesforce-sites.com/inquiryform/voice
94	コーシンホーム株式会社	市川 和也	https://recrowdfunding.lifull.jp/	https://support.recrowdfunding.lifull.jp/hc/ja/requests/new
95	株式会社ノブレス	ご担当者	https://nobles.co.jp/	https://nobles.co.jp/contact
96	名古屋のWeb制作・集客支援|INON - Digital Soltions	ご担当者	https://inon.tech/	https://inon.tech/#contact
97	株式会社マイナビ	蜂矢 貴子	http://www.cluch.jp/	http://www.cluch.jp/#contact
98	株式会社ウェブ企画パートナーズ	ご担当者	https://wk-partners.co.jp/homepage/area/nagoya/	https://wk-partners.co.jp/homepage/recruit-entry/
99	WEB・SNSコンサルティング名古屋・愛知県	ご担当者	https://portenagoya.jimdofree.com/	https://portenagoya.jimdofree.com/
100	株式会社プラマーケ	お知らせ	https://plumarke.co.jp/	https://plumarke.co.jp/contact/
101	株式会社シーエムスタッフ	渡辺 紀幸	https://cmstaff.co.jp/	https://cmstaff.co.jp/recruit/entry/
102	株式会社電通名鉄コミュニケーションズ	長　交代内定	https://www.dm-c.co.jp/	https://www.dm-c.co.jp/entry-194.html
103	株式会社CBCコミュニケーションズ	ご担当者	https://cbc-com.co.jp/	
104	アドラフト株式会社	玉置 真司	https://adraft.co.jp/	https://adraft.co.jp/news/6
105	ラスタライズ株式会社	石黒 文康	https://rasterize.co.jp/	https://rasterize.co.jp/contact.html
106	株式会社AdAI	江藤　久昌	https://adai.co.jp/	https://adai.co.jp/contact
107	株式会社NET.COM	ご担当者	https://www.netcom-net.com/ppc/office/	https://www.netcom-net.com/ppc/contact/
108	株式会社インディペンデントインキュベータ	ご担当者	https://independent-incubator.com/company/	https://independent-incubator.com/contact/
109	タイヘイ株式会社	ご担当者	https://www.taiheig.co.jp/group/	https://www.taiheig.co.jp/shokuhin/contact/
110	株式会社Bro代表近藤大斗所在地愛知県名古屋市緑	近藤大斗	https://www.bro-sns.com/	https://www.bro-sns.com/
111	株式会社KRone	ご担当者	https://www.krone.company/	https://www.krone.company/contact/
112	デジマチェーン株式会社	西 和人	https://dejimachain.jp/	https://dejimachain.co.jp/contact/
113	株式会社ティーエーシー	橋本 浩宗	https://npg.co.jp/	https://npg.co.jp/contact.html
114	株式会社電広	田中　一弘	https://denko-ad.co.jp/	https://denko-ad.co.jp/contact.html
115	株式会社サイトスコープ	ご担当者	https://sitescope.co.jp/	https://sitescope.co.jp/contact
116	株式会社愛知企画	白井　公	https://www.aichi-kikaku.co.jp/	https://www.aichi-kikaku.co.jp/contact.html
117	名古屋SNS運用代行サービス	ご担当者	https://nagoyadaikouservice.amebaownd.com/	
118	株式会社新東通信８階ホール	名倉 将平	https://nagoya-ad.jp/	
119	株式会社Octa	吹野豪	https://nagoyastartupnews.jp/	
120	本氣メディア株式会社	白石　光行	https://goguynet.jp/	https://mailmagazine.go-guy.net/form/register/
121	株式会社プロスパ	水谷　存	https://www.mikawasigoto.jp/	https://www.mikawasigoto.jp/search/office-related/data-entry/
122	美辺株式会社	ご担当者	https://tokai-saizensen.jp/	https://tokai-saizensen.jp/ask
123	中京テレビ放送株式会社	ご担当者	https://www.ctv.co.jp/	https://www.ctv.co.jp/business/
124	株式会社ＺＩＰ-ＦＭ	ご担当者	https://www.loveat.co.jp/	
125	株式会社高宮城2	日比野 良太郎	https://842fm.jp/	https://842fm.jp/?page_id=2351
126	株式会社ポトス.	稲垣隆秀	https://potos.co.jp/	https://potos.co.jp/#contact
127	株式会社リクエストプロ	岩田 彰宏	http://www.request-inc.co.jp/	mailto:info@request-inc.co.jp
128	株式会社及	ご担当者	https://www.soumu.go.jp/	https://www.soumu.go.jp/form/common/opinions.html
129	株式会社インタビュー動画	ご担当者	https://www.web-meister.jp/	https://www.web-meister.jp/contact/inquiry.php
130	株式会社リンクコンサル	ご担当者	https://linkconsul.jp/	https://linkconsul.jp/architect/inquiry/
131	有限会社ネーマック	熊谷めぐみ	http://www.neemac.co.jp/	http://www.neemac.co.jp/#contact
132	株式会社カプセル	小濵 季史	https://capsulegraphics.jp/	https://capsulegraphics.jp/inquiry
133	株式会社ロルバーン	築山　楓河私	https://www.rollbahrn.info/	https://www.rollbahrn.info/contact
134	株式会社Recto	山本雄太	https://recto-inc.jp/listing	https://recto-inc.jp/contact
135	株式会社Ryuki	光山 浩司	https://ryuki-design.jp/	https://ryuki-design.jp/inquiry/
136	株式会社ウィルオブ・ワーク	ご担当者	https://willof-work.co.jp/	https://willof-work.co.jp/corp/document/
137	株式会社NTTデータ・エービック	ご担当者	https://www.nttdata.abic.co.jp/	https://www.nttdata.abic.co.jp/contact/
138	株式会社ミンカブ・ジ・インフォノイド	伴　将行	https://minkabu.co.jp/	https://minkabu.co.jp/contact/
139	富士商事株式会社	ご担当者	https://www.aily-lab.co.jp/	https://www.aily-lab.co.jp/contact/
140	ナゾックス株式会社	ご担当者	https://nazox.co.jp/web-ad-agency/	https://nazox.co.jp/contact/
141	メイク広告株式会社	ご担当者	https://meiku-ad.jp/available-road-sign/12097/	https://meiku-ad.jp/contact/
142	ソウルドアウト株式会社	ご担当者	https://www.sold-out.co.jp/about/base/nagoya	https://www.sold-out.co.jp/contact
143	株式会社D2C	ご担当者	https://recruit.d2c.co.jp/	
144	株式会社PIGNUS	水戸 将平	https://pignus.co.jp/	https://www.pignus.co.jp/contact/
145	株式会社セプテーニ	ご担当者	https://www.septeni.co.jp/	https://www.septeni.co.jp/document/
146	株式会社メディックス	ご担当者	https://www.medix-inc.co.jp/	https://www.medix-inc.co.jp/contact/
147	デジタルアスリート株式会社	ご担当者	https://ppc-master.jp/	https://ppc-master.jp/contact-select/contact/
148	株式会社日東通信	ご担当者	https://www.cjn.co.jp/	https://www.cjn.co.jp/contact/
149	株式会社マインドファクトリー	ご担当者	https://www.mindfactory.co.jp/service/listing	https://www.mindfactory.co.jp/contact
150	株式会社Trigger	吉岡 晋太郎	https://trigger-k430.co.jp/	https://trigger-k430.co.jp/contact/
151	株式会社トラエル	村上拓也	https://www.toraeru.co.jp/	https://www.toraeru.co.jp/contact/
152	株式会社Stories代表取締役中村	中村　伊都子	https://stories-me.com/company-profile/	https://stories-me.com/contact/
153	ンドカレラアセットマネジメント株式会社	ご担当者	https://www.ando-sec.co.jp/	https://www.ando-sec.co.jp/service_information/densikoufu_guide.html
154	株式会社名古屋銀行	ご担当者	https://www.meigin.com/index.html	https://www.meigin.com/contact/index.html
155	株式会社エムアイシー	ご担当者	https://manaca.jp/	https://manaca.jp/rule/index.html
156	株式会社プロラボホールディングス	ご担当者	https://innerbeautysalon.jp/	https://innerbeautysalon.jp/salonlist/
157	株式会社AutoPhagyGO	ご担当者	https://prolabo.co.jp/	https://prolabo.co.jp/contact/
158	株式会社アートリー	長　佐藤丈亮	https://artory.co.jp/	https://artory.co.jp/contact/
159	株式会社Zeals	田内広平	https://blog.project-g.co.jp/	https://blog.project-g.co.jp/contact/
160	株式会社eclore	ご担当者	https://eclr.jp/	https://eclr.jp/contact/
161	株式会社con-west	中西 健人	https://con-west.jp/company-profile/	https://con-west.jp//contact
162	株式会社スリータイムズ	佐伯 流星	https://www.three-times-co.com/	https://www.three-times-co.com/
163	株式会社claire	栗野愛彩	https://claire.nagoya/marketing/	https://claire.nagoya/contact/
164	studio15株式会社	岩佐 琢磨	https://studio15.co.jp/	https://studio15.co.jp/download/
165	株式会社レイジーデイ	松井和浩	https://bestcalendar.jp/press/109750	https://in.performancegolf.jp/hh_fsf_ppc_taboola_2601_design2
166	株式会社JTB	ご担当者	https://www.jtbcorp.jp/jp/job_offer/recruit/newgraduate/business/jtb-cd/	https://clubjtb-recruit.snar.jp/entry.aspx?entryid=9313e040-d2b2-4fee-937f-94d2dc62c14f
167	株式会社自	ご担当者	https://jinji.readytofashion.jp/	https://jinji.readytofashion.jp/service
168	株式会社アスバスマーケティング	ご担当者	https://asbas-marketing.com/	https://asbas-marketing.com/contact/
169	株式会社inglow	小里 雄平	https://inglow.jp/	https://inglow.jp/reserve/
170	株式会社サムシングファン	薮本 直樹	https://www.moviesupport.jp/	
171	株式会社Logline	村瀬　巧	https://logline-movie.com/	https://logline-movie.com/contact.html
172	合同会社Polaris	ご担当者	https://polaris-lp.jp/Consulting1/lp4/	https://polaris-lp.jp/contact/
173	株式会社POIPOI	ご担当者	https://marketing-japan.net/	https://marketing-japan.net/contact/
174	株式会社Colorkrew	ご担当者	https://cloud-radar.jp/	https://cloud-radar.jp/contact.php
175	合同会社Libero	見崎岳輝	https://www.libero-tk.com/	http://www.libero-tk.com/works
176	株式会社ホットリンク	檜野安弘	https://www.hottolink.co.jp/	https://forms.office.com/r/Y4g50CYVGK?_fsi=qZXZ6kEN
177	株式会社Tenmu	ご担当者	https://tenmu.jp/	https://tenmu.jp/brand/contact
178	株式会社サイバー・バズ	髙村 彰典	https://www.cyberbuzz.co.jp/	https://www.cyberbuzz.co.jp/contact/ir/
179	株式会社WILL	ご担当者	https://we-will.jp/	http://we-will.jp/contact/
180	NEIT株式会社	ご担当者	https://neit.jp/	https://neit.jp/wp/?page_id=23
181	株式会社SENSE	山岸 えり	https://www.sense-inc.jp/	https://www.sense-inc.jp/contact
182	株式会社サクラアルカス	ご担当者	https://www.sakura-pr.co.jp/	https://www.sakura-pr.co.jp/recruit/entry/
183	株式会社MEcreate	伊藤 明治	https://mecreate.co.jp/service/meo/	https://mecreate.co.jp/consultation/
184	GMOトライハッチ株式会社	ご担当者	https://inboundmeo.tryhatch.co.jp/	https://inboundmeo.tryhatch.co.jp/#form-contact
185	名古屋眼鏡株式会社	ご担当者	https://meo-guard.com/	https://www.secure-cloud.jp/sf/business/1660869841wFtpslSw
186	シースリーインデックス株式会社	ご担当者	https://lp.c3index.co.jp/	https://lp.c3index.co.jp/#contact
187	プロ用のネイル用品卸通販|Nail ティーエーティー	ご担当者	https://www.nailtat.com/	https://www.nailtat.com/tatweb/pro/information/index.html
188	株式会社エイブル	ご担当者	https://shingaku.able.co.jp/	https://www.able.co.jp/company/?shingakuId=1
189	株式会社エイトリンク	永井一成	https://recruit-eightlink.jp/	https://recruit-eightlink.jp/entry/
190	株式会社Swayt	齋藤 徹	https://monolisix.jp/	https://monolisix.jp/#sec06
191	株式会社ポスティングサービス	ご担当者	https://postingservice.co.jp/meo-strategy/	https://postingservice.co.jp/about_postingservice/how_to_order/
192	株式会社アドクルー	ご担当者	https://www.adcrew.jp/	https://www.adcrew.jp/inquiry/
193	株式会社イワクラボ	ご担当者	https://iwakulab.jp/	https://iwakulab.jp/#contact
194	株式会社プレテイク	中西 浩敏	https://pretake.jp/	https://pretake.jp/information
195	株式会社山西屋	ご担当者	https://yamanishiya.co.jp/	https://yamanishiya.co.jp/contact
196	株式会社ロカオプ	ご担当者	https://locaop.jp/	https://locaop.jp/contact/
197	株式会社フリースクエア	徳島 正浩	https://freesquare.co.jp/	https://freesquare.co.jp/contact/
198	株式会社ヘリオス	香川 等	https://he-lios.co.jp/	https://he-lios.co.jp/contact
199	360株式会社	ご担当者	https://www.360vr.co.jp/	https://www.360vr.co.jp/order/
200	株式会社アプリックス	鳥越 洋輔	https://h2-g.co.jp/	https://www.aplix.co.jp/aplixiotplatform/
201	株式会社エルプランニング	ご担当者	https://www.elplanning.co.jp/	https://www.elplanning.co.jp/contact/
202	株式会社Faber	ご担当者	https://www.fabercompany.co.jp/	https://www.fabercompany.co.jp/ir/stockinformation/
203	Technologies株式会社	児島 智	https://www.so-tech.co.jp/	https://www.so-tech.co.jp/contact
204	合同会社ファーレ	水野 一	https://fare.co.jp/	https://fare.co.jp/contact/
205	有限会社ジーボックス	中山　剛	http://www.g-vox.co.jp/	http://www.g-vox.co.jp/information.html
206	ミライニ株式会社	伊藤 和則	https://mirai-ni.co.jp/	https://mirai-ni.co.jp/information
207	株式会社HomePageShop	ご担当者	https://hp-shop.co.jp/service/meo	https://hp-shop.co.jp/contact
208	株式会社ヒロタケ	長谷川 誠	http://hirotake.co.jp/	https://hirotake.co.jp/#form
209	株式会社LIM	土田真生	https://lim-group.jp/	https://lim-group.jp/contact
210	中央朝日コンサルティング株式会社	ご担当者	http://www.chuoasahi-con.co.jp/	http://www.chuoasahi-con.co.jp/contact.html
211	株式会社マネジメントオフィス・K	ご担当者	https://management-ok.jp/	https://management-ok.jp/flow/
212	株式会社AMN	原　渉	https://amn.aichi.jp/	https://amn.aichi.jp/contact/
213	株式会社財務戦略研究所	開業以来初めての	https://office-jiro.hippy.jp/	https://office-jiro.jp/performance/
214	株式会社名古屋コンサル２１	高間 正俊	https://www.nc21.jp/	https://www.nc21.jp/information/
215	株式会社絆	ご担当者	https://www.mhlw.go.jp/	https://www.mhlw.go.jp/otoiawase/index.html
216	株式会社シーエルシー	中瀬 国一	https://www.webconsultants.jp/	https://www.webconsultants.jp/contents/contact
217	ウェブラック株式会社	福本　優	http://weblack.jp/	http://weblack.jp/contact.html
218	株式会社東名	ご担当者	https://www.toumei.co.jp/	https://www.toumei.co.jp/ir/contact/
219	〈公式〉三井ホーム	ご担当者	https://www.mitsuihome.co.jp/	https://www.mitsuihome.co.jp/information/
220	ホーム | 株式会社njs	ご担当者	https://www.njs.co.jp/ja/index.html	https://www.njs.co.jp/ja/services/customer/information.html
221	株式会社Too	ご担当者	https://www.too.com/	https://www.too.com/inquiry.html
222	八千代エンジニヤリング株式会社	ご担当者	https://www.yachiyo-eng.co.jp/	https://docs.google.com/forms/d/e/1FAIpQLSeNHcTKNS9_w8_4FzXI_0ip-1bu9LDDrfwU0R6VoEbwia1V7g/viewform?usp=sf_link
223	SOLIZE Holdings株式会社	ご担当者	https://www.solize.com/	https://www.solize.com/#
224	丸紅株式会社	ご担当者	https://www.marubeni.com/jp/	https://sponsored.bloomberg.com/article/marubeni/strategic-platform-business-marubeni-s-recipe-for-value-creation-and-sustainable-growth
225	株式会社レックスアドバイザーズ	岡村 康男	https://www.rex-adv.co.jp/	https://www.rex-adv.co.jp/contact
226	株式会社ビットセンス	ご担当者	https://www.bitsense.co.jp/works_search/?worksrecruiting=recruitingtool&workstag=movie	https://www.bitsense.co.jp/contact/
227	テクノプロ - Technopro	ご担当者	https://www.technopro.com/	https://www.technopro.com/contact/
228	ホーム | 総合メディカルグループ	ご担当者	https://www.sogo-medical.co.jp/ja/index.html	https://www.sogo-medical.co.jp/ja/contact.html
229	山九株式会社	ご担当者	https://www.sankyu.co.jp/	https://www.sankyu.co.jp/ir/financial_information/index.html
230	株式会社フジヤマ	ご担当者	https://www.con-fujiyama.com/	https://www.con-fujiyama.com/company/information/
231	アイジー工業株式会社	森 安弘	https://www.igkogyo.co.jp/	https://www.igkogyo.co.jp/client/wall_reform/
232	株式会社 VRAIN Solution	ご担当者	https://vrain.co.jp/	https://vrain.co.jp/contacts/
233	株式会社名南経営コンサルティング	ご担当者	https://www.meinan.net/	https://www.meinan.net/contact
234	株式会社リミックスポイント	ご担当者	https://www.remixpoint.co.jp/	https://www.remixpoint.co.jp/contact/
235	三菱商事テクノス	ご担当者	https://www.mmts.co.jp/	https://www.mmts.co.jp/contact/
236	JFEシビル株式会社	ご担当者	https://www.jfe-civil.com/	https://www.jfe-civil.com/jfeconform/
237	株式会社ヴァル研究所	菊池 宗史	https://www.val.co.jp/	https://www.val.co.jp/contact
238	株式会社Diginal	野口　芳樹	https://diginal.co.jp/company	https://diginal.co.jp/contact
239	合同会社代表取締役中嶋達也創立2023年7月事業	ご担当者	https://the-marketing2023.com/company/	
240	株式会社WeeAre	横田 馨	https://weeare.co.jp/	https://weeare.co.jp/Pages/8
241	日経mj特集 - 日本経済新聞	ご担当者	https://www.nikkei.com/special/nikkeimj	https://support.nikkei.com/app/select
242	アクセス|ウインクあいち(愛知県産業労働センター)	ご担当者	https://www.winc-aichi.jp/access/	https://www.winc-aichi.jp/inquiry/
243	中部国際空港株式会社	ご担当者	https://www.nankai.co.jp/contents/3-3-sun/	
244	株式会社スマートノート	林 裕也	https://smartnote.jp/digital_marketing/	https://smartnote.jp/contact/
245	株式会社デジタルマーケティング	松本 勝行	http://k-digitalmarketing.com/	http://k-digitalmarketing.com/information/
246	株式会社デジタルダイブ	小池和子	http://www.digital-dive.co.jp/web/	http://www.digital-dive.co.jp/contact/
247	豊橋鉄道株式会社	ご担当者	https://www.toyotetsu.com/service/contact_list.html	https://www.toyotetsu.com/contact/
248	株式会社ピーアール・デイリー	ご担当者	https://prdaily.jp/	https://prdaily.jp/contact-job-posting/
249	ツクモ店舗情報	ご担当者	https://tenpo.tsukumo.co.jp/	https://tenpo.tsukumo.co.jp/inquiries/
250	株式会社エヌケービー	ご担当者	http://www.nkb.co.jp/	https://nkb.unidigi-exp.com/nkb.co.jp/contact
251	株式会社オリコム	ご担当者	https://www.oricom.co.jp/	https://www.oricom.co.jp/project/green_transformation/
252	街美社広告株式会社	梶川 直人	http://www.gaibisha-ad.co.jp/	http://www.gaibisha-ad.co.jp/otoiawase/index.html
253	株式会社撰美社	松浦　勤	http://senbisha.co.jp/	
254	東海廣告株式会社	山下 宏典	https://www.tokai-ad.co.jp/	https://www.tokai-ad.co.jp/contact/
255	株式会社東宣	神谷　俊廣	http://tosen-1955.co.jp/	https://tosen-1955.co.jp/contact/index.php
256	株式会社名古屋テレビ事業	長　馬場研二	https://www.ntjigyo.co.jp/	https://www.ntjigyo.co.jp/contact/
257	株式会社日宣	長 原	http://adni.jp/	http://adni.jp/#panel4
258	表示灯株式会社	ご担当者	https://www.hyojito.co.jp/	https://www.hyojito.co.jp/ir/contact/
259	総合広告代理店株式会社	長 後藤知也	http://www.bnk-ad.co.jp/	https://www.bnk-ad.co.jp/contact/
260	株式会社富士エージェンシー	鈴木 紳介	https://fuji-ag.co.jp/	https://fuji-ag.co.jp/contact.html?item=contact
261	カッシーナ・イクスシー公式 | Cassina ixc.	ご担当者	https://www.cassina-ixc.jp/index.html	https://www.cassina-ixc.jp/shop/pages/shop_information.aspx
262	株式会社アシスポ	加藤 善大	https://asisupo.com/kaisya2.html	https://asisupo.com/contact.aspx
263	野村不動産株式会社	ご担当者	https://www.persol-bd.co.jp/	https://www.persol-bd.co.jp/contact/
264	パーソルクロステクノロジー株式会社	ご担当者	https://staff.persol-xtech.co.jp/	https://staff.persol-xtech.co.jp/contact/
265	ヤマハ株式会社	ご担当者	https://lotsful.jp/	https://lotsful.jp/contacts
266	株式会社AIIC	ご担当者	https://slabmix.jp/	https://slabmix.jp/#contact
267	トップページ | Chubb	ご担当者	https://www.chubb.com/jp-jp/	https://www.chubb.com/jp-jp/contact-us/offices.html
268	株式会社不二家	ご担当者	https://shop.fujiya-peko.co.jp/	https://www.fujiya-peko.co.jp/contact/
269	株式会社サポート・チーム	渋谷 敏治	https://www.support-team.jp/	
270	株式会社DHorse	ご担当者	https://dhorse.co.jp/	https://dhorse.co.jp/contact/
271	株式会社アジル	ご担当者	https://www.azile.co.jp/	http://www.azile.co.jp/concept/entry-64.html
272	株式会社K・I	ご担当者	https://webicon.jp/	https://webicon.jp/contact/
273	株式会社パピルス	杉本　雄造	http://www.e-papyrus.co.jp/	http://www.e-papyrus.co.jp/contact/
274	アド・ボイス株式会社	小池 正顕	https://www.advoice.co.jp/	https://www.advoice.co.jp/#5thPage
275	株式会社TROBZ	畔栁 洋志	https://trobz.co.jp/	https://trobz.co.jp/contact/
276	株式会社薬局ミント名古屋市守山区優虎電気株式会社	ご担当者	https://houjin-lookup.info/en/number/7180001001428	https://ssl.form-mailer.jp/fms/e69024d0501269
277	株式会社カカクコム	村上　敦浩	https://xn--pckua2a7gp15o89zb.com/jbi/2d5dcc9b83a4a13f480780bd489b8894	https://corporate.kakaku.com/contact
278	アドマノ株式会社	天野 剛志	https://admano.co.jp/	https://admano.co.jp/contact/
279	株式会社riverch	ご担当者	http://riverch.jp/	
280	株式会社Speee	ご担当者	https://speee.jp/	https://speee.jp/contact/
281	アウンコンサルティング株式会社	ご担当者	https://www.auncon.co.jp/	https://www.auncon.co.jp/ir/contact-ir/
282	ランドマーク株式会社	佐藤 広基	https://www.we-love-seo.com/about/	
283	人材サポート株式会社	伊藤 淳平	https://mirai-jinzai.career-on.jp/	https://mirai-jinzai.career-on.jp/recruit/entry/
284	JR東日本メカトロニクス株式会社	ご担当者	https://www.jrem.co.jp/	https://www.jrem.co.jp/contact/
285	東日本旅客鉄道株式会社	ご担当者	https://www.jreast.co.jp/	https://www.jreast.co.jp/suica/information/
286	株式会社テクノソリューションズ	ご担当者	https://shop.t-sol.co.jp/	https://t-sol.smktg.jp/public/application/add/4990
287	株式会社SMC	吉本 昌史	https://smc-mkt.co.jp/about/	https://smc-mkt.co.jp/contact/
288	株式会社シー・イー・エス	外狩 克幸	https://www.c-e-s.co.jp/	https://www.c-e-s.co.jp/contact
289	株式会社スパイスネットワークス	久保　和義	https://www.spicenetworks.co.jp/	https://www.spicenetworks.co.jp/inquiry
290	デンカアヅミン株式会社	ご担当者	http://www.denka-azumin.co.jp/	https://denka-agriproducts.tayori.com/faq/087bdcef87edf064ae6ea0914d9079b3b9da72fe
291	日之出化学工業株式会社	ご担当者	https://www.hinode-kagaku.co.jp/	
292	九州プラスチック工業株式会社	ご担当者	http://www.k-plastic.co.jp/	https://www.k-plastic.co.jp/pages/5/
293	株式会社タチヤ	ご担当者	https://tachiya.co.jp/	
294	世界堂・新宿 - 文具・画材・額縁の専門店	泉田優介	https://www.sekaido.co.jp/	https://www.sekaido.co.jp/contact
295	トヨタ自動車株式会社	佐藤　恒治	https://global.toyota/jp/company/profile/overview/	https://global.toyota/jp/mobility/related-information/engineer/?padid=ag478_from_header_menu
296	RadiChubu-ラジチューブ-	ご担当者	https://radichubu.jp/	https://radichubu.jp/information/detail/id=41363
297	木村証券株式会社|名古屋市の証券会社	ご担当者	https://www.kimurasec.co.jp/	https://www.kimurasec.co.jp/contact.html
298	株式会社秋田屋	ご担当者	https://www.akita-ya.com/	https://www.akita-ya.com/information/
299	岡谷鋼機株式会社	ご担当者	https://www.okaya.co.jp/	https://trade.smbcnikko.co.jp/InvestmentInformation/1/syohin/prelogin/meigkensk?meigNm=7485
300	株式会社メイプル名古屋	岡部 芳幸	https://www.maiple-nagoya.com/	https://www.maiple-nagoya.com/fs/shinkyu/MemberEntryEdit.html
301	株式会社ティアFC事業本部	冨安徳久	https://fc.tear.co.jp/	https://fc.tear.co.jp/request
302	建設株式会社	ご担当者	https://www.aaconst.co.jp/	https://www.aaconst.co.jp/company/
303	株式会社タイムデザイン	ご担当者	https://conrad-osaka.hiltonjapan.co.jp/	https://conrad-osaka.hiltonjapan.co.jp/form/
304	クラシスホーム | 愛知・名古屋・岐阜・三重・大阪の注文住宅なら	ご担当者	https://www.clasishome.jp/	https://www.clasishome.jp/contact
305	株式会社ライフフーズ	ご担当者	https://www.meshiya.co.jp/	https://www.meshiya.co.jp/contact/
306	株式会社ナノオプト・メディア	大嶋　康彰	https://nanooptmedia.jp/	https://frm.f2ff.jp/form/contact/
307	エスカ地下街~名古屋駅新幹線口~	依田 耕治	https://www.esca-sc.com/	https://www.esca-sc.com/information/
308	株式会社三誠	三村 光隆	https://san-sei.co.jp/	https://san-sei.co.jp/information/
309	妙香園 | 名古屋の老舗お茶専門店	田中 良知	https://myokoen.com/	https://myokoen.com/contact/
310	青柳ういろう | 青柳総本家 公式サイト	ご担当者	https://www.aoyagiuirou.co.jp/	https://www.aoyagiuirou.co.jp/contact/
311	株式会社池田理化	ご担当者	https://www.ikedarika.co.jp/	https://www.ikedarika.co.jp/catalog/list/
312	名古屋のアクセス解析屋・ウェブ解析屋のwonder bee	ご担当者	https://www.wonder-bee.com/	https://www.wonder-bee.com/inquiry/
313	株式会社アコース	谷口　唯	https://www.6web.ne.jp/service/accessana/index.html	
314	株式会社川本製作所	髙津　悟	https://www.kawamoto.co.jp/profile/index02.html	https://www.kawamoto.co.jp/contact/index.html
315	名古屋 駅前 地下街 ユニモール Unimall	古橋　明	https://www.unimall.co.jp/	https://www.unimall.co.jp/information#eigyo
316	山形空港ビル株式会社	長 武田啓子	https://www.yamagata-airport.co.jp/	https://www.yamagata-airport.co.jp/information.html
317	高知空港ビル株式会社	岩城　孝章	http://www.kochiap.co.jp/	https://www.kochiap.co.jp/reference/
318	熊本国際空港株式会社	山川 秀明	https://www.kumamoto-airport.co.jp/	https://www.kumamoto-airport.co.jp/contact/
319	名古屋セントラル病院	ご担当者	https://nagoya-central-hospital.com/	https://nagoya-central-hospital.com/information/
320	ミッドランドスクエア	ご担当者	https://www.midland-square.com/	https://www.midland-square.com/app/index.html#contact
321	株式会社日立ソリューションズ	ご担当者	https://www.hitachi-solutions.co.jp/	https://www.hitachi-solutions.co.jp/inquiry/
322	ゼータ設計株式会社	青島 健	https://www.ze-ta.co.jp/index.html	https://www.ze-ta.co.jp/contact
323	株式会社大高土地	鈴木　康弘	https://www.odakatochi.co.jp/contact.html?id=154&db=kariru	https://www.odakatochi.co.jp/contact.html
324	有限会社向日葵	ご担当者	https://kyujinbu.com/hima/detail/post_6669.html	https://kyujinbu.com/hima/detail/post_6669.html#contact
325	AichiSkyExpo(愛知県国際展示場)	ご担当者	https://www.aichiskyexpo.com/	https://www.aichiskyexpo.com/contact/
326	東海ソフト株式会社	ご担当者	https://www.tokai-soft.co.jp/	https://www.tokai-soft.co.jp/inquiry
327	トーテックアメニティ株式会社	ご担当者	https://www.totec.jp/	https://www.totec.jp/contact/
328	株式会社エスワイシステム	ご担当者	https://www.sysystem.co.jp/	https://www.sysystem.co.jp/contact?hsLang=ja-jp
329	株式会社設立年月日2021年9月1日本社所在地愛	佐橋 宏隆	https://stationai.co.jp/about	https://stationai.co.jp/entry
330	株式会社本社	岡田　裕之	https://ivix-design.co.jp/profile/	https://ivix-design.co.jp/contactus/
331	コーナーズプロダクションズ株式会社	ご担当者	https://cornerz.jp/	https://cornerz.jp/contact/
332	株式会社元町コマース	畠山 元太	https://lp.motomachi-commerce.co.jp/	https://lp.motomachi-commerce.co.jp/#contact
333	株式会社様	ご担当者	https://bcart.jp/	https://bcart.jp/contact/
334	有限会社ビレジオン	ご担当者	https://biz.3rd-in.co.jp/	https://b.hatena.ne.jp/entry/panel/?url=http%3A%2F%2Fbiz.3rd-in.co.jp%2Fcorporate%2F9080105001167
335	株式会社大丸	ご担当者	http://www.daimaru-d.co.jp/ecsite.html	http://www.daimaru-d.co.jp/contact.html
336	株式会社ジーアイシー	ご担当者	https://gi-c.biz/	https://gi-c.biz/contact/
337	ブランド腕時計の販売なら名古屋の中古腕時計専門店ビッグムーン	神農　洋一	https://www.e-bigmoon.com/	https://www.e-bigmoon.com/information/
338	株式会社エルメ・エステート	ご担当者	https://helloworkplus.com/job/23010-09982461/	
339	EC通販・ネットショップ開業|名古屋/デザイン・イベントならDUAL	間瀬 大貴	https://dual-net.com/ecshop/	https://dual-net.com/contact/
340	株式会社フィードフォース	長　塚田耕司	https://recruit.feedforce.jp/	https://www.feedforce.jp/contact/
341	有限会社シオン	ご担当者	https://shion-ltd.com/	
342	株式会社grunch	ご担当者	https://www.grunch.co.jp/	https://www.grunch.co.jp/contact/
343	共同流通株式会社	ご担当者	https://y-studio.co.jp/	https://y-studio.co.jp/flow/index.html
344	株式会社TMEIC	ご担当者	https://me-ja.co.jp/	https://me-ja.co.jp/staffinformation/
345	株式会社ルース	佐藤 宏	https://www.luz-inc.co.jp/	https://www.luz-inc.co.jp/contact/
346	シネマレイ株式会社	ご担当者	https://www.cinemaray.co.jp/	https://www.cinemaray.co.jp/contact/
347	株式会社フラックススタジオ	小出 浩貴	https://fluxstudio.jp/	https://fluxstudio.jp/contact/
348	株式会社リソロ	田原 亮	https://resolo.net/	https://resolo.net/contact/
349	株式会社PAQLA	小塚未波	https://paqla.co.jp/howto/%E5%8B%95%E7%94%BB%E3%83%9E%E3%83%BC%E3%82%B1%E3%83%86%E3%82%A3%E3%83%B3%E3%82%B0%E3%81%AE%E5%8A%B9%E6%9E%9C%E3%81%A8%E3%81%AF%E4%BD%95%E3%81%8B%EF%BD%9Croi%E3%81%A0%E3%81%91%E3%81%A7%E3%81%AF/	https://paqla.co.jp/contact/
350	トヨタコネクティッド株式会社	山本 圭司	https://toyotaconnected.co.jp/company/profile.html	https://toyotaconnected.co.jp/info/
351	株式会社サガミホールディングス	ご担当者	https://www.sagami.co.jp/	https://form.sagami-holdings.co.jp/contact/
352	株式会社muvin	村崎 哲也	http://muvin.co.jp/	http://muvin.co.jp/contact/
353	合同会社インスパイア	ご担当者	https://www.inq.jp/	https://www.inq.jp/otoiawase2/
354	ナッツ株式会社	今泉 公助	https://nat-s.jp/	https://nat-s.jp/#contact
355	株式会社ネクサス	ご担当者	https://www.kintaro-marketing.com/movie	https://www.kintaro-marketing.com/movie
356	株式会社トキ・テック	ご担当者	https://tokitech.co.jp/	https://tokitech.co.jp/info
357	株式会社ビデオハウス	岡田 健裕	http://www.videohouse.co.jp/	https://www.videohouse.co.jp/cms/contact/
358	株式会社ケイズ・スタジオ	湯浅 一敏	https://ksstudio.jp/	https://ksstudio.jp/contact/
359	株式会社ネルプ	松浦法子本社移転	http://arts-web.co.jp/	https://arts-web.co.jp/#
360	株式会社ソアズロック	庄子 義信	http://soarzrock.co.jp/	http://soarzrock.co.jp/contact/
361	株式会社ロズ	西脇真也	http://loz.jp/	http://loz.jp/about/#contact
362	株式会社スタジオスピーク	山口 善之	http://www.studiospeak.co.jp/	https://www.studiospeak.co.jp/contact/postmail.html
363	株式会社パオ様	ご担当者	https://www.weblic.co.jp/	https://www.weblic.co.jp/contact/
364	株式会社シー・エム・バー	恒川 昌子	http://www.cm-bar.co.jp/	https://www.cm-bar.co.jp/contact/
365	株式会社日映映像	加藤 基司	http://www.nichiei-eizo.jp/	http://www.nichiei-eizo.jp/toiawase.html
366	株式会社コックスプロジェクト	宇野 祐司	http://www.coxpro.co.jp/	http://www.coxpro.co.jp/contact.html
367	株式会社ケセラセラ	ご担当者	http://www.queserser.co.jp/	
368	株式会社デフレックストア	加藤 英司	http://www.defrecstore.co.jp/	https://defrecstore.co.jp/#contact
369	株式会社バモスクルー	ご担当者	https://www.vamoscrew.co.jp/	https://www.vamoscrew.co.jp/contact/
370	株式会社弘文社	ご担当者	http://www.koubunsya.co.jp/	http://www.koubunsya.co.jp/infomation/index.html#contact
371	株式会社テイクス	渡辺　武久	http://www.takes.co.jp/	http://www.takes.co.jp/contact.html
372	株式会社タケナカ	ご担当者	http://www.takenaka-co.co.jp/	https://www.takenaka-co.co.jp/contact/recruit_form/
373	有限会社イメージミックス	風間 英知	http://www.imagemix.jp/	http://www.imagemix.jp/news/
374	株式会社エイエヌオフセット	ご担当者	https://www.anoffset.co.jp/	https://www.anoffset.co.jp/form/form_query_03.php
375	株式会社デジタルスタイリング	ご担当者	http://www.digitalstyling.jp/	https://digitalstyling.jp/#
376	株式会社リングス	ご担当者	http://www.studiohiro.jp/	https://www.studiohiro.jp/contact
377	株式会社アイムプロダクション解散	ご担当者	http://www.aim-pro.co.jp/	
378	株式会社プルークス	丸山 博幸	https://proox.co.jp/	https://proox.co.jp//contact/
379	株式会社LOCUS	ご担当者	https://www.locus-inc.co.jp/	https://www.locus-inc.co.jp/contact
380	株式会社LIVEUP	ご担当者	https://live-up.co.jp/	https://live-up.co.jp/contact/
381	株式会社HOSHO企画	空閑涼太連絡先	https://hoshokikaku.com/	https://hoshokikaku.com/contact
382	株式会社ナハト-インスタグラマーキャスティング	安達 友基	https://nahato.co.jp/	https://nahato.co.jp/contact
383	株式会社ハーマンドット	久留島 圭亮	https://hermandot.co.jp/	https://hermandot.co.jp/contact
384	株式会社ACROVE	ご担当者	https://acrove.co.jp/	https://acrove.co.jp/contact/
385	UUUM株式会社	本田 謙	https://uuum.jp/	https://entry.uuum.jp/
386	株式会社レポハピ	ご担当者	https://www.repohappy.co.jp/	https://www.repohappy.com/inquiries
387	株式会社IW	ご担当者	https://iw-inc.jp/	https://iw-inc.jp/contact/
388	株式会社ビューズ	ご担当者	https://beaus.net/note/2752/	https://beaus.net/contact2/
389	株式会社Rai&Co	榎本人之	https://service.unit-g.com/case/009/	https://service.unit-g.com/download_form/
390	ブライド株式会社	高植 凡人	https://bride-co.jp/inful/	https://bride-co.jp/contact
391	インフルエンサー|株式会社 Campbell -キャンベル-	ご担当者	https://model-campbell.com/influencer/	https://model-campbell.com/contact
392	株式会社ハートフル	樋勝 毅	https://h-full.co.jp/	https://h-full.co.jp/contact
393	株式会社Candee	中沢 利洋	https://candee.co.jp/	https://candee.co.jp/contact
394	共同ピーアール株式会社	谷 鉄也	https://vaz.co.jp/	https://vaz.co.jp/contact/
395	株式会社インフルエンサーマーケティング&コミュニ	ご担当者	https://houjin.jp/c/6180001162213	https://form.run/@houjin
396	スマートシェア株式会社	松田 太一	https://www.smartshare.jp/	https://www.smartshare.jp/contact
397	株式会社Clip	ご担当者	https://clipmaster.jp/	https://clipmaster.jp/contact/entry
398	MIHA株式会社	田中 利昌	https://www.miha.co.jp/	https://www.miha.co.jp/contact-jp/
399	株式会社リバティタウン	本田 一世	https://libertytown.co.jp/	https://libertytown.co.jp/contact
400	CARAFUL株式会社	長 松村淳平	https://www.caraful.co.jp/	https://www.caraful.co.jp/contactInput
401	株式会社Kiii	藤倉晴樹	https://kiii.co.jp/	https://kiii.co.jp/contact/
402	株式会社ホリプロデジタルエンターテインメント	鈴木秀	https://horipro-digital-entertainment.co.jp/	https://horipro-digital-entertainment.co.jp/#contact
403	株式会社KNOCK	加藤 芳郎	https://knock.co.jp/	https://knock.co.jp/contact/
404	株式会社設立2014年1月20日本社所在地東京都	ご担当者	https://studio-coup.thecoo.co.jp/	https://studio-coup.thecoo.co.jp/contact
405	株式会社大門	佐藤 聖哉	https://ndpromotion.co.jp/	https://ndpromotion.co.jp/contact/
406	株式会社MAPROMOTIONS	朝倉未来	https://mapromotions.jp/	https://mapromotions.jp/contact
407	株式会社Greed	久留島 弘嗣	https://greedinc.co.jp/	https://greedinc.co.jp/contact
408	株式会社Lexa	岡本 純平	https://lexa.co.jp/	https://lexa.co.jp/contact/
409	株式会社アール・エム	ご担当者	https://www.r-m.jp/	https://www.r-m.jp/contact
410	株式会社石橋楽器店	五十嵐勝則	https://www.ishibashi.co.jp/	https://www.ishibashi.co.jp/mailmaga/
411	有限会社ライトスタッフ代表取締役	ご担当者	https://agui-ito.jp/	https://agui-ito.jp/category/information/
412	株式会社石川屋	伝える力を	http://www.handa-cci.or.jp/	https://www.handa-cci.or.jp/contact/contact.html
413	株式会社マキノ	ご担当者	https://handahoujinkai.jp/	https://handahoujinkai.jp/information
414	株式会社デイズ	ご担当者	https://www.homepage.work/aichi/%E6%A0%AA%E5%BC%8F%E4%BC%9A%E7%A4%BE%E3%83%87%E3%82%A4%E3%82%BA/	
415	マグマ株式会社	ご担当者	https://magma-inc.com/lp/	https://magma-inc.com/contact/