"company_name","url","address","phone","maps_url","status"
"株式会社イーエムオー","https://emo-sp.com/","〒547-0001 大阪府大阪市平野区加美北4丁目4番1号","06-6792-6788","",""
"株式会社エキスプレス社","http://www.express-net.co.jp/","〒104-0061 東京都中央区銀座3丁目9番4号","","",""
"株式会社OSKプランニング","https://osk-planning.co.jp/","〒544-0015 大阪市生野区巽南1-17-25","06-6751-1328","",""
"株式会社Qoil","https://www.qoil.co.jp/","〒106-0041 東京都港区麻布台1-11-9","03-6367-1070","",""
"株式会社広研","http://www.kouken.co.jp/","〒550-0013 大阪市西区新町1-4-24 大阪四ツ橋新町ビル2F","06-6616-7611","",""
"株式会社三水社","http://www.co-sansuisha.jp/","〒179-0084 東京都練馬区氷川台3-8-18","03-3933-4131","",""
"株式会社スコープ・インターナショナル","http://www.scope-int.co.jp/","〒104-0033 東京都中央区新川1-25-9 明産新川シティビル9階","03-3555-8989","",""
"株式会社スピン","http://www.spin-inc.co.jp/","〒162-0845 東京都新宿区市谷本村町 2 番 34 号","03-6457-5511","",""
"株式会社テー・オー・ダブリュー","https://www.tow.co.jp/","〒105-0001 東京都港区虎ノ門四丁目3番13号 ヒューリック神谷町ビル3F","03-5777-1888","",""
"株式会社東具","http://www.togu.co.jp/","〒538-0043 大阪市鶴見区今津南1-1-35","06-6965-3331","",""
"株式会社ノムラメディアス","https://www.nomura-medias.co.jp/","〒135-0091 東京都港区台場2丁目3番5号","03-6426-0198","",""
"株式会社ヒロモリ","http://www.hiromori.co.jp/","〒108-0075 東京都港区港南2丁目12番32号","03-6890-1620","",""
"株式会社フロンティアインターナショナル","http://www.frontier-i.co.jp/","〒150-0002東京都渋谷区渋谷 3-3-5NBF 渋谷イースト","03-5778-3500","",""
"株式会社読広クロスコム","http://www.yomiko-crosscom.co.jp/","〒107-6106 東京都港区赤坂5-2-20","03-5544-7700","",""
"株式会社アドインテ","https://adinte.co.jp/","〒600-8441 京都府京都市下京区新町通四条下る四条町347-1","075-342-0255","",""
