company_name,url,address,phone,maps_url,status
株式会社 I&S BBDO,https://www.isbbdo.co.jp/,〒107-0062 東京都港区南青山1-1-1 新青山ビル 東館21階,03-6221-8585,,
株式会社 朝日エージェンシー,https://www.asahi-ag.com/index.html,〒104-8011 東京都中央区築地5-3-2,,,
株式会社 朝日広告社,https://www.asakonet.co.jp/,〒104-8313 東京都中央区銀座7-16-12 G-7ビル,03-3547-5400,,
株式会社 アド電通大阪,https://www.addentsu-osaka.co.jp/,〒530-8228 大阪市北区大深町5番54号 グラングリーン大阪パークタワー,,,
株式会社 ADKコミュニケーションズ,https://adk-com.jp/,〒105-0001 東京都港区虎ノ門2丁目10-1,03-3585-9090,,
株式会社 AViC,https://avic.jp/,〒107-6019 東京都港区赤坂一丁目12番32号 アーク森ビル19階,,,
株式会社エイチ・アイ・エス デザイン アンド プラス,https://www.his-dp.jp/,〒105-6905 東京都港区虎ノ門4-1-1 神谷町トラストタワー5階,050-1731-0873,,
株式会社 小田急エージェンシー,https://www.odakyu-ag.co.jp/,〒163-0708 東京都新宿区西新宿２丁目７番１号 新宿第一生命ビルディング,03-3346-0880,,
株式会社 オプト,https://www.opt.ne.jp/,〒102-0081 東京都千代田区四番町6,,,
株式会社 オリコム,https://www.oricom.co.jp/,〒105-0004 東京都港区新橋1-11-7 新橋センタープレイス,03-6733-2000,,
株式会社 ギャンビット,https://www.gambit.co.jp/,〒104-0045 東京都中央区築地1-9-5 一九堂ビル,03-3547-3433,,
株式会社 共同広告社,https://www.ad-kyodo.co.jp/,〒103-0024 東京都中央区日本橋小舟町15-10,,,
株式会社 クオラス,https://quaras.co.jp/,〒141-6007 東京都品川区大崎2-1-1,03-5487-5001,,
株式会社 京王エージェンシー,https://www.keio-ag.co.jp/,〒163-0867 東京都新宿区西新宿2丁目4番1号 新宿NSビル23階,03-3348-8610,,
株式会社 京急アドエンタープライズ,https://www.keikyu-ad.co.jp/,〒220-0011 横浜市西区高島1-2-8,,,
京成フロンティア企画 株式会社,http://www.keisei-agency.co.jp/,〒 110-0003 東京都台東区根岸2丁目22番1号,03-5808-7520,,
株式会社 広明通信社,https://www.ad-koumei.com/,〒101-0041 東京都千代田区神田須田町1-34-4 神田グロウビル2階,03-3252-0821,,
株式会社 SIGNING,https://signing.co.jp/,〒108-0073 東京都港区三田1-4-28 三田国際ビル16F,03-4236-4980,,
株式会社 三栄広告社,https://www.sanei-ad.jp/,〒102-0072 東京都千代田区飯田橋1-12-17 稲門ビル,03-3264-7821,,
株式会社 三 晃 社,https://www.sanko-sha.co.jp/,〒460-0002 名古屋市中区丸の内3-20-9,052-961-2211,,
株式会社 三友エージェンシー,https://www.sanyu-ag.com/,〒104-0061 東京都中央区銀座5-15-8,03-5565-2003,,
株式会社 ジェイアール東日本企画,https://www.jeki.co.jp/,〒150-8508 東京都渋谷区恵比寿南1丁目5番5号,,,
株式会社 シネブリッジ,http://www.cine-bridge.com/,〒105-0021 東京都港区東新橋2丁目16番1号 ルーシスビル,03-5425-2725,,
株式会社 シマ・クリエイティブハウス,https://www.sima-creative.co.jp/,〒107-0062 東京都港区南青山7-2-8,,,
株式会社 昭 通,https://www.shotsu.co.jp/,〒160-0007 東京都新宿区荒木町20-21 インテック88ビル9階,03-5315-0781,,
株式会社 新 通,https://www.shintsu.co.jp/,〒550-0005 大阪市西区西本町1丁目5番8号 新通ビル,06-6532-1682,,
株式会社 真 和,https://shinwa-inc.co.jp/,〒100-0006 東京都千代田区有楽町2-7-1 有楽町イトシア11階,03-6256-0621,,
株式会社 伸和エージェンシー,https://www.shinwa-agency.co.jp/,〒 550-0011 大阪市西区阿波座1丁目5番16号 大和ビル7階,,,
株式会社 スタンダード通信社,http://www.standard.co.jp/,〒152-0035 東京都目黒区自由が丘 2-8-5,03-5726-5850,,
株式会社 セプテーニ,https://www.septeni.co.jp/,〒160-6128 東京都新宿区西新宿8-17-1,,,
株式会社 大広,https://www.daiko.co.jp/,〒530-8263 大阪市北区中之島2-2-7 中之島セントラルタワー,,,
株式会社 大広WEDO,https://www.daiko-wedo.co.jp/,〒105-8656 東京都港区芝2-14-5,,,
株式会社 TBWA HAKUHODO,https://www.tbwahakuhodo.co.jp/,〒105-0023 東京都港区芝浦1-13-10 第3東運ビル,,,
株式会社 DGコミュニケーションズ,https://www.dg-c.co.jp/,〒160-0023 東京都新宿区西新宿3-7-30フロンティアグラン西新宿7階,050-1741-3455,,
株式会社 電 通,https://www.dentsu.co.jp/,〒105-7001 東京都港区東新橋1-8-1,03-6216-5111,,
株式会社 電通アドギア,http://www.dentsu-adgear.co.jp/,104-0061 東京都中央区銀座8-21-1 住友不動産汐留浜離宮ビル,03-5565-5510,,
株式会社 電通ダイレクト,https://www.ddir.co.jp/,〒105-7001 東京都港区東新橋1-8-1 電通本社ビル,,,
株式会社 電通デジタル,https://www.dentsudigital.co.jp/,〒105-7077 東京都港区東新橋1-8-1 電通本社ビル,,,
株式会社 電通西日本,https://www.dentsu-west-j.co.jp/,〒530-8228 大阪市北区大深町5番54号 グラングリーン大阪パークタワー,06-6484-8840,,
株式会社 電通北海道,https://www.dentsu-hokkaido.jp/,〒060-8545 札幌市中央区大通西5丁目11-1,011-214-5111,,
株式会社 東映エージエンシー,http://www.toeiad.co.jp/,〒104-0033 東京都中央区新川 1-18-11,,,
株式会社 内藤一水社,https://www.naito.jp/,〒102-0083 東京都千代田区麹町3-2 エヌワンビル,03-3265-9113,,
株式会社 西鉄エージェンシー,https://www.nag.co.jp/,〒810-0074 福岡市中央区大手門2丁目1番10号 西鉄大手門ビル2F,092-781-1161,,
株式会社 日経エージェンシー,https://www.nkag.co.jp/,〒101-0054 東京都千代田区神田錦町1-4-3,03-5259-5430,,
株式会社 日本経済広告社,https://www.adex.co.jp/,〒101-0054 東京都千代田区神田錦町1-4-3 神田スクエアフロント4F,03-5259-5430,,
株式会社 日本経済社,https://www.nks.co.jp/,〒107-0051 東京都港区元赤坂1丁目2番7号 赤坂Kタワー 11階,,,
株式会社 博 報 堂,https://www.hakuhodo.co.jp/,〒107-6322 東京都港区赤坂5丁目3番1号 赤坂Bizタワー,,,
株式会社 博報堂Gravity,https://h-gravity.co.jp/,〒100-0006 東京都千代田区有楽町1-5-2 東宝日比谷プロムナードビル 3階,03-3528-8210,,
株式会社 BBDO J WEST,https://www.bbdojw.co.jp/,〒810-0001 福岡市中央区天神4-1-32メットライフ天神リバーフロントビル7F,092-751-2466,,
株式会社 BBDO JAPAN,https://www.bbdojapan.com/,〒107-0062 東京都港区南青山1丁目1番1号 新青山ビル 東館21階,03-6221-8585,,
株式会社ビデオプロモーション,https://www.vpr.co.jp/,〒107-0052 東京都港区赤坂4丁目15番1号 赤坂ガーデンシティ3階,03-5575-2807,,
株式会社 文協,http://www.bun-kyo.com/,〒171-0022 東京都豊島区南池袋1-13-23 JRE南池袋ビル（旧：池袋YSビル）５階,03-3987-5461,,
株式会社 文宣,http://www.bunsen-inc.co.jp/,〒170-0013 東京都豊島区東池袋1-25-8,03-3988-2041,,
株式会社 読売ＩＳ,https://www.yomiuri-is.co.jp/,〒103-0013 東京都中央区日本橋人形町3-9-1,03-5847-1500,,
