company_name,url,public_source
株式会社Time Link Creation,https://www.timelink-cre.com,高知県プロポーザル結果
earthcampus株式会社,https://earthcampus.co.jp,生駒市プロポーザル結果
オハヨウプロダクションズ合同会社,https://ohapro.com,わかやま産業振興財団選定結果
株式会社EDIN,https://edin.jp,広島市プロポーザル結果
株式会社ジェイ・エヌ・エス,https://jns-web.co.jp,島田市プロポーザル結果
株式会社merchu,https://merchu-inc.com,広島県プロポーザル結果
一般社団法人まちはチームだ,https://machi.team,北九州市プロポーザル結果
株式会社おきなわコークリエーション,https://okinawa-co-creation.com,沖縄観光コンベンションビューロー選定結果
株式会社第一プログレス,https://daiichi-progress.co.jp,橋本市プロポーザル結果
81plus株式会社,https://81plus.jp,喜界町プロポーザル審査参加者
株式会社エービーシースタイル,https://abc-style.co.jp,喜界町プロポーザル審査参加者
株式会社movel,https://movel.co.jp,北九州市公式SNS審査委員所属企業
株式会社gaaboo,https://gaaboo.jp,北九州市公式SNS審査委員所属企業
株式会社エールヴァンクール,https://aile-vainqueur.com,川口市SNS運用選定結果
株式会社BESW,https://bes-japan.jp,商工会議所SNS講座公式情報
Vpon JAPAN株式会社,https://www.vpon.com/jp,沖縄観光コンベンションビューロー選定結果
