"company_name","url","address","phone","maps_url"
"株式会社 LAM COMPANY","https://www.moji-lamcompany.com","〒801-0863 福岡県北九州市門司区栄町2","093-342-7321","https://www.google.com/maps/place/%E6%A0%AA%E5%BC%8F%E4%BC%9A%E7%A4%BE+LAM+COMPANY/data=!4m7!3m6!1s0x3543bf7f628ed251:0xb1a7ccb88c6b4353!8m2!3d33.9447457!4d130.9650354!16s%2Fg%2F11ffv3p7jn!19sChIJUdKOYn-_QzURU0NrjLjMp7E?authuser=0&hl=ja&rclk=1"
"プラスIT","https://service.plus-it.biz","長野市 高田五分一４２０","","https://www.google.com/maps/place/%E3%83%97%E3%83%A9%E3%82%B9IT/data=!4m7!3m6!1s0x601d870957c252f3:0x5484062f43517f2b!8m2!3d36.647544!4d138.2130778!16s%2Fg%2F11xktl3_mr!19sChIJ81LCVwmHHWARK39RQy8GhFQ?authuser=0&hl=ja&rclk=1"
"株式会社EAVEL","https://eavel.co.jp","〒703-8261 岡山県岡山市中区海吉1","086-238-2962","https://www.google.com/maps/place/%28%E6%A0%AA%29EAVEL/data=!4m7!3m6!1s0x35540924c3cbbd3b:0x1da5e726a5e68416!8m2!3d34.6622541!4d133.9874534!16s%2Fg%2F11vr6p3_xy!19sChIJO73LwyQJVDURFoTmpSbnpR0?authuser=0&hl=ja&rclk=1"
"㈱愛京広告","https://aikyo-ad.com","〒059-1365 北海道苫小牧市字植苗1","0120-37-0098","https://www.google.com/maps/place/%E3%88%B1%E6%84%9B%E4%BA%AC%E5%BA%83%E5%91%8A/data=!4m7!3m6!1s0x5f751efec2f7989b:0xe5c726add9482103!8m2!3d42.7336478!4d141.7189699!16s%2Fg%2F11gh2wh9_j!19sChIJm5j3wv4edV8RAyFI2a0mx-U?authuser=0&hl=ja&rclk=1"
"株式会社人材屋","http://jinzai-ya.co.jp","〒802-0006 福岡県北九州市小倉北区魚町1","093-513-2380","https://www.google.com/maps/place/%E6%A0%AA%E5%BC%8F%E4%BC%9A%E7%A4%BE%E4%BA%BA%E6%9D%90%E5%B1%8B/data=!4m7!3m6!1s0x3543bf4da68ccda3:0xf67e19318953feaf!8m2!3d33.884439!4d130.880624!16s%2Fg%2F11c3n1q337!19sChIJo82Mpk2_QzURr_5TiTEZfvY?authuser=0&hl=ja&rclk=1"
"株式会社火燵（こたつ）","https://kotatsu.info","〒112-0004 東京都文京区後楽2","03-6822-5629","https://www.google.com/maps/place/%E6%A0%AA%E5%BC%8F%E4%BC%9A%E7%A4%BE%E7%81%AB%E7%87%B5%EF%BC%88%E3%81%93%E3%81%9F%E3%81%A4%EF%BC%89/data=!4m7!3m6!1s0x3553df2edcde018b:0x23b2f422502e40b!8m2!3d34.2981109!4d133.8349974!16s%2Fg%2F11_rqby07!19sChIJiwHe3C7fUzURC-QCJUIvOwI?authuser=0&hl=ja&rclk=1"
"㈱ティーコネクト","https://tct-connect.com","〒064-0809 北海道札幌市中央区南９","011-206-6717","https://www.google.com/maps/place/%E3%88%B1%E3%83%86%E3%82%A3%E3%83%BC%E3%82%B3%E3%83%8D%E3%82%AF%E3%83%88/data=!4m7!3m6!1s0x5f0b29c12951caa7:0xa71b3f4f0e1ab1aa!8m2!3d43.0482559!4d141.3524434!16s%2Fg%2F11ty52557r!19sChIJp8pRKcEpC18RqrEaDk8_G6c?authuser=0&hl=ja&rclk=1"
"Pasolack -パソラック-","https://pasolack.salty.style","水戸市 東原３丁目６−４４","090-4748-8643","https://www.google.com/maps/place/Pasolack+-%E3%83%91%E3%82%BD%E3%83%A9%E3%83%83%E3%82%AF-/data=!4m7!3m6!1s0xa44d44eff1e2bc7:0x49567f6c277b2a22!8m2!3d36.3858771!4d140.4460593!16s%2Fg%2F11krgc76v7!19sChIJxyse_07URAoRIip7J2x_Vkk?authuser=0&hl=ja&rclk=1"
"acssemble","https://acssemble.com","〒231-0014 神奈川県横浜市中区常盤町3","","https://www.google.com/maps/place/acssemble/data=!4m7!3m6!1s0x60185d5055edf29b:0x707afed38ecece65!8m2!3d35.4460297!4d139.6365927!16s%2Fg%2F11h0ms4z1k!19sChIJm_LtVVBdGGARZc7OjtP-enA?authuser=0&hl=ja&rclk=1"
"株式会社ソフィットウェブコンサルティング","https://sophit.biz","横浜市 不老町１丁目２−１","050-7108-5882","https://www.google.com/maps/place/%EF%BC%88%E6%A0%AA%EF%BC%89%E3%82%BD%E3%83%95%E3%82%A3%E3%83%83%E3%83%88%E3%82%A6%E3%82%A7%E3%83%96%E3%82%B3%E3%83%B3%E3%82%B5%E3%83%AB%E3%83%86%E3%82%A3%E3%83%B3%E3%82%B0/data=!4m7!3m6!1s0x60185cf1b668dfe3:0x4af5a9d40c319611!8m2!3d35.4425327!4d139.6371745!16s%2Fg%2F11fm3ptdwn!19sChIJ499otvFcGGAREZYxDNSp9Uo?authuser=0&hl=ja&rclk=1"
"株式会社モノクロマーケティング","https://monochro-marketing.co.jp","横浜市 金港町5−１４ クアドリフォリオ 8階","050-1807-1567","https://www.google.com/maps/place/%E6%A0%AA%E5%BC%8F%E4%BC%9A%E7%A4%BE%E3%83%A2%E3%83%8E%E3%82%AF%E3%83%AD%E3%83%9E%E3%83%BC%E3%82%B1%E3%83%86%E3%82%A3%E3%83%B3%E3%82%B0/data=!4m7!3m6!1s0x60185de03f299fed:0x13b4c8bcb902eaaa!8m2!3d35.4681882!4d139.625026!16s%2Fg%2F11x2xfgdjy!19sChIJ7Z8pP-BdGGARquoCubzItBM?authuser=0&hl=ja&rclk=1"
"有限会社ウェブプロモート","https://www.webpromote.jp","〒047-0028 北海道小樽市相生町8","0134-32-4234","https://www.google.com/maps/place/%E3%82%A6%E3%82%A7%E3%83%96%E3%83%97%E3%83%AD%E3%83%A2%E3%83%BC%E3%83%88/data=!4m7!3m6!1s0x5f0ae05a22a17e0d:0x8b824acf987aef1b!8m2!3d43.189952!4d141.004803!16s%2Fg%2F1tl1n76q!19sChIJDX6hIlrgCl8RG-96mM9Kgos?authuser=0&hl=ja&rclk=1"
"株式会社新愛知電機製...","https://mocchy5.sakura.ne.jp","〒486-0856 愛知県春日井市梅ヶ坪町6","090-6591-8855","https://www.google.com/maps/place/%E6%9C%9B%E6%9C%88%E6%AD%A3%E6%98%8E%E5%BA%83%E5%91%8A%E4%BA%8B%E5%8B%99%E6%89%80/data=!4m7!3m6!1s0x6003736a2e8c221b:0x288ca2b4750385cd!8m2!3d35.2535233!4d136.97881!16s%2Fg%2F11p9wmk7cl!19sChIJGyKMLmpzA2ARzYUDdbSijCg?authuser=0&hl=ja&rclk=1"
"日東交通株式会社","https://kisacon.com","木更津市 太田４丁目３−７","0438-25-1377","https://www.google.com/maps/place/%E7%89%B9%E5%AE%9A%E9%9D%9E%E5%96%B6%E5%88%A9%E6%B4%BB%E5%8B%95%E6%B3%95%E4%BA%BA+%E6%9C%A8%E6%9B%B4CoN/data=!4m7!3m6!1s0x60180b14df9e41e1:0x74245c1ee230ccc9!8m2!3d35.3736054!4d139.9583461!16s%2Fg%2F11c3trkf2n!19sChIJ4UGe3xQLGGARycww4h5cJHQ?authuser=0&hl=ja&rclk=1"
"株式会社クイックリー","https://quickly.co.jp","〒513-0027 三重県鈴鹿市岡田3","06-6770-9895","https://www.google.com/maps/place/%E6%A0%AA%E5%BC%8F%E4%BC%9A%E7%A4%BE%E3%82%AF%E3%82%A4%E3%83%83%E3%82%AF%E3%83%AA%E3%83%BC+%E4%B8%89%E9%87%8D%E3%82%AA%E3%83%95%E3%82%A3%E3%82%B9/data=!4m7!3m6!1s0x60038b947a555a1b:0x2b775078ff984f53!8m2!3d34.8796923!4d136.5503969!16s%2Fg%2F11fnbd7s0y!19sChIJG1pVepSLA2ARU0-Y_3hQdys?authuser=0&hl=ja&rclk=1"
"株式会社カンドタカメ","https://www.candotakeme.com","〒446-0058 愛知県安城市三河安城南町1","050-1808-8619","https://www.google.com/maps/place/%E6%A0%AA%E5%BC%8F%E4%BC%9A%E7%A4%BE%E3%82%AB%E3%83%B3%E3%83%89%E3%82%BF%E3%82%AB%E3%83%A1/data=!4m7!3m6!1s0x600499b066069861:0x37af47e9c782c458!8m2!3d34.9661675!4d137.0601357!16s%2Fg%2F11m6tqynxv!19sChIJYZgGZrCZBGARWMSCx-lHrzc?authuser=0&hl=ja&rclk=1"
"テコハブ株式会社","https://teco-hub.com","熊本市 迎町１丁目４−１４ 石橋ビル 202","096-240-3217","https://www.google.com/maps/place/%E3%83%86%E3%82%B3%E3%83%8F%E3%83%96%E6%A0%AA%E5%BC%8F%E4%BC%9A%E7%A4%BE/data=!4m7!3m6!1s0x3540f391f05d9909:0x7f1e13b0ca741e43!8m2!3d32.7915759!4d130.7020472!16s%2Fg%2F11gy68bjph!19sChIJCZld8JHzQDURQx50yrATHn8?authuser=0&hl=ja&rclk=1"
"人にやさしいクリエイション","https://hitoniyasashii.com","〒064-0804 北海道札幌市中央区南4","011-600-0174","https://www.google.com/maps/place/%E4%BA%BA%E3%81%AB%E3%82%84%E3%81%95%E3%81%97%E3%81%84%E3%82%AF%E3%83%AA%E3%82%A8%E3%82%A4%E3%82%B7%E3%83%A7%E3%83%B3/data=!4m7!3m6!1s0x5f0b29e72e223e11:0xe1f147bcb5288b71!8m2!3d42.9961379!4d141.4535288!16s%2Fg%2F11x16_cj6z!19sChIJET4iLucpC18RcYsotbxH8eE?authuser=0&hl=ja&rclk=1"
"株式会社 CAPサービス","https://cap-service.jp","〒541-0047 大阪府大阪市中央区淡路町3","0120-14-4551","https://www.google.com/maps/place/%E6%A0%AA%E5%BC%8F%E4%BC%9A%E7%A4%BE+CAP%E3%82%B5%E3%83%BC%E3%83%93%E3%82%B9/data=!4m7!3m6!1s0x6000e7c39cd4ec91:0x16c574318640c1c7!8m2!3d34.6871413!4d135.5012215!16s%2Fg%2F11h6x6147l!19sChIJkezUnMPnAGARx8FAhjF0xRY?authuser=0&hl=ja&rclk=1"
"IG株式会社","https://www.mediaimpact.co.jp","京都市 甲斐守町９７ 2F","075-406-1349","https://www.google.com/maps/place/%E6%A0%AA%E5%BC%8F%E4%BC%9A%E7%A4%BE%E3%83%A1%E3%83%87%E3%82%A3%E3%82%A2%E3%82%A4%E3%83%B3%E3%83%91%E3%82%AF%E3%83%88/data=!4m7!3m6!1s0x60010876358172a5:0xdf92be212ccb0b20!8m2!3d35.0248989!4d135.7533519!16s%2Fg%2F1hc3vfmkq!19sChIJpXKBNXYIAWARIAvLLCG-kt8?authuser=0&hl=ja&rclk=1"
"クムクム株式会社正規代理店","https://shiiimo.com","大分市 青葉台２丁目１−８","","https://www.google.com/maps/place/Shiiimo/data=!4m7!3m6!1s0x4d094147cc62492d:0xb477b0b567ec4ade!8m2!3d33.2285957!4d131.5782784!16s%2Fg%2F11sr0h1n0s!19sChIJLUlizEdBCU0R3krsZ7Wwd7Q?authuser=0&hl=ja&rclk=1"
"株式会社MARKELINK","https://quartet-communications.com","〒460-0003 愛知県名古屋市中区錦2","0120-993-414","https://www.google.com/maps/place/%E3%82%AB%E3%83%AB%E3%83%86%E3%83%83%E3%83%88%E3%82%B3%E3%83%9F%E3%83%A5%E3%83%8B%E3%82%B1%E3%83%BC%E3%82%B7%E3%83%A7%E3%83%B3%E3%82%BA/data=!4m7!3m6!1s0x6003772bb92e0517:0x1831395e29bb1a5e!8m2!3d35.1725121!4d136.901472!16s%2Fg%2F1w0j43bc!19sChIJFwUuuSt3A2ARXhq7KV45MRg?authuser=0&hl=ja&rclk=1"
"合同会社テンシステム","http://ten-system.com","下関市 秋根東町３−３９","083-250-6616","https://www.google.com/maps/place/%E5%90%88%E5%90%8C%E4%BC%9A%E7%A4%BE%E3%83%86%E3%83%B3%E3%82%B7%E3%82%B9%E3%83%86%E3%83%A0/data=!4m7!3m6!1s0x3543a2bb2feaff49:0x8db6cc6919f759be!8m2!3d34.010836!4d130.9537899!16s%2Fg%2F1pyqhbmsy!19sChIJSf_qL7uiQzURvln3GWnMto0?authuser=0&hl=ja&rclk=1"
"株式会社日相印刷","https://www.print-nisso.com","〒252-0328 神奈川県相模原市南区麻溝台8","042-748-6020","https://www.google.com/maps/place/%EF%BC%88%E6%A0%AA%EF%BC%89%E6%97%A5%E7%9B%B8%E5%8D%B0%E5%88%B7%2F%E6%97%A5%E7%9B%B8%E5%87%BA%E7%89%88/data=!4m7!3m6!1s0x6018fe64f9307947:0x4b07a1296a26cc08!8m2!3d35.5265975!4d139.398648!16s%2Fg%2F1vvyy3n6!19sChIJR3kw-WT-GGARCMwmaimhB0s?authuser=0&hl=ja&rclk=1"
"株式会社トラベーション","https://travation.co.jp","〒569-1022 大阪府高槻市日吉台二番","","https://www.google.com/maps/place/%EF%BC%88%E6%A0%AA%EF%BC%89%E3%83%88%E3%83%A9%E3%83%99%E3%83%BC%E3%82%B7%E3%83%A7%E3%83%B3+%E6%9C%AC%E7%A4%BE/data=!4m7!3m6!1s0x60010300185ac137:0x60979cb02e0e58d4!8m2!3d34.8727056!4d135.6132346!16s%2Fg%2F11wnd_qh9n!19sChIJN8FaGAADAWAR1FgOLrCcl2A?authuser=0&hl=ja&rclk=1"
"株式会社Next Vision","https://www.nextvisionjp.net","〒663-8004 兵庫県西宮市下大市東町4","080-2527-3115","https://www.google.com/maps/place/%E6%A0%AA%E5%BC%8F%E4%BC%9A%E7%A4%BENext+Vision/data=!4m7!3m6!1s0x842c5fe48f543c53:0x67e989f1f34d9863!8m2!3d34.7570081!4d135.358472!16s%2Fg%2F11z7p7b941!19sChIJUzxUj-RfLIQRY5hN8_GJ6Wc?authuser=0&hl=ja&rclk=1"
"株式会社スカイライトマーケティング","https://skylightmarketing.co.jp","〒530-0001 大阪府大阪市北区梅田2","06-7878-5697","https://www.google.com/maps/place/%E3%82%B9%E3%82%AB%E3%82%A4%E3%83%A9%E3%82%A4%E3%83%88%E3%83%9E%E3%83%BC%E3%82%B1%E3%83%86%E3%82%A3%E3%83%B3%E3%82%B0%E4%BB%99%E5%8F%B0%E4%BA%8B%E5%8B%99%E6%89%80/data=!4m7!3m6!1s0x5f8a29006162e007:0x31dee141e8b1961f!8m2!3d38.2703005!4d140.8686363!16s%2Fg%2F11njrvzmn4!19sChIJB-BiYQApil8RH5ax6EHh3jE?authuser=0&hl=ja&rclk=1"
"株式会社Food Seed","https://heart-seed.jp","〒194-0021 東京都町田市中町3","042-850-9249","https://www.google.com/maps/place/%E6%A0%AA%E5%BC%8F%E4%BC%9A%E7%A4%BEHeart+Seed%EF%BC%88%E3%83%8F%E3%83%BC%E3%83%88%E3%82%B7%E3%83%BC%E3%83%89%EF%BC%89+%E7%9B%B8%E6%A8%A1%E5%8E%9F/data=!4m7!3m6!1s0x8107c0bdb7c05d6f:0x28b1549bdae3c771!8m2!3d35.5783565!4d139.3716854!16s%2Fg%2F11t6p3qptg!19sChIJb13At73AB4ERccfj2ptUsSg?authuser=0&hl=ja&rclk=1"
"株式会社レイヤーワークス","https://layerworks.co.jp","〒444-0031 愛知県岡崎市梅園町字山添2","0564-26-0015","https://www.google.com/maps/place/%E3%83%AC%E3%82%A4%E3%83%A4%E3%83%BC%E3%83%AF%E3%83%BC%E3%82%AF%E3%82%B9/data=!4m7!3m6!1s0x6004bd2e9b37db6f:0x751f7b0e3a280110!8m2!3d34.9595689!4d137.1685388!16s%2Fg%2F1v3lpxcf!19sChIJb9s3my69BGAREAEoOg57H3U?authuser=0&hl=ja&rclk=1"
"株式会社西村","https://24mura.co.jp","福岡市 大名２丁目１−１３ 3F","092-260-5424","https://www.google.com/maps/place/%E6%A0%AA%E5%BC%8F%E4%BC%9A%E7%A4%BE%E8%A5%BF%E6%9D%91/data=!4m7!3m6!1s0x354191872bf83d09:0x60c33f077442930f!8m2!3d33.5883521!4d130.3950766!16s%2Fg%2F11j13lyhp8!19sChIJCT34K4eRQTURD5NCdAc_w2A?authuser=0&hl=ja&rclk=1"
"イツモスマイル株式会社","https://itsumo-app.net","〒770-0022 徳島県徳島市佐古二番","088-677-8866","https://www.google.com/maps/place/%E3%82%A4%E3%83%84%E3%83%A2%E3%82%B9%E3%83%9E%E3%82%A4%E3%83%AB%E3%83%87%E3%82%B8%E3%82%BF%E3%83%AB%E3%82%BD%E3%83%AA%E3%83%A5%E3%83%BC%E3%82%B7%E3%83%A7%E3%83%B3%E3%82%BA%E6%A0%AA%E5%BC%8F%E4%BC%9A%E7%A4%BE/data=!4m7!3m6!1s0x3553730051124cb7:0xdb04409a2e397bd0!8m2!3d34.0775506!4d134.538559!16s%2Fg%2F11z15h4dnl!19sChIJt0wSUQBzUzUR0Hs5LppABNs?authuser=0&hl=ja&rclk=1"
"スタッフソリューション","https://staffsolution.jp","〒310-0852 茨城県水戸市笠原町1","029-306-8244","https://www.google.com/maps/place/%E3%82%B9%E3%82%BF%E3%83%83%E3%83%95%E3%82%BD%E3%83%AA%E3%83%A5%E3%83%BC%E3%82%B7%E3%83%A7%E3%83%B3/data=!4m7!3m6!1s0x602224379611a29f:0xc1ee8971ed839023!8m2!3d36.3436689!4d140.4566466!16s%2Fg%2F11c46h0_l1!19sChIJn6IRljckImARI5CD7XGJ7sE?authuser=0&hl=ja&rclk=1"
"ハンドルワークス 広告デザイン・ホームページ制作","https://handl-works.com","宇都宮市 台新田１丁目１−３","090-6787-2890","https://www.google.com/maps/place/%E3%83%8F%E3%83%B3%E3%83%89%E3%83%AB%E3%83%AF%E3%83%BC%E3%82%AF%E3%82%B9+%E5%BA%83%E5%91%8A%E3%83%87%E3%82%B6%E3%82%A4%E3%83%B3%E3%83%BB%E3%83%9B%E3%83%BC%E3%83%A0%E3%83%9A%E3%83%BC%E3%82%B8%E5%88%B6%E4%BD%9C/data=!4m7!3m6!1s0x4f1ee690e139c39f:0x4f293e12a75dcdd9!8m2!3d36.5204701!4d139.8820546!16s%2Fg%2F11kbk_yydt!19sChIJn8M54ZDmHk8R2c1dpxI-KU8?authuser=0&hl=ja&rclk=1"
"有限会社レディバグ","https://ladybug8.jp","〒231-0032 神奈川県横浜市中区不老町1","","https://www.google.com/maps/place/%E6%9C%89%E9%99%90%E4%BC%9A%E7%A4%BE%E3%83%AC%E3%83%87%E3%82%A3%E3%83%90%E3%82%B0%E3%80%90%E3%82%B0%E3%83%A9%E3%83%95%E3%82%A3%E3%83%83%E3%82%AF%EF%BC%86%E3%83%96%E3%83%A9%E3%83%B3%E3%83%87%E3%82%A3%E3%83%B3%E3%82%B0%E3%82%B3%E3%83%B3%E3%82%B5%E3%83%AB%E3%82%BF%E3%83%B3%E3%83%88%E3%80%91/data=!4m7!3m6!1s0x60185d9ca81b85fb:0xee80a98bf645b886!8m2!3d35.4384862!4d139.6444777!16s%2Fg%2F11yr4h4l35!19sChIJ-4UbqJxdGGARhrhF9oupgO4?authuser=0&hl=ja&rclk=1"
"株式会社善太","https://gastroduce-japan.co.jp","〒812-0027 福岡県福岡市博多区下川端町１","092-292-3104","https://www.google.com/maps/place/%E9%A3%9F%E5%93%81EC%E7%89%B9%E5%8C%96%E3%82%B5%E3%83%9D%E3%83%BC%E3%83%88-GastroduceJapan%E6%A0%AA%E5%BC%8F%E4%BC%9A%E7%A4%BE/data=!4m7!3m6!1s0x354191efd81fd4b3:0xc49c013df286e6ac!8m2!3d33.5862907!4d130.4177899!16s%2Fg%2F11vjkz2svf!19sChIJs9Qf2O-RQTURrOaG8j0BnMQ?authuser=0&hl=ja&rclk=1"
"㈱財産コンサルティング","https://www.zaisan-consulting.co.jp","〒010-0904 秋田県秋田市保戸野原の町8","018-824-0234","https://www.google.com/maps/place/%E3%88%B1%E8%B2%A1%E7%94%A3%E3%82%B3%E3%83%B3%E3%82%B5%E3%83%AB%E3%83%86%E3%82%A3%E3%83%B3%E3%82%B0/data=!4m7!3m6!1s0x5f8fc2b9adea3c87:0xf15ff7e6b4b5687d!8m2!3d39.725615!4d140.1142606!16s%2Fg%2F11b7y82qkg!19sChIJhzzqrbnCj18RfWi1tOb3X_E?authuser=0&hl=ja&rclk=1"
"株式会社コッツ","https://innosence.co.jp","〒921-8062 石川県金沢市新保本4","076-240-2052","https://www.google.com/maps/place/%E6%A0%AA%E5%BC%8F%E4%BC%9A%E7%A4%BE%E3%82%A4%E3%83%8E%E3%82%BB%E3%83%B3%E3%82%B9/data=!4m7!3m6!1s0x5ff834c2adddf005:0x6a10b61f44605727!8m2!3d36.5586722!4d136.6041675!16s%2Fg%2F1vg_cqd1!19sChIJBfDdrcI0-F8RJ1dgRB-2EGo?authuser=0&hl=ja&rclk=1"
"株式会社UHB","https://uhbank.co.jp","千葉市 中央３丁目９−９ エレル千葉中央ビル ３階","043-306-5001","https://www.google.com/maps/place/%E6%A0%AA%E5%BC%8F%E4%BC%9A%E7%A4%BEUHB/data=!4m7!3m6!1s0x602284cb20e2ac25:0xaf956808bff0a656!8m2!3d35.6087251!4d140.1242477!16s%2Fg%2F11c58qzdg7!19sChIJJaziIMuEImARVqbwvwhola8?authuser=0&hl=ja&rclk=1"
"岡山人材採用コンサルティング株式会社","https://ojs-consulting.com","岡山市 川入９５７−２４","050-5362-8177","https://www.google.com/maps/place/%E5%B2%A1%E5%B1%B1%E4%BA%BA%E6%9D%90%E6%8E%A1%E7%94%A8%E3%82%B3%E3%83%B3%E3%82%B5%E3%83%AB%E3%83%86%E3%82%A3%E3%83%B3%E3%82%B0%28%E6%A0%AA%29/data=!4m7!3m6!1s0x3553ff069ae44d15:0x819d3d9f6edc71a2!8m2!3d34.6549412!4d133.8447963!16s%2Fg%2F11j0yccc0p!19sChIJFU3kmgb_UzURonHcbp89nYE?authuser=0&hl=ja&rclk=1"
"株式会社フード・マーケティング","https://food-marketing.jp","名古屋市 名駅３丁目２３−１６","052-433-2516","https://www.google.com/maps/place/%E6%A0%AA%E5%BC%8F%E4%BC%9A%E7%A4%BE%E3%83%95%E3%83%BC%E3%83%89%E3%83%BB%E3%83%9E%E3%83%BC%E3%82%B1%E3%83%86%E3%82%A3%E3%83%B3%E3%82%B0/data=!4m7!3m6!1s0x600377ae18c672a1:0x6bbd9b195a1dec45!8m2!3d35.172403!4d136.8871312!16s%2Fg%2F11rnk35732!19sChIJoXLGGK53A2ARRewdWhmbvWs?authuser=0&hl=ja&rclk=1"
"株式会社and.W","https://www.andw.jp","〒887-2359 広島県福山市霞町一丁目","050-8887-2358","https://www.google.com/maps/place/%E6%A0%AA%E5%BC%8F%E4%BC%9A%E7%A4%BEand.W%E3%80%81and.M/data=!4m7!3m6!1s0x3551110014a9bd35:0xfb052a739b1935fa!8m2!3d34.4879982!4d133.3624212!16s%2Fg%2F11yv_3w9f5!19sChIJNb2pFAARUTUR-jUZm3MqBfs?authuser=0&hl=ja&rclk=1"
"ベストリンク株式会社","https://bestlnk.jp","〒004-0803 北海道札幌市清田区里塚３","011-887-3735",""
"株式会社ラボーラ・クリエイト","https://lbl-c.com","〒980-0021 宮城県仙台市青葉区中央4","050-6883-9320",""
"株式会社ARISEARISE","https://www.arise-y.com","〒990-0064 山形県山形市和合町2","023-674-0902",""
"株式会社EVER ONE","https://ever-one.net","〒990-2436 山形県山形市美畑町５","",""
"eBIZクリエイト株式会社","https://ebiz-create.co.jp","〒963-8861 福島県郡山市鶴見坦3","050-5830-3593",""
"Life SIGN株式会社","https://life-sign.co.jp","〒078-8356 北海道旭川市東光1","080-8011-6197",""
"株式会社網屋","https://aiga.jp","〒450-0003 愛知県名古屋市中村区名駅南1","052-485-4472",""
"株式会社TOKINO","https://tokino-fudousan.com","那覇市 久米２丁目３−１５ 5階","098-880-6126","https://www.google.com/maps/place/%E6%A0%AA%E5%BC%8F%E4%BC%9A%E7%A4%BE+TOKINO/data=!4m7!3m6!1s0x34e569ca3631335b:0xda52c6634d85f299!8m2!3d26.2152154!4d127.6773632!16s%2Fg%2F11y5ftblv6!19sChIJWzMxNspp5TQRmfKFTWPGUto?authuser=0&hl=ja&rclk=1"
"株式会社オフィスイーアンバー","https://www.e-amber.jp","〒951-8141 新潟県新潟市中央区関新2","050-3718-0315",""
"株式会社ゼンツ","https://shirokara.co.jp","〒950-0922 新潟県新潟市中央区山二ツ3","",""
"株式会社THUMB'S UP","https://thumbsup-marketing.com","〒921-8815 石川県野々市市本町6","076-220-7799",""
"コア＆パートナーズ株式会社","https://www.candp.co.jp","〒010-0948 秋田県秋田市川尻新川町9","018-865-0091",""
"株式会社EIGHTS","https://eightsmarketing.com","〒950-0917 新潟県新潟市中央区天神1","080-1234-5678",""
"株式会社りみぽ","https://kanazawa-rimipo.com","〒923-1211 石川県能美市旭台2","",""
"株式会社AgentStock","https://www.agentstock.net","〒929-1314 石川県羽咋郡宝達志水町紺屋町ホ3","080-8992-0222",""
"ドリーム北海道株式会社","https://www.dreamhokkaido.com","〒060-0806 北海道札幌市北区北6","011-206-8561",""
"アミテ株式会社","https://www.fukui-pr.com","〒910-0006 福井県福井市中央1","",""
"株式会社サンコー","https://twelve-edit.jp","〒390-0811 長野県松本市中央1","0263-87-1205",""
"株式会社ADKデジタルオペレーションズ","https://adk-digital-operations.jp","〒031-0042 青森県八戸市十三日町1","",""
"Mood Inc.","https://www.mood-inc.jp","〒181-0012 東京都中野区大和町1","090-6955-2752",""
"株式会社Revive","https://www.reviveinc.jp","〒060-0061 北海道札幌市中央区南1","011-252-9743",""
"株式会社AandI","https://8-aandi-8.co.jp","〒651-0087 兵庫県神戸市中央区御幸通４","090-3716-8753",""
"株式会社ラッシュビズ","https://rushbiz.co.jp","〒984-0073 宮城県仙台市若林区荒町8","022-796-4625",""
"株式会社プロジェクトタネ","http://protane.web1.blks.jp","〒920-0024 石川県金沢市西念1","076-255-2109",""
"株式会社ミューテーション","https://www.mutation-inc.co.jp","〒930-0006 富山県富山市総曲輪4","",""
"株式会社ジョイフルタウン","https://tjniigata.jp","〒950-0985 新潟県中央区和合町2","025-226-2111",""
"アップライジング株式会社","https://up-rising.jp","〒062-0055 北海道札幌市豊平区月寒東5","011-302-7758",""
"（旧：株式会社Maneql）","https://linestep.jp","〒105-0022 東京都港区海岸1","",""
"GO株式会社","https://www.d2cr.co.jp","〒105-7314 東京都港区東新橋1","",""
"クウカン株式会社","https://kukanhokkaido.co.jp","〒062-0904 北海道札幌市豊平区豊平４","",""
"株式会社クイック福岡","https://quickfukuoka.com","〒100-6017 東京都千代田区霞が関3","092-751-9193","https://www.google.com/maps/place/%28%E6%A0%AA%29%E3%82%AF%E3%82%A4%E3%83%83%E3%82%AF%E7%A6%8F%E5%B2%A1+%E4%B9%85%E7%95%99%E7%B1%B3%E3%82%AA%E3%83%95%E3%82%A3%E3%82%B9/data=!4m7!3m6!1s0x3541a5409de8169f:0xd801522bfb04778c!8m2!3d33.312162!4d130.5223654!16s%2Fg%2F11pzwwhv31!19sChIJnxbonUClQTURjHcE-ytSAdg?authuser=0&hl=ja&rclk=1"
"株式会社SEEK","https://www.seek-net.jp","〒060-0063 北海道札幌市中央区南3","",""
"株式会社新建築社","https://monomode.co.jp","〒001-0020 北海道札幌市北区北2","011-788-7797",""
"合同会社ディーパス","https://d-pass.jp","〒143-0016 東京都大田区大森北２","",""
"LANTERN inc.","https://lantern-inc.jp","〒060-0908 北海道札幌市東区北8","050-8892-6129",""
"株式会社Rn","https://rncompany.jp","〒980-0014 宮城県仙台市青葉区本町一丁目","011-252-7415",""
"株式会社TSUTA-WORLD","https://tsuta-world.com","〒150-0045 東京都渋谷区神泉町1","03-6722-6776",""
"道央自動車株式会社(株)","https://eohokkaido.org","〒017-2022 年埼玉県商標申請数第１","",""
"株式会社AQUA","https://aqua-715.com","〒552-0007 大阪府大阪市港区弁天1","080-6126-3556",""
"株式会社REACTOR","https://reactor.jp","〒060-0005 北海道札幌市中央区北5","011-676-7877",""
"株式会社DEEM","https://deem.co.jp","〒150-0001 東京都渋谷区神宮前6","",""
"株式会社MSS","https://www.jma-jp.org","〒106-0032 東京都港区六本木3","",""
"株式会社ファイン","https://fine-production.jp","〒270-0034 千葉県松戸市新松戸1","080-4673-7022",""
"shijimi株式会社","https://shijimi.site","〒003-0022 北海道札幌市白石区南郷通8","",""
"株式会社宏企画","https://www.aidma-hd.jp","〒141-0021 東京都品川区上大崎2","03-6455-7935",""
"株式会社ふるいち","https://www.marketing-unit.jp","〒150-0001 東京都渋谷区神宮前6","",""
"株式会社withera","https://ethicalskyjapan.com","〒160-0023 東京都新宿区西新宿3","080-7152-0315",""
"GUTS株式会社へ","https://guts-work.com","〒486-0842 愛知県春日井市六軒屋町６","0568-20-1111",""
"新日本一会株式会社","https://nj-ichie.com","〒102-0073 東京都千代田区九段北1","03-6272-3792",""
"WinWinLine株式会社","https://winwinline.net","〒455-0822 愛知県名古屋市港区甚兵衛通3","052-383-5600",""
"デジタルフィールド株式会社","https://www.digitalfield.co.jp","〒646-0033 和歌山県田辺市新屋敷町7","06-4302-5197",""
"株式会社 近藤商会","https://www.obc.co.jp","〒041-0824 北海道函館市西桔梗町5","0120-121-250",""
"えびすけ株式会社","http://ebisuke.co.jp","〒070-0875 北海道旭川市春光５","0166-85-6014",""
"株式会社エイチ・エル・シー","https://humanlink.biz","〒320-0026 栃木県宇都宮市馬場通り1","028-666-7850",""
"株式会社ハブ","https://newscast.jp","〒105-0004 東京都港区新橋1","",""
"カルビー株式会社","https://app.vachanavi.com","〒154-0024 東京都世田谷区三軒茶屋2","",""
"株式会社アシスト","https://assist-all.co.jp","〒102-0072 東京都千代田区飯田橋３","03-6866-7521",""
"株式会社エターナル","http://eternal-inc.jp","〒980-0013 宮城県仙台市青葉区花京院2","080-1674-4079",""
"講師：大日本印刷株式会社 丸上智史氏","https://www.kishiwada-dejisui.com","〒596-0015 大阪府岸和田市地藏浜町7","072-437-5777",""
"合同会社ジョブサポート","https://jobseed.jp","〒042-0941 北海道函館市深掘町1","0138-83-8018",""
"株式会社トランバード","https://madeinlocal.jp","〒981-3133 宮城県仙台市泉区泉中央1","",""
"会社情報（株式会社ココペリ）","https://www.big-advance.site","〒982-0034 宮城県仙台市太白区西多賀3","080-1322-6643",""
"社名：株式会社久","https://www.ec-connector.com","〒105-0013 東京都港区浜松町2","090-0000-1111",""
"株式会社テレシー","https://carta-marketing-firm.co.jp","〒105-5536 東京都港区虎ノ門2","03-6845-0227",""
"株式会社 御祓川","https://www.project-index.jp","〒150-0011 東京都渋谷区東1","050-1743-6743",""
"合同会社ビーウィズ","https://on-emotion.com","〒980-0821 宮城県仙台市青葉区春日町1","022-797-0475",""
"㈱中三の破産手続き開始決定により、影響を受けている中小企業者の皆さまへの対応について","https://www.cgc-aomori.jp","〒030-8541 青森県青森市新町二丁目","017-723-1356",""
"株式会社NIAHO","https://niaho.co.jp","〒018-0311 秋田県にかほ市金浦字堀切6","",""
"株式会社GACO","https://www.gaco.jp","〒107-0062 東京都港区南青山3","",""
"株式会社ソライロ","https://aaoo.jp","〒980-0014 宮城県仙台市青葉区本町2","",""
"材株式会社","https://aoit.jp","〒030-0862 青森県青森市古川1","017-718-0207",""
"株式会社パロリーブル","https://wansaka-sns.jp","〒981-3205 宮城県仙台市泉区紫山4","080-3330-1540",""
"株式会社飽海商事","https://keieisha-prime.com","〒160-0023 東京都新宿区西新宿７","",""
"株式会社池田","https://kocchake.com","〒010-8570 秋田県秋田市山王四丁目","018-893-3181",""
"株式会社BSKプランニング","https://bskplanning.net","〒999-2261 山形県南陽市蒲生田８","0238-45-3493",""
"伊部印刷株式会社は、","https://ibeinsatsu.co.jp","〒915-0801 福井県越前市家久町2","0778-23-5037",""
"（委託業務受託者 ＡＩＳＯＨＯ株式会社）","https://yama-katsu.jp","〒990-0832 山形県山形市城西町5","080-4732-3804",""
"寒河江印刷株式会社","https://sagae-printing.co.jp","〒991-0061 山形県寒河江市中央工業団地5","0237-86-3361",""
"株式会社将矢","https://bowers.jp","〒999-8421 山形県酒田市米島字上広面8","03-6682-9997",""
"株式会社Anyglo","https://anyglo.co.jp","〒107-0061 東京都港区北青山2","03-6277-8611",""
"司興産株式会社","https://digima.asahi.co.jp","〒105-0013 東京都港区浜松町二丁目","080-8937-9677",""
"Arts株式会社","https://arts-web.co.jp","〒450-0003 愛知県名古屋市中村区名駅4","052-589-7031",""
"株式会社マインドファクトリー","https://www.mindfactory.co.jp","〒460-0007 愛知県名古屋市中区新栄二丁目","052-880-2131",""
"plus1株式会社","https://plus1nara.com","〒639-1017 奈良県大和郡山市藤原町2","050-5469-9723",""
"株式会社フェローズ","https://www.creators-station.jp","〒150-0021 東京都渋谷区恵比寿西1","03-5728-5580",""
"株式会社 PLANT PLAN","https://plantplan.jp","〒150-0043 東京都渋谷区道玄坂1","",""
"株式会社ケイリーパートナーズ","https://f-bizsta.jp","〒960-8670 福島県福島市杉妻町2","024-922-1321",""
"Yappe株式会社","https://yappe-inc.jp","〒963-8814 福島県郡山市石渕町1","",""
"EC運用代行・営業代行なら株式会社どんどんへお任せ","https://dondon-inc.com","〒950-1212 新潟県新潟市南区七軒1","025-369-5613",""
"株式会社ふふふ","https://www.fufufu.co.jp","〒955-0861 新潟県三条市北新保２","0256-33-8579",""
"昭栄印刷株式会社","https://www.shoei-p.jp","〒531-0072 大阪府大阪市北区豊崎３","",""
"星野株式会社","https://www.niigata-shokubunka.com","〒951-8554 新潟県新潟市中央区 古町通7","025-226-1802",""
"株式会社文化堂","https://bunkado-web.co.jp","〒960-8101 福島県福島市上町2","024-572-4443",""
"・株式会社CENO","https://www.junpeitsutsumi.com","〒810-0001 福岡県福岡市中央区天神4","080-9445-5887",""
"by Vektor,Inc. technology.","https://eddie-eizouseisaku.com","〒150-0043 東京都渋谷区道玄坂1","",""
"ヤフー株式会社","https://www.a-n-y.co.jp","〒160-0022 東京都新宿区新宿2","0120-577-821",""
"運営 株式会社ヨシタデザインプランニング","https://movie-mobile.jp","〒920-0058 石川県金沢市示野中町2","076-232-5442",""
"株式会社 KBS","https://san-niigata.com","〒940-0084 新潟県長岡市幸町1","0258-36-9589",""
"株式会社ワールドチェンジアナリシス","https://wca11.net","〒140-0001 東京都品川区北品川1","0120-933-694",""
"株式会社LINK PhotoWorks","https://link-photoworks.com","〒939-2706 富山県富山市婦中町速星8","076-464-5445",""
"ZORSE株式会社","https://zorse.jp","〒983-0852 宮城県仙台市宮城野区 榴岡1","",""
"株式会社サマンサハート","https://samanthaheart.com","〒959-0215 新潟県燕市吉田下中野7","0256-92-3724",""
"株式会社アビリブベトナム","https://www.abilive.vn","〒150-0041 東京都渋谷区神南1","03-5990-4855",""
"株式会社ウオショク","https://niigata-vc.co.jp","〒940-0061 新潟県長岡市城内町3","025-250-6306",""
"株式会社ホクタテ","https://wb-sakura.com","〒930-0005 富山県富山市新桜町6","076-464-6018",""
"株式会社クロスフィット","https://x-fit.fit","〒920-0347 石川県金沢市松村町ヌ4","",""
"ケンシン工業株式会社","https://himi-biz.net","〒935-0016 富山県氷見市本町1","0766-75-3640",""
"株式会社ハーマンドット","https://hermandot.co.jp","〒150-0044 東京都渋谷区円山町1","",""
"有限会社 荒木商会","https://yagiya.co.jp","〒939-1383 富山県砺波市高道3","0763-32-1941",""
"エカイブ・エージェント株式会社","https://ecaib.co.jp","〒692-0011 島根県安来市安来町1","0854-26-4937",""
"北星産業株式会社","https://www.istepkanazawa.co.jp","〒921-8006 石川県金沢市進和町1","076-292-2157",""
"有限会社ライターハウス","https://writerhouse.jp","〒920-0061 石川県金沢市問屋町2","076-237-5676",""
"株式会社アグローヴ","https://www.aglobe.co.jp","〒542-0081 大阪府大阪市中央区南船場3","06-4704-6969",""
"株式会社システムサポート","https://www.sts-inc.co.jp","〒920-0853 石川県金沢市本町1","",""
"株式会社 東洋特殊印刷","https://ttp-jp.com","〒963-8825 福島県郡山市字石塚5","024-944-3168",""
"株式会社 NEXT FUTURE","https://nextfuture2016.com","〒411-0917 静岡県駿東郡清水町徳倉1","050-3690-3715",""
"株式会社宣伝会議","https://www2.tonio.or.jp","〒930-0866 富山県富山市高田5","076-224-3010",""
"株式会社 デイアライブ","https://dayalive.jp","〒140-0001 東京都品川区北品川1","050-3204-2983",""
"ファーストトレード株式会社","https://fast-trade.co.jp","〒919-0628 福井県あわら市大溝3","0776-73-0606",""
"中尾 豊 氏（株式会社PROPO 代表）","https://www.s-project.biz","〒910-0296 福井県坂井市丸岡町熊堂3","0776-67-7416",""
"株式会社デイトラ","https://www.daily-trial.co.jp","〒170-6045 東京都豊島区東池袋3","",""
"株式会社アド・プランニング","https://adopura.com","〒399-4431 長野県伊那市西春近5","0265-76-5141",""
"株式会社PuzzLink","https://puzzlink.jp","〒471-0034 愛知県豊田市小坂本町１","050-6865-2804",""
"株式会社ｅ９ｔｈ","https://nagasapo.com","〒380-0826 長野県長野市南長野北石堂町1","050-3628-1777",""
"株式会社らふがき","https://laughgaki.com","〒490-1111 愛知県あま市甚目寺桑丸8","",""
"株式会社共立プラニング","https://www.kyoritz-p.co.jp","〒380-0813 長野県長野市鶴賀緑町1","",""
"英文名：Qoox Inc.","https://qoox.co.jp","〒400-0001 山梨県甲府市和田町 2","",""
"埼玉営業所（株式会社IUCG）","https://bs.taxlawyer328.jp","〒171-0022 東京都豊島区南池袋2","0800-111-7520",""
"株式会社ニット","https://knit-inc.com","〒390-0874 長野県松本市大手3","050-5212-5574",""
"グループ保険（大樹生命保険株式会社）","https://www.shakaihokenroumushi.jp","〒103-8346 東京都中央区日本橋本石町3","011-518-1165",""
"株式会社冨士健幸","https://soie.jp","〒400-0015 山梨県甲府市大手1","055-252-9211",""
"株式会社日本ネットワークサービス","https://www.nns-catv.co.jp","〒400-8509 山梨県甲府市北口2","055-251-7111",""
"株式会社エム・エー・ティー","https://www.mat-ltd.co.jp","〒400-0053 山梨県甲府市大里町 3","055-288-1170",""
"株式会社AtoC","https://seven-fish.jp","〒310-0011 茨城県水戸市三の丸2","029-352-9670",""
"キャップクラウド株式会社","https://dotworkpj.com","〒403-0005 山梨県富士吉田市上吉田2","050-2018-7054",""
"有限会社ビジュアルアンドエコー・ジャパン","https://v-e-j.com","〒155-0033 東京都世田谷区代田6","03-6804-1917",""
"TOUCH GROUP 株式会社","https://touchtv.jp","〒105-0003 東京都港区西新橋3","03-6431-8969",""
"合同会社ガーベン","https://gaben.co.jp","〒310-0803 茨城県水戸市城南2","029-239-5917",""
"株式会社Genie","https://genie-inc.net","〒310-0836 茨城県水戸市元吉田町1","090-7725-6423",""
"株式会社コンライズ","https://i-kidsvillage.net","〒310-0841 茨城県水戸市酒門町3","029-306-6730",""
"合同会社DMM.comとのBaaS事業にかかる基本合意書の締結について","https://digital-shift.jp","〒102-0081 東京都千代田区四番","",""
"株式会社メディ・プランニング","https://i-m-c.biz","〒400-0813 山梨県甲府市向町2","0120-244-778",""
"瀬戸株式会社","https://sedo.co.jp","〒135-0064 東京都江東区青海2","03-4400-1505",""
"GoodNews株式会社","https://goodnews-inc.jp","〒305-0821 茨城県つくば市春日１","080-4403-6563",""
"株式会社BELL","https://bell-co.jp","〒104-0061 東京都中央区銀座一丁目","",""
"株式会社ヒトクセ","https://hitokuse.com","〒160-0023 東京都新宿区西新宿 六丁目","03-6279-4421",""
"クレソン株式会社","https://creson.jp","〒102-0093 東京都千代田区平河町1","",""
"・株式会社Jizokuと","https://recruit.karasawanouki.co.jp","〒389-0518 長野県東御市本海野1","0268-62-5262",""
"モトヤ株式会社","https://digimarl.com","〒141-0022 東京都品川区東五反田2","0120-331-192",""
"郵便局株式会社","https://www.mdinc.jp","〒300-1544 茨城県取手市山王８","0297-44-4622",""
"株式会社JP CONNECT","https://jpconnect-inc.jp","〒305-0821 茨城県つくば市春日3","",""
"【東京都】株式会社エース様 パネル印刷×物流代行","https://www.akebono-print.co.jp","〒310-0804 茨城県水戸市白梅1","029-227-8284",""
"株式会社エンジェルホールディングス","https://angel-holdings.com","〒321-0952 栃木県宇都宮市泉が丘6","",""
"カンパーニュ株式会社","https://campagne.life","〒320-0851 栃木県宇都宮市鶴田町1","028-649-3565",""
"株式会社Leben","https://leben.wepage.com","〒321-0151 栃木県宇都宮市西川田町1","070-4414-5571",""
"株式会社山長","https://www.kenchiku.photo","〒107-0062 東京都港区南青山3","0120-109-949",""
"株式会社ラストコンパス","https://lastcompass.co.jp","〒531-0072 大阪府大阪市北区豊崎3","06-6459-9690",""
"株式会社エム･データ","https://mdata.tv","〒105-0004 東京都港区新橋一丁目","03-6826-7060",""
"株式会社BOKURA","https://bokura.biz","〒151-0063 東京都渋谷区富ケ谷二丁目","",""
"株式会社ナチュラルサポート","https://n-suppo.com","〒370-0069 群馬県高崎市飯塚町3","",""
"株式会社Griteen","https://company.griteen.com","〒305-0031 茨城県つくば市吾妻2","",""
"株式会社ROC","https://www.rocinc.co.jp","〒650-0003 兵庫県神戸市中央区山本通2","078-381-7841",""
"株式会社シーエスエム","https://csm-it.co.jp","〒370-0845 群馬県高崎市新後閑町4","0120-72-6633",""
"株式会社創美社","https://www.sobisya.jp","〒371-0844 群馬県前橋市古市町1","027-251-6790",""
"サンライズコーポレーション株式会社","https://sunrisecorporation.net","〒370-0823 群馬県高崎市中紺屋町2","0120-161-191",""
"株式会社T-ONE","https://t-1.co.jp","〒810-0042 福岡県福岡市中央区赤坂1","092-600-1238",""
"株式会社バオリン","https://baolinh.co.jp","〒339-0005 埼玉県さいたま市岩槻区東岩槻2","048-741-8272",""
"株式会社共和","https://t2c-inc.com","〒101-0054 東京都千代田区神田錦町3","03-6811-7994",""
"DO DASH JAPAN株式会社","https://www.dodash.co.jp","〒160-0023 東京都新宿区西新宿3","",""
"ONEDAYS株式会社","https://onedays.co.jp","〒353-0004 埼玉県志木市本町5","048-212-6311",""
"株式会社プラス・サム","https://plus-sum-new.ahi-con.com","〒330-0854 埼玉県さいたま市大宮区桜木町2","048-650-5779",""
"株式会社NOVASTRA","https://novastra.co.jp","〒330-0854 埼玉県さいたま市大宮区桜木町2","049-293-4696",""
"株式会社SBMコンサルティング","https://sbmconsul.co.jp","〒107-0061 東京都港区北青山1","03-6820-0663",""
"株式会社IamI","https://iami-game.jp","〒170-0013 東京都豊島区東池袋1","",""
"株式会社 寿技研","https://kotobukimedical.com","〒340-0816 埼玉県八潮市中央4","048-951-5211",""
"株式会社たしざん","https://www.tashizan.jp","〒156-0041 東京都世田谷区大原1","",""
"株式会社日本アイケン","https://www.nihon-aiken.jp","〒350-0063 埼玉県川越市幸町4","049-299-5515",""
"株式会社ainak","https://ixmile.jp","〒262-0033 千葉県千葉市花見川区幕張本郷1","",""
"株式会社Sunny","https://www.sunny0626.com","〒158-0093 東京都世田谷区上野毛３","",""
"株式会社A","https://acetokyo.com","〒150-6139 東京都渋谷区渋谷2","",""
"アズ・マーケティング株式会社","https://hirogaru.jp","〒343-0836 埼玉県越谷市蒲生寿町1","",""
"Revanche株式会社","https://rvnc.jp","〒178-0062 東京都練馬区大泉町6","090-4453-5120",""
"Yabusame Marketing株式会社","https://resona-kawagoebase-plus.com","〒350-0063 埼玉県川越市幸町4","080-1254-8027",""
"株式会社成晃社","https://seikohsya.co.jp","〒273-0034 千葉県船橋市二子町 6","047-335-6431",""
"株式会社エヴォルシアン","https://www.evolucyan.co.jp","〒277-0053 千葉県柏市酒井根5","",""
"いしむら経営コンサルタント株式会社","https://www.ismrco.com","〒260-0031 千葉県千葉市中央区新千葉１","070-1304-5743",""
"TACSEL,Inc.","https://tacsel.com","〒150-0002 東京都渋谷区渋谷3","0110-0111-2735",""
"株式会社ハッピーツリー","https://www.happynoki.com","〒343-0845 埼玉県越谷市南越谷１","",""
"teco inc.","https://teco-inc.design","〒151-0065 東京都渋谷区大山町2","",""
"株式会社Alps","https://alpssns.com","〒220-0004 神奈川県横浜市西区北幸2","090-1219-3825",""
"株式会社ビッグスポーツ七尾","https://notoa.jp","〒926-0023 石川県七尾市竹町大天神山2","0767-53-5671",""
"株式会社モビリィ","https://www.e-funabashi.com","〒273-0031 千葉県船橋市西船7","047-432-0211",""
"TiL株式会社","https://www.tilcompany.co.jp","〒231-0006 神奈川県横浜市中区南仲通3","045-263-9482",""
"有限会社吉兆","https://business.yokohamajapan.com","〒315-5418 神奈川県内の酒類・食品・工芸品他の販売 公益財団法人神奈川芸術文化財団 2","045-315-5418",""
"株式会社アミッケ","https://amiche.co.jp","〒225-0003 神奈川県横浜市青葉区新石川4","0120-540-688",""
"株式会社ビジョンアーチ","https://www.visionarch.jp","〒220-0004 神奈川県横浜市西区北幸2","050-5470-6795",""
"株式会社ベストバイ","https://dc-a.co.jp","〒604-8242 京都府京都市中京区柳水町８","",""
"株式会社食農夢創","https://shokunoumuso.jp","〒225-0011 神奈川県横浜市青葉区あざみ野4","",""
"bey Inc.","https://bey-inc.com","〒150-0001 東京都渋谷区神宮前6","",""
"株式会社STUDIO FOCUS","https://studiofocus.co.jp","〒600-8012 京都府京都市下京区木屋町通り四条下る斎藤町1","075-343-4303",""
"株式会社Advertising at Dream","https://www.advertisingatdream.co.jp","〒244-0003 神奈川県横浜市戸塚区戸塚4","045-862-5670",""
"株式会社Epace様にご紹介いただきました","https://fukuramu-music.co.jp","〒220-0004 神奈川県横浜市西区北幸2","045-557-8649",""
"株式会社ベストデイ","https://bestday-jp.com","〒224-0053 神奈川県横浜市都筑区池辺町2","045-530-5832",""
"株式会社中広","https://chuco-ms.co.jp","〒220-0012 神奈川県横浜市西区みなとみらい3","045-514-1409",""
"株式会社コーセーコーポレーション","https://kosecorp.co.jp","〒210-0006 神奈川県川崎市川崎区砂子1","044-245-4736",""
"株式会社エムペグ","https://www.m-peg.net","〒213-0015 神奈川県川崎市高津区 梶ヶ谷2","070-2654-7944",""
"株式会社オメリージャパン","https://omerry-sns.jp","〒221-0052 神奈川県横浜市神奈川区栄町5","045-900-9715",""
"株式会社トーイツ","https://key-partners.jp","〒221-0844 神奈川県横浜市神奈川区沢渡 3","",""
"パワーコンテンツジャパン株式会社","https://crownmedia.jp","〒160-0018 東京都新宿区須賀町4","03-6824-0740",""
"GOAT株式会社","https://goat-groups.com","〒550-0014 大阪府大阪市西区北堀江1","",""
"株式会社分析屋","https://listing.analytics-jp.com","〒251-0052 神奈川県藤沢市藤沢4","0466-90-3288",""
"株式会社天伸産業","https://makelead.co.jp","〒214-0014 神奈川県川崎市多摩区登戸2","",""
"例）株式会社サンプル","https://nextwel.co.jp","〒210-0007 神奈川県川崎市川崎区駅前本町1","",""
"株式会社SHUHARI","https://www.shuhari.work","〒251-0025 神奈川県藤沢市鵠沼石上1","",""
"公益財団法人川崎市産業振興財団・京急サービス株式会社 共同事業体","https://kawasaki-sanshinkaikan.jp","〒212-0013 神奈川県川崎市幸区堀川町6","044-548-4119",""
"エフオーエフシティソリューションズ株式会社","https://fof-cs.com","〒２５１-００５２ 神奈川県藤沢市藤沢９","",""
"株式会社LiVrA","https://li-vra.co.jp","〒222-0033 神奈川県横浜市港北区新横浜2","",""
"エントランス株式会社","https://entrance.jpn.com","〒418-0014 静岡県富士宮市富士見ヶ丘1","0544-29-6643",""
"カラージャパン株式会社","https://colorjapan.jp","〒211-0051 神奈川県川崎市中原区宮内 4","044-712-4691",""
"有限会社尚文社","https://shoubunsha.com","〒251-0047 神奈川県藤沢市辻堂５","",""
"株式会社LENDA","https://www.lendagrp.com","〒444-1335 愛知県高浜市芳川町3","0566-78-2211",""
"厚木瓦斯株式会社","https://atsugigas.co.jp","〒105-8527 東京都港区海岸１","046-230-2353",""
"株式会社イーネクスト","https://e-nexts.co.jp","〒272-0021 千葉県市川市八幡3","047-307-9485",""
"プロテック株式会社","https://protech-web.co.jp","〒060-0002 北海道札幌市中央区北２","011-640-5565",""
"宍倉株式会社","https://www.chiba-tv.com","〒260-0001 千葉県千葉市中央区都町1","",""
"合同会社ライフデザイン","https://lifedesign-marketing.com","〒063-0822 北海道札幌市西区発寒二条３","080-4042-8017",""
"アップスカイ株式会社","https://upsky.jp","〒422-8067 静岡県静岡市駿河区南町1","",""
"株式会社コアについて","https://core1ok.com","〒252-0334 神奈川県相模原市 南区若松2","042-743-3085",""
"株式会社うけざら","https://ukezara.tokyo","〒253-0044 神奈川県茅ヶ崎市新栄町7","03-6778-1296",""
"株式会社マツオ","https://corp.matsuo1956.jp","〒073-0025 北海道滝川市流通団地1","0125-23-2989",""
"株式会社グラヴス","https://gravs.co.jp","〒371-0804 群馬県前橋市六供町1","027-289-3699",""
"株式会社ミショナ","https://missiona.co","〒810-0001 福岡県福岡市中央区天神２","",""
"​クラブツーリズム株式会社","https://www.cclab.co.jp","〒135-0051 東京都江東区枝川1","03-6628-8131",""
"千株式会社","https://prone.jp","〒105-0004 東京都港区新橋 6","050-1745-0948",""
"※LINEおよびLINEロゴは、LINEヤフー株式会社の商標です。","https://liny-gr.com","〒651-0096 兵庫県神戸市中央区雲井通4","",""
"株式会社まちづくり八戸","https://starting-business.net","〒031-8511 青森県八戸市堀端町２","0178-51-9593",""
"株式会社 HOUSE EN（ ハウスエン ）","https://house-en.com","〒031-0822 青森県八戸市白銀町右新井田道8","0178-38-3376",""
"山九株式会社","https://hidaka-print.com","〒809-0034 福岡県中間市中間1","093-245-0214",""
"株式会社ファミリーロマンス","https://family-romance.com","〒135-0064 東京都江東区青海2","0120-949-341",""
"株式会社しごとウェブ","https://netkoukoku-dairiten.com","〒157-0072 東京都世田谷区祖師谷3","03-5429-0603",""
"水沢テレビ株式会社","https://www.catv-mic.ne.jp","〒023-0003 岩手県奥州市水沢佐倉河字石橋2","0197-22-6060",""
"三方良し株式会社","https://sanpoyoshi.site","〒251-0003 神奈川県藤沢市柄沢二丁目","070-9252-4273",""
"株式会社 地方の宝物","http://www.ringonohana.com","〒160-0007 東京都新宿区荒木町1","03-6380-6724",""
"株式会社北館製麺","https://ib-takizawa.jp","〒020-0611 岩手県滝沢市巣子1","019-613-3538",""
"らいおんハート合同会社","https://lion-heart.jp","〒031-0075 青森県八戸市内丸3","0178-20-0482",""
"株式会社POTETO Media","https://poteto.media","〒107-0062 東京都港区南青山7","03-6822-6646",""
"株式会社メイジン","https://mayzin-g.co.jp","〒980-0021 宮城県仙台市青葉区中央1","022-797-0861",""
"（株式会社多賀城フラワー内）","https://www.kai-ka.jp","〒985-0853 宮城県多賀城市高橋2","090-7524-1065",""
"DOTZ株式会社","https://dotz.co.jp","〒153-0042 東京都目黒区青葉台4","03-6804-8711",""
"株式会社吉田","https://fujifilm-fbyamagata.com","〒990-2492 山形県山形市鉄砲町2","023-624-2468",""
"株式会社スターズテック","https://stars-tech.jp","〒961-8041 福島県西白河郡西郷村字豊作東5","090-2880-0011",""
"株式会社NISSYO","https://www.mirai-ps.com","〒980-0013 宮城県仙台市青葉区花京院１","0120-778-781",""
"株式会社スパイシーハンドレッド","https://spicy-hundred.com","〒960-8164 福島県福島市八木田字並柳2","024-503-0769",""
"株式会社サンワ・レストラン・クリエイツ","https://sanwarc.co.jp","〒980-0014 宮城県仙台市青葉区本町2","022-221-7659",""
"株式会社リバネス","https://joyns.biz","〒305-0005 茨城県つくば市天久保3","",""
"lab株式会社","https://www.saleslab.page","〒305-0031 茨城県つくば市吾妻1","050-5211-8446",""
"株式会社柳沢建設","https://yanagi-k.co.jp","〒018-5421 秋田県鹿角市十和田大湯字川原ノ湯1","0186-37-2129",""
"株式会社アクトパス","https://aqutpas.co.jp","〒214-3653 福島県・高湯温泉観光協会は、2","03-3524-2681",""
"株式会社アイアンドアイ","https://iandi-sp.jp","〒307-0053 茨城県結城市新福寺4","0296-33-2070",""
"有限会社天孝産業","https://karakaze.com","〒370-0011 群馬県高崎市京目町4","027-333-9293",""
"株式会社ビヨンド","https://beyond-global.jp","〒135-0064 東京都江東区青海2","03-6264-2707",""
"株式会社Sways","https://socialize.blog","〒542-0081 大阪府大阪市中央区南船場3","",""
"株式会社元倶楽部","https://moto-club.jp","〒336-0025 埼玉県さいたま市南区文蔵 ４","048-606-3504",""
"株式会社ギークスデザイン","https://geeks-design.co.jp","〒370-1401 群馬県藤岡市鬼石6","0274-50-9386",""
"松竹株式会社","https://renumber.co.jp","〒299-3219 千葉県大網白里市南飯塚4","0475-71-3675",""
"LLC","https://studio-olympus.com","〒290-0082 千葉県市原市五井中央南1","050-1721-9740",""
"株式会社Amplan","https://amplan.jp","〒327-0844 栃木県佐野市富岡町1","0283-55-8151",""
"沖田財産コンサルティング株式会社","https://okita-office.com","〒332-0012 埼玉県川口市本町4","048-228-2501",""
"株式会社ハイブリッド","https://www.hy-b.co.jp","〒332-0017 埼玉県川口市栄町3","048-240-3660",""
"株式会社TOKYO GATE","https://tokyogate.co.jp","〒183-0011 東京都府中市白糸台2","03-6384-7592",""
"株式会社トーセン","https://www.tokyosenden.com","〒102-0093 東京都千代田区平河町2","03-6272-8830",""
"JHM 日本訪問医療株式会社","https://design-engineering.co.jp","〒260-0016 千葉県千葉市中央区栄町3","090-1091-9103",""
"副会長 坂本 昌己 秩父鉄道㈱取締役常務執行役員","https://chocotabi-saitama.jp","〒330-8669 埼玉県さいたま市大宮区桜木町1","048-647-0500",""
"株式会社NITACO","https://nitaco.jp","〒150-0043 東京都渋谷区道玄坂1","090-6698-6866",""
"株式会社下堂園","https://stokedbase.jp","〒170-0013 東京都豊島区東池袋3","",""
"株式会社アミューズ","https://tuuube.jp","〒150-0031 東京都渋谷区桜丘町3","",""
"株式会社ポリグロットリンク","https://polyglot-link.co.jp","〒110-0005 東京都台東区上野7","03-6850-5933",""
"株式会社東京写真工房","https://tokyo-shashin-kobo.jp","〒111-0051 東京都台東区蔵前4","03-3862-9969",""
"株式会社Initial Site","https://sns-recruit.initialsite.com","〒231-0047 神奈川県横浜市中区羽衣町3","045-250-6733",""
"UUUM株式会社","https://www.e-guardian.co.jp","〒105-0001 東京都港区虎ノ門1","0120-665-046",""
"株式会社WeBridge","https://webridge.co.jp","〒160-0023 東京都新宿区西新宿2","03-6258-0447",""
"GMO NIKKO株式会社","https://www.koukoku.jp","〒150-0043 東京都渋谷区道玄坂1","03-5456-6650",""
"株式会社Xcuu","https://xcuu.jp","〒150-0043 東京都渋谷区道玄坂1","",""
"株式会社solezore","https://solezore.co.jp","〒150-0043 東京都渋谷区道玄坂 1","",""
"株式会社Cum Create","https://cumcreate-sns.hp.peraichi.com","〒163-1327 東京都新宿区西新宿6","03-6773-4543",""
"株式会社 一（イチ）","https://ichi.company","〒243-0013 神奈川県厚木市泉町6","046-228-2210",""
"CROSS OVER AGENCY株式会社","https://cross-over.co.jp","〒107-0062 東京都港区南青山2","",""
"合同会社カウノイ","https://s-yeg.gr.jp","〒252-0239 神奈川県相模原市中央区中央3","050-3638-3625",""
"株式会社LI","https://line-rs.co.jp","〒133-0073 東京都江戸川区鹿骨2","03-6638-9804",""
"ちばぎん商店株式会社","https://cbmnet.co.jp","〒260-0015 千葉県千葉市中央区富士見2","043-441-7270",""
"株式会社ニコモア","https://nicomore.jp","〒257-0003 神奈川県秦野市南矢名1","080-7404-8198",""
"三菱自動車工業株式会社 パワートレイン開発担当、技術系採用担当","https://hure-design.com","〒101-0032 東京都千代田区岩本町1","03-5843-8747",""
"株式会社 東京マンダリンアワード","https://mpress.jp","〒171-0014 東京都豊島区池袋2","03-6709-1371",""
"株式会社ニーズウェル","https://www.bostudio.co.jp","〒150-0043 東京都渋谷区道玄坂1","03-5784-1045",""
"株式会社ハイデフ","https://www.highdef.jp","〒943-0173 新潟県上越市富岡2","",""
"株式会社ram","https://raminc.jp","〒959-2021 新潟県阿賀野市中央町1","0250-63-2285",""
"株式会社雪原学舎","https://setsugen-gakusha.jp","〒949-8503 新潟県十日町市本屋敷丁5","025-757-8125",""
"株式会社PTOK","https://ptok-consulting.co.jp","〒910-0844 福井県福井市長本町2","",""
"ジャイロ総合コンサルティング株式会社","https://jairo.co.jp","〒103-0007 東京都中央区日本橋浜町3","03-3808-2241",""
"合同会社アイフィルム","https://www.ifilm.co.jp","〒949-1352 新潟県糸魚川市大字能生2","025-556-6257",""
"東京水道株式会社","https://www.tokyowater.co.jp","〒163-1337 東京都新宿区西新宿六丁目","03-3343-4560",""
"株式会社HC","https://hc-consult.jp","〒916-0042 福井県鯖江市新横江2","",""
"株式会社山立会","https://www.isico.or.jp","〒920-8203 石川県金沢市鞍月2","076-267-1001",""
"株式会社ラッキーアンドカンパニー","https://www2.sannichi.co.jp","〒400-0864 山梨県甲府市湯田2","055-237-7272",""
"有限会社コミット","https://commit-llc.com","〒402-0053 山梨県都留市上谷６","0554-68-8090",""
"株式会社ビジア 会社概要","https://visipri.com","〒174-0051 東京都板橋区小豆沢2","03-3974-8220",""
"ソイコム株式会社","https://www.mikata-hd.co.jp","〒150-0021 東京都渋谷区恵比寿西2","03-6712-7533",""
"TIS長野株式会社","https://tis-n.co.jp","〒390-0815 長野県松本市深志1","",""
"株式会社meme","https://lmg.co.jp","〒105-0001 東京都港区虎ノ門4","",""
"合同会社mouse","https://mousellc.net","〒395-0002 長野県飯田市上郷飯沼6","",""
"ホクト株式会社","https://www.naganokenbun.jp","〒380-0928 長野県長野市若里1","026-226-0008",""
"エルクリエイター株式会社","https://www.lcreator.co.jp","〒460-0008 愛知県名古屋市中区栄3","052-212-7020",""
"株式会社MR","https://mr-marketing.jp","〒500-8384 岐阜県岐阜市薮田南3","",""
"株式会社甲羅","https://motionvisualjapan.com","〒445-0831 愛知県西尾市大給町1","0563-65-8500",""
"プルチャーム株式会社","https://pulchram.co.jp","〒153-0042 東京都目黒区青葉台三丁目","03-6455-2311",""
"合同会社BAKER","https://bakerweb.site","〒396-0015 長野県伊那市中央４","0265-98-0394",""
"株式会社チキリ","https://shimizutown-navi.jp","〒411-0917 静岡県駿東郡清水町徳倉1","055-981-8239",""
"株式会社MEJ","https://okuramasako.com","〒430-0934 静岡県浜松市中区千歳町9","",""
"有限会社オートボディツタ３０周年記念講演会開催のご案内","https://www.takayama-cci.or.jp","〒506-8678 岐阜県高山市天満町5","0577-32-0380",""
"株式会社シーエント","https://www.c-ent.jp","〒450-0002 愛知県名古屋市中村区名駅4","",""
"bystep.inc","https://bystep.co.jp","〒460-0002 愛知県名古屋市中区丸の内2","",""
"株式会社山田組","https://www.fujieda-wakamon.com","〒420-0031 静岡県静岡市葵区呉服町2","090-5034-1996",""
"株式会社三光製作","https://filments.com","〒431-3123 静岡県浜松市中央区有玉西町1","090-2268-9388",""
"株式会社ふぁくとりーM","https://fakutori-m.com","〒460-0008 愛知県名古屋市中区栄3","052-308-5555",""
"株式会社バラクーダ","https://barracuda-japan.com","〒460-0003 愛知県名古屋市中区錦3","",""
"株式会社虎屋","https://digitalpr.jp","〒107-0052 東京都港区赤坂9","",""
"株式会社ヒダネ","https://hidane2025.com","〒467-0803 愛知県名古屋市瑞穂区中山町4","070-8990-6403",""
"株式会社GenomeFactory","https://genome-factory.com","〒460-0011 愛知県名古屋市中区大須２","",""
"マイス株式会社","https://mais.nagano.jp","〒380-0912 長野県長野市稲葉日詰1","050-1809-5136",""
"アビモ株式会社","https://www.avimo.jp","〒442-0068 愛知県豊川市諏訪2","050-5369-0831",""
"中部電力株式会社","https://www.dmsnet.jp","〒381-2224 長野県長野市川中島町原6","026-214-0075",""
"株式会社InClusive","https://s-inclusive-inc.netlify.app","〒107-0061 東京都港区北青山一丁目","",""
"ReCM株式会社","https://www.recm.jp","〒510-0075 三重県四日市市安島2","",""
"株式会社SUMUS","https://good-echoes.com","〒105-0014 東京都港区芝3","03-4405-6686",""
"株式会社STAGEON","https://stageon.jp","〒103-0023 東京都中央区日本橋本町３","03-6161-7160",""
"谷健株式会社","https://cp.idcn.jp","〒450-0002 愛知県名古屋市中村区名駅4","052-265-2105",""
"株式会社FS Marketing Japan","https://fs-marketing-japan.co.jp","〒460-0007 愛知県名古屋市中区新栄1","",""
"株式会社ASAKURA","https://asakura-mie.com","〒515-0313 三重県多気郡明和町大字明星 2","090-3250-6477",""
"株式会社 岩井文男美容室","https://videntry.net","〒450-0003 愛知県名古屋市中村区名駅南1","052-526-0542",""
"株式会社アクセルパートナーズ","https://listing-partners.com","〒141-0022 東京都品川区東五反田4","0120-659-057",""
"楽天株式会社","https://www.proudlake.co.jp","〒523-0891 滋賀県近江八幡市鷹飼町5","",""
"株式会社ターコイズ","https://turquoise-inc.com","〒520-0105 滋賀県大津市下阪本2","",""
"近江印刷株式会社","https://www.omi-in.co.jp","〒529-1302 滋賀県愛知郡愛荘町川原7","0749-42-8400",""
"株式会社Seventh Generation Project","https://sgdx.jp","〒520-0112 滋賀県大津市日吉台3","080-2145-5019",""
"株式会社DP-GUILD","https://dp-guild.com","〒520-3333 滋賀県甲賀市甲南町希望ケ丘3","",""
"有限会社野矢商店","https://med-bridge.jp","〒529-0312 滋賀県長浜市小谷郡上町4","000-0000-0000",""
"合同会社LOCO","https://monodukuri-tech.nagahama.or.jp","〒526-0037 滋賀県長浜市高田町1","0749-62-2500",""
"株式会社博展","https://www.directorbank.co.jp","〒150-0002 東京都渋谷区渋谷2","",""
"株式会社日本レジャーチャンネル","https://www.jlc.ne.jp","〒106-0032 東京都港区六本木5","03-5539-8691",""
"株式会社Amvision","https://amvision-co.jp","〒700-0003 岡山県 岡山市 北区半田町9","",""
"株式会社En Link","https://enlink-kyoto.co.jp","〒600-8413 京都府京都市下京区大政所町6","075-600-0354",""
"株式会社レプス（WEB","https://ichioshi.kyoto-shinkin.co.jp","〒600-8005 京都府京都市下京区四条通 柳馬場東入立売東町7","",""
"株式会社Kei’s","https://keis.co.jp","〒554-0002 大阪府大阪市此花区伝法6","06-6147-9364",""
"株式会社装舎","https://kyobusi.kyoto","〒604-0033 京都府京都市下京区朱雀宝蔵町4","075-315-8590",""
"禅株式会社","https://www.zen-na.com","〒060-0061 北海道札幌市中央区南1","011-590-1802",""
"GII Holdings株式会社","https://www.giiholdings.com","〒064-0806 北海道札幌市中央区南6","011-206-0910",""
"株式会社hobby","https://hobby.raku2hp.jp","〒070-0039 北海道旭川市9","",""
"合同会社橘（TACHIBANA LLC）","https://tachibana5.webnode.jp","〒062-0034 北海道札幌市豊平区西岡四条8","080-1972-5486",""
"合同会社TM","https://tm-llc-office.site","〒476-3127 北海道旭川市 神居3","080-1476-3127",""
"株式会社 笑","https://activo.jp","〒080-0011 北海道帯広市西1","",""
"荒井建設株式会社","https://design-asahikawa.jp","〒070-0054 北海道旭川市4","0166-65-7047",""
"NextValue株式会社","https://nextvalue-asahikawa.com","〒070-0000 北海道旭川市6","080-5698-0283",""
"株式会社HAKOBUNE","https://hakobune-corp.jp","〒107-0062 東京都港区南青山3","",""
"株式会社ジーシー","https://j-sa.jp","〒351-0101 埼玉県和光市白子3","",""
"ツキタチ株式会社","https://tukitati.com","〒030-0802 青森県青森市本町２","070-8947-2439",""
"株式会社shared","https://shared.168style.co.jp","〒980-0021 宮城県仙台市青葉区中央4","050-1726-5221",""
"株式会社KSB","https://social-development.circu.co.jp","〒980-0803 宮城県仙台市 青葉区国分町1","022-302-3118",""
"KOHOメディア株式会社","https://kohomedia.jp","〒020-0026 岩手県盛岡市開運橋通3","019-623-2788",""
"ivalue株式会社","https://www.andlifes.co.jp","〒984-0051 宮城県仙台市若林区新寺３","",""
"株式会社日医リース","https://www.datenochi-openclinic.net","〒106-0041 東京都港区麻布台1","0800-500-5710",""
"株式会社ニチデLab","https://nichide-lab.co.jp","〒980-0014 宮城県仙台市青葉区本町2","022-781-5815",""
"・施工業者 三和興業株式会社（男鹿市）","https://www.town.gojome.akita.jp","〒018-1792 秋田県南秋田郡五城目町西磯ノ目1","018-852-5100",""
"○ 合同会社 A plus 代表社員 池野 未来 氏 ※","https://www.shonai-sansin.or.jp","〒997-0015 山形県鶴岡市末広町3","0235-23-2200",""
"TATEKACHI Inc.","https://tatekachi.com","〒960-8035 福島県福島市本町2","024-529-7737",""
"株式会社 藤崎","https://www.fsrt.jp","〒960-8031 福島県福島市栄町6","024-502-1117",""
"合同会社Circular Thanks","https://circularthanks.com","〒992-0003 山形県米沢市窪田町窪田3","080-3245-8293",""
"有限会社メディアファースト","https://media1.co.jp","〒020-0846 岩手県盛岡市流通センター北1","019-639-6235",""
"合同会社WHEEL 代表社員","https://www.fukushima-message.com","〒960-8042 福島県福島市荒町4","024-563-6230",""
"GMO TECH株式会社","https://www.sukagawacci.or.jp","〒962-0844 福島県須賀川市東町5","0248-76-2124",""
"株式会社ココラム","https://newsr.jp","〒960-0811 福島県福島市大波字大西2","024-531-4321",""
"株式会社アスタ","https://astha.jp","〒940-0824 新潟県長岡市高町1","",""
"株式会社モザイクワーク","https://mosaicwork.co.jp","〒106-0045 東京都港区麻布十番","03-6804-2654",""
"株式会社富山県総合情報センター","http://www3.tonio.or.jp","〒930-0866 富山県富山市高田5","076-432-0224",""
"株式会社Creative.LAB","https://creativelab.biz","〒950-0087 新潟県新潟市中央区東大通1","025-240-1031",""
"株式会社NODELINK","https://node-ad.info","〒945-0051 新潟県柏崎市東本町1","0257-35-5027",""
"株式会社ビー・プロ","https://beprogress.jp","〒984-0011 宮城県仙台市若林区六丁の目西町4","022-288-5301",""
"ティ・アイ・エス株式会社","https://www.tislook.com","〒920-0022 石川県金沢市北安江2","076-265-5066",""
"株式会社SAKU","https://mahoroba.co.jp","〒659-0065 兵庫県芦屋市公光町4","",""
"株式会社三井住友銀行","https://www.lifepepper.co.jp","〒104-0045 東京都中央区築地3","03-6869-7976",""
"株式会社福島映像企画","https://f-eiki.co.jp","〒960-8012 福島県福島市御山町2","024-531-3320",""
"合同会社tomosaki","https://tomosaki-creative.jp","〒918-8076 福井県福井市本堂町第8","080-8995-7316",""
"株式会社 MoneyGO（プラスIT事業部）","https://plus-it.biz","〒380-0921 長野県長野市栗田2","",""
"株式会社デジタルダイブ","https://digital-dive.com","〒380-0904 長野県長野市七瀬中町2","",""
"株式会社マイクロアド及び株式会社日本ビジネスプレスと共同で、EC・観光サイト等のデータを活用した観光マーケティングソリューションを開発します","https://www.nagano-tabi.net","〒380-0936 長野県長野市中御所岡田町1","026-219-5271",""
"エクネス株式会社","https://www.exness.co.jp","〒916-0037 福井県鯖江市上河端町3","0778-42-6730",""
"株式会社トピカ","https://yrglm.co.jp","〒100-0006 東京都千代田区有楽町２","",""
"株式会社willB","https://willb-inc.com","〒399-0006 長野県松本市野溝西2","0263-87-0762",""
"株式会社C9","https://c-nine9.jp","〒151-0053 東京都渋谷区代々木4","03-3983-2546",""
"株式会社アイデアプラス","https://idea-plus.co.jp","〒460-0008 愛知県名古屋市中区栄2","",""
"株式会社Roop","https://miraie-nagaoka.jp","〒940-0062 新潟県長岡市大手通2","0258-39-2402",""
"有限会社アスク","https://nakayama-kaikei.com","〒921-8161 石川県金沢市有松2","076-243-5233",""
"KJライブリーサポート株式会社","https://kj-lively-support.com","〒310-0021 茨城県水戸市南町三丁目","",""
"アルテサーノデザイン合同会社代表、日本インダストリアルデザイナー協会プロフェッション委員長、東京デザイナー・アカデミー非常勤講師","https://www.iis-net.or.jp","〒310-0801 茨城県水戸市桜川2","029-224-5317",""
"株式会社Greed","https://greedinc.co.jp","〒150-0011 東京都渋谷区東1","03-6434-9229",""
"株式会社FaceIntelligence&co.","https://f-int.co.jp","〒300-4353 茨城県つくば市 ／ 法人番","029-866-1084",""
"株式会社ループ","https://www.loop-create.com","〒370-3347 群馬県高崎市中室田町4","027-381-6594",""
"株式会社Alsis","https://alsis.co.jp","〒370-0002 群馬県高崎市日高町1","027-395-5235",""
"・株式会社群馬銀行","https://www.gbconsul.co.jp","〒371-8611 群馬県前橋市元総社町1","050-3733-4300",""
"「企業訪問」㈱アサヒ商会","https://access-club.info","〒371-0805 群馬県前橋市南町1","027-257-9466",""
"株式会社シンプリック","https://simplique.jp","〒860-0805 熊本県熊本市中央区桜町1","03-6555-3514",""
"株式会社チェリービー","https://cherrybee.tv","〒330-0062 埼玉県さいたま市浦和区仲町１","048-762-7907",""
"株式会社NOVUS本格始動","http://no-vus.readymade.jp","〒350-1123 埼玉県川越市脇田本町2","0492-57-8113",""
"株式会社SEAFOLKS","https://www.seafolks.tokyo","〒107-0062 東京都港区南青山2","050-6877-5837",""
"彩玉保証株式会社","https://www.a-l-i-n-e.jp","〒336-0926 埼玉県さいたま市緑区東浦和5","048-799-3941",""
"THK株式会社","https://www.hephaist.co.jp","〒350-1151 埼玉県川越市今福5","049-273-7000",""
"株式会社AirSol","https://airsol.jp","〒150-0013 東京都渋谷区恵比寿3","",""
"AKINDO株式会社","https://techcaravan.jp","〒270-0101 千葉県流山市東深井4","",""
"東一宇都宮青果株式会社","https://to-utsunomiya.jp","〒321-0933 栃木県宇都宮市簗瀬町1","028-637-6100",""
"株式会社Linkbank","https://mediad.jp","〒343-0828 埼玉県越谷市レイクタウン2","048-971-6544",""
"株式会社大黒屋","https://dx-insight.com","〒330-0854 埼玉県さいたま市大宮区桜木町 4","",""
"指定管理者 株式会社コンベンションリンケージ","https://www.kuste.jp","〒299-5231 千葉県勝浦市沢倉5","0470-73-1001",""
"株式会社梓設計さま","https://sheepluck.com","〒343-0027 埼玉県越谷市大房1","03-1234-5678",""
"株式会社動画丸","https://chi-value.com","〒379-6026 千葉県健康福祉部 健康づくり支援課","0475-77-7303",""
"株式会社VーLead","https://v-lead.co.jp","〒263-0015 千葉県千葉市稲毛区作草部2","043-306-1821",""
"共進運輸株式会社","https://movie.noveltyinc.jp","〒273-0005 千葉県船橋市本町5","047-405-2227",""
"株式会社ZEROYON","https://chiba-digital.jp","〒261-7123 千葉県千葉市美浜区中瀬2","",""
"・株式会社MOSHの成長推移データ閲覧","https://themasons.jp","〒277-0005 千葉県柏市柏4","",""
"モバーシャル株式会社","https://www.mobercial.com","〒150-0022 東京都渋谷区恵比寿南2","03-6412-7073",""
"株式会社CREER","https://creer-ent.co.jp","〒107-0052 東京都港区赤坂9","03-6820-7494",""
"日本電気㈱ NEC","https://www.kjn-c.co.jp","〒277-0832 千葉県柏市北柏4","04-7163-3311",""
"花月園観光株式会社、","https://site-support.jp","〒231-0032 神奈川県横浜市中区不老町1","045-489-6381",""
"株式会社リモートスタジオ","https://remotestudio.co.jp","〒222-0021 神奈川県 横浜市 港北区 篠原北1","045-270-9078",""
"株式会社Tekono","https://tekono.co.jp","〒160-0023 東京都新宿区西新宿7","03-5776-2891",""
"合同会社Yorimichi","https://yorimichi-local.jp","〒221-0056 神奈川県横浜市神奈川区金港町5","",""
"有限会社安物産","https://www.amaiwa.com","〒210-0816 神奈川県川崎市川崎区大師町4","044-201-7233",""
"株式会社しまむら","https://createe-inc.com","〒102-0074 東京都千代田区九段南1","",""
"株式会社TT","https://tokyo-tsushin.com","〒106-0032 東京都港区六本木3","",""
"株式会社日本旅行","https://glu.atara.co.jp","〒225-0004 神奈川県横浜市青葉区元石川町3","",""
"有限会社辻元","https://cravia.jp","〒105-0012 東京都港区芝大門2","03-6435-7130",""
"ユナイテッドピクチャーズ合同会社","https://unitedpictures.jp","〒251-0016 神奈川県藤沢市弥勒寺３","",""
"味覚糖株式会社","https://libertytown.co.jp","〒153-0042 東京都目黒区青葉台3","",""
"有限会社カワムラ印刷","https://locaseo.info","〒251-0053 神奈川県藤沢市本町１","0466-25-1111",""
"株式会社ココピア","https://cocopia-works.jp","〒248-0006 神奈川県鎌倉市小町2","0467-81-5334",""
"株式会社フルフェクト","https://www.fleffect.com","〒150-0041 東京都渋谷区神南1","03-4400-6291",""
"川崎市場管理株式会社","https://saiwai-ichiba.jp","〒212-0016 神奈川県川崎市幸区南幸町3","044-223-7140",""
"株式会社アドコウ","https://miru-kuru.jp","〒430-0926 静岡県浜松市中区砂山町3","053-456-8001",""
"株式会社絆","https://shizuoka-kizuna.com","〒420-0039 静岡県静岡市葵区上石町５","054-270-3024",""
"makidai合同会社","https://makidai.world","〒424-0853 静岡県静岡市清水区月見町1","050-5444-0336",""
"株式会社ベルファスト","https://belfast.co.jp","〒432-8052 静岡県浜松市中央区東若林町1","",""
"株式会社GeoDesign","https://www.geodesign.in","〒430-0929 静岡県浜松市中央区 中央2","053-528-7561",""
"株式会社ジージーネットワークス","https://ggnetworks.co.jp","〒420-0859 静岡県静岡市葵区栄町2","053-488-8883",""
"株式会社First Line","https://www.01-line.com","〒430-0926 静岡県浜松市中区砂山町3","03-5324-2262",""
"ワープステクノロジー株式会社","https://www.waps-t.com","〒460-0008 愛知県名古屋市中区栄5","",""
"株式会社ブルーデザインマーケティング","https://bdesign.jp","〒450-0002 愛知県名古屋市中村区名駅5","050-5881-7779",""
"RB合同会社","https://rb-llc.jp","〒460-0003 愛知県名古屋市中区錦三丁目","052-269-8638",""
"株式会社AZ antiques japan","https://az-antiques.jp","〒464-0801 愛知県名古屋市千種区星ヶ丘二丁目","090-5710-4346",""
"株式会社トキ・テック","https://recruit.tokitech.co.jp","〒461-0005 愛知県名古屋市東区東桜1","052-684-8338",""
"TikStar株式会社","https://tikstar.jp","〒460-0011 愛知県名古屋市中区大須４","052-385-9679",""
"株式会社北川印刷","https://kitagawap.com","〒441-8042 愛知県豊橋市小池町角田3","0532-45-0089",""
"株式会社M-support","https://msu.co.jp","〒444-3515 愛知県岡崎市桑谷町字西平地3","",""
"合同会社Absolute（アブソルート）","https://absolute-mkt.co.jp","〒440-0881 愛知県豊橋市広小路 二丁目","",""
"株式会社ニデック","https://1484machinaka.jp","〒440-8508 愛知県豊橋市花田町字石塚4","0532-55-6666",""
"株式会社inglow [英名：inglow , Inc. ]","https://inglow.jp","〒450-0002 愛知県名古屋市中村区名駅4","",""
"株式会社プライズメント","https://prizement.co.jp","〒440-0864 愛知県豊橋市向山町字水車1","0532-65-3015",""
"ＷＴＰ企画株式会社","https://www.wtp.jp","〒471-0867 愛知県豊田市常盤町2","",""
"ミクスネットワーク株式会社","https://www.catvmics.ne.jp","〒444-2137 愛知県岡崎市薮田一丁目","0564-25-5066",""
"株式会社リーゴ","https://company.liigo.world","〒107-0061 東京都港区北青山2","",""
"・ピジョン株式会社","https://www.novumnexus.com","〒510-0072 三重県四日市市九の城町3","",""
"株式会社アプラス","https://www.clubnets.jp","〒150-0002 東京都渋谷区渋谷3","03-5466-2277",""
"株式会社モビリティナビ","https://mobi-navi.jp","〒514-0821 三重県津市垂水9","059-226-2181",""
"株式会社２WIN STREETが新規会員登録されました","https://tajimi.or.jp","〒507-8608 岐阜県多治見市新町1","0572-25-5000",""
"株式会社 Neo Cube","https://neologic.neo-cube.jp","〒510-0007 三重県四日市市別名2","059-333-6507",""
"レイテック株式会社","https://reitechjp.com","〒106-0032 東京都港区六本木一丁目","",""
"株式会社インテグラル","https://integral-works.jp","〒444-0011 愛知県岡崎市欠町字三田田北通2","0564-78-3747",""
"株式会社CityL","https://cityl.info","〒060-0034 北海道札幌市中央区北４","011-590-5487",""
"株式会社GLOW FLAG","https://glowflag.jp","〒990-0331 山形県東村山郡山辺町大字大寺3","050-3706-1021",""
"株式会社SNSコーチ","https://snscoach.com","〒150-0022 東京都渋谷区恵比寿南一丁目","",""
"株式会社ともたび","https://tomotabi.co.jp","〒060-0042 北海道札幌市中央区大通西8","011-222-3300",""
"株式会社ゆいコーポレーション","https://yuicorporation.co.jp","〒003-0002 北海道札幌市白石区東札幌2","011-376-1319",""
"株式会社Barneyz(バーニーズ)","https://barneyz.com","〒062-0922 北海道札幌市豊平区中の島2","011-374-4512",""
"運営法人：株式会社AWANA","https://alii-asahikawa.jp","〒070-0031 北海道旭川市1","0166-73-6730",""
"株式会社APIC","https://ficjapan.co.jp","〒060-0061 北海道札幌市中央区南１","011-219-1855",""
"株式会社ALT","https://a-l-t.net","〒064-0805 北海道札幌市中央区南5","",""
"株式会社Complatについて","http://complat.jp","〒622-0201 京都府船井郡京丹波町下山岩ノ上7","050-3126-0966",""
"有限会社根本","https://www.j-circ.or.jp","〒101-0047 東京都千代田区内神田1","03-6775-9111",""
"アステック株式会社","https://kokoroku.sstn.jp","〒020-0611 岩手県滝沢市巣子1","03-6316-3014",""
"株式会社WiL","https://www.inagora.com","〒108-0014 東京都港区芝四丁目","",""
"BAAAN合同会社","https://baaan.co.jp","〒001-0011 北海道札幌市北区北1","011-768-7771",""
"【㈱永木精機】7","https://jongara.net","〒030-0802 青森県青森市本町2","017-777-2325",""
"株式会社クランバーズ","https://crambers.com","〒078-8343 北海道旭川市東光３","011-206-6852",""
"株式会社makes","https://makesweb.com","〒141-0032 東京都品川区大崎3","03-6432-5046",""
"シークリーホールディングス株式会社","https://cqree-holdings.jp","〒140-0013 東京都品川区南大井6","",""
"合同会社てのん","https://web-re.net","〒981-1248 宮城県名取市相互台東1","050-3561-8577",""
"株式会社建匠","https://kensho-akita.com","〒014-0066 秋田県大仙市川目字町東9","0187-62-0063",""
"株式会社吉風と資本業務提携","https://fclive21.com","〒970-0312 福島県いわき市折戸字岸浦3","0120-84-8937",""
"tripla株式会社","https://www.gdx.or.jp","〒160-0023 東京都新宿区西新宿4","03-6683-0106",""
"株式会社鳴滝組","https://mc-t.net","〒040-0073 北海道函館市宮前町2","",""
"甘党AI株式会社","https://www.ubic-u-aizu.jp","〒965-8580 福島県会津若松市一箕町鶴賀","0242-37-2776",""
"ジギョナリーカンパニー株式会社","https://cloudcake.jp","〒171-0022 東京都豊島区南池袋2","",""
"株式会社タビーロード","https://www.tabiiroad.net","〒600-8208 京都府京都市下京区小稲荷町8","",""
"株式会社 TWC","https://www.yamagata-be.com","〒901-2113 沖縄県浦添市大平3","090-9600-0956",""
"株式会社ピーコック","https://kodomomirai-shokudo.org","〒940-0041 新潟県長岡市学校町1","090-2236-3153",""
"株式会社伊造","https://www.konohanosato.com","〒932-0062 富山県小矢部市安楽寺1","0766-67-2343",""
"株式会社エステートブラザー","https://estatebrother.jp","〒921-8804 石川県野々市市野代3","076-229-7052",""
"株式会社Goodwill","https://goodwill-marketing.com","〒110-0005 東京都台東区上野3","",""
"ノアドット株式会社","https://corp.kyodo-d.jp","〒105-7201 東京都港区東新橋1","03-6252-6401",""
"株式会社Wisdomsthan","https://wisdomsthan.com","〒913-0002 福井県坂井市三国町加戸1","0776-50-2203",""
"株式会社POPER","http://www.juku-kyoiku.com","〒162-0822 東京都新宿区下宮比町2","",""
"有限会社ジーエヌエー","https://ses-jv.jp","〒400-0117 山梨県甲斐市富竹新田2","080-3469-3480",""
"株式会社春月","https://hipro-job.jp","〒106-0041 東京都港区麻布台一丁目","0120-988-232",""
"Dunno inc.","https://dunno.co.jp","〒408-0026 山梨県北杜市長坂町日野3","",""
"有限会社佐野機工","https://www.sanokiko.co.jp","〒321-4363 栃木県真岡市亀山1","0285-82-4522",""
"株式会社 常陽銀行","https://www.jir-web.co.jp","〒310-0011 茨城県水戸市三の丸1","029-233-6732",""
"株式会社アーナーズ","https://arners.co.jp","〒370-0069 群馬県高崎市飯塚町３","0273-88-0687",""
"有限会社フォレスト代表 近成卓哉さんにインタビュー","https://www.hirakata-kassei.jp","〒573-1159 大阪府枚方市車塚1","050-7105-8080",""
"株式会社aiQ","https://masouken.com","〒100-0005 東京都千代田区丸の内1","0120-401-970",""
"ホドク株式会社","https://cinepu.com","〒320-0846 栃木県宇都宮市滝の原1","",""
"オーナーズＬＡＢ株式会社","https://mktroots.com","〒150-0043 東京都渋谷区道玄坂1","048-606-2964",""
"株式会社もとやま不動産","https://www.motoyama-fudosan.com","〒343-0807 埼玉県越谷市赤山町4","0120-597-855",""
"株式会社ア・レステ","https://arester.jp","〒150-0002 東京都渋谷区渋谷1","03-5468-6708",""
"株式会社AXIDEA（アクシディア）の会社概要です。","https://www.axidea.co.jp","〒105-0021 東京都港区東新橋2","",""
"株式会社kaoiri","https://kaoiri.co.jp","〒370-0046 群馬県高崎市江木町1","027-388-0314",""
"株式会社 相広タイヤ商会","https://www.aihiro.com","〒245-2222 埼玉県川越市新宿町5","049-245-2222",""
"㈱雅堂","https://www.koshigaya-cci.or.jp","〒343-0817 埼玉県越谷市中町７","048-967-4680",""
"飛labo株式会社","https://hi-labo.jp","〒900-0001 沖縄県那覇市港町2","098-963-8190",""
"株式会社エクセルシオール・ジャパン","https://www.ikiiki-koshigaya.com","〒343-0034 埼玉県越谷市大字大竹6","048-971-7015",""
"株式会社CARASU","https://syrealty88.com","〒105-0001 東京都港区虎ノ門一丁目","03-3520-8893",""
"株式会社 マイホーム","https://www.myhome-co.com","〒263-0034 千葉県千葉市稲毛区稲毛1","043-203-5557",""
"合同会社motsu.","https://motsu.net","〒343-0836 埼玉県越谷市蒲生寿町1","048-967-5604",""
"コロニーインタラクティブ株式会社","https://colony-i.com","〒162-0845 東京都新宿区市谷本村町2","097-574-8391",""
"DHE株式会社","https://www.dhe.co.jp","〒150-0021 東京都渋谷区恵比寿西2","03-5784-2088",""
"金沢機工株式会社","https://fine-production.co.jp","〒270-0034 千葉県松戸市新松戸1","047-393-8985",""
"合同会社 縁人","https://engine-kashiwa.com","〒277-0843 千葉県柏市明原2","04-7197-4706",""
"株式会社光通信","https://www.jc-connect.co.jp","〒160-0004 東京都新宿区四谷2","03-5360-7066",""
"（株式会社エイピス内）","https://scetb.apice.biz","〒260-0031 千葉県千葉市中央区新千葉 2","043-400-5050",""
"株式会社ヒュープレックス","https://huplex.co.jp","〒273-0105 千葉県鎌ケ谷市鎌ケ谷9","",""
"株式会社HAMONI","https://hamoni.jp","〒141-0031 東京都品川区西五反田２","",""
"株式会社LCconnect （","https://salon.lc-connect.com","〒225-0002 神奈川県横浜市青葉区美しが丘１","090-3754-7985",""
"エイジラボ株式会社","https://cibase.jp","〒273-0031 千葉県船橋市西船4","",""
"株式会社 Lioo","https://lioo.yokohama.ink","〒231-0014 神奈川県横浜市中区常盤町3","045-900-8756",""
"株式会社UNIT","https://unit-g.com","〒150-0001 東京都渋谷区神宮前3","",""
"株式会社川崎フロンターレ","https://www.frontale.co.jp","〒213-0013 神奈川県川崎市高津区末長4","",""
"藤化成株式会社","https://fujix.jp","〒272-0033 千葉県市川市平田2","047-326-3575",""
"株式会社AIMEIO","https://aimeio.jp","〒210-0007 神奈川県川崎市川崎区駅前本町1","090-7912-7844",""
"株式会社クレドメディカル","https://www.credo-m.co.jp","〒100-0005 東京都千代田区丸の内1","06-6100-1130",""
"株式会社ユーアンドエヌ","https://www.ikiikinoie-saitama.com","〒336-0967 埼玉県さいたま市緑区美園6","048-767-3721",""
"株式会社ワクエネ","https://wakuene.co.jp","〒160-0023 東京都新宿区西新宿1","03-5324-2888",""
