company_name,url,result
国内債券,https://www.chikyoren.or.jp/sikin/joukyok_r5_keika_pal20240705.xlsx,fetch_failed
プライバシーセンター,https://privacy.lycorp.co.jp/ja/,no_sns_service
プライバシーポリシー,https://www.lycorp.co.jp/ja/company/privacypolicy/,kept
この簡易版検索結果ページについて,https://support.yahoo-net.jp/PccSearch/s/article/H000011627,no_sns_service
国内債券,https://ssl.shichousonren.or.jp/pdf/fund/unyoujoukyou/20240705hoyu-2.xlsx,fetch_failed
ショップリスト,https://goltra.jp/pages/%E3%82%B7%E3%83%A7%E3%83%83%E3%83%97%E3%83%AA%E3%82%B9%E3%83%88?srsltid=AfmBOorKQPNsq4VfAnva94nyPi61u0AxI1-T7BumLwSXiiLt_20OySv7,no_sns_service
自動車販売やOEMグッズ製造を展開するナッシュが「ネクストSFA ...,https://finance-frontend-pc-dist.west.edge.storage-yahoo.jp/disclosure/20260529/20260527550511.pdf,fetch_failed
デライトワークスのECサイト 制作 の料金・評判,https://meetsmore.com/p/Zd_gReI-qaKAypLn/online-shop-development,no_address
検索結果への広告掲載,https://www.lycbiz.com/jp/service/yahoo-ads/search_results,no_address
雛人形(お雛様)・五月人形のMAHOROBA 白石雛具,https://shop.mahoroba-inter.com/?srsltid=AfmBOorlnJk_5bJPfnU7L55ucJfU-MX1Ghqdce8pLFyOpUT4cXmjycag,no_sns_service
【終了しました】「ふじえだイノベーションスタジアム2025」最終 ...,https://www.city.fujieda.shizuoka.jp/soshiki/sangyoshinko/sogyoshien/boshu/16028.html,no_sns_service
地方企業を 支援 するデジタル マーケティング会社 「サンロフト」,https://www.sunloft.co.jp/dx/,kept
静岡県 藤枝市 、シニア向けジョブ型マッチングサービスを活用し ...,https://digital-shift.jp/flash_news/FN230630_1,no_address
ネット販売を成功させるための,https://www.fujieda.or.jp/fcci/wp-content/uploads/2023/06/%E3%83%9E%E3%83%BC%E3%82%B1%E3%83%86%E3%82%A3%E3%83%B3%E3%82%B0%E6%88%A6%E7%95%A5%E3%82%BB%E3%83%9F%E3%83%8A%E3%83%BC.pdf,fetch_failed
2025年度「はばたく中小企業・小規模事業者300社」,https://mirasapo-plus.go.jp/wordpress/wp-content/uploads/2026/05/28141844/20260528001-ar.pdf,fetch_failed
株式 会社 のびのび色、 藤枝市 のNPO法人 JUNSHIN SPORTS CLUB ...,https://adv.tokyo-np.co.jp/prtimes/article80754/,no_address
グループビジョンの実現に向けた戦略展開,https://www.shizuoka-fg.co.jp/pdf/ir/2022/tougou_2022_09.pdf,fetch_failed
DX・業務効率化 支援,https://www.tax-iwasaki.com/efficiency/,kept
地域課題を解決するための スマートシティサービス事例集,https://www.soumu.go.jp/main_content/000874683.pdf,fetch_failed
支援 実績紹介,https://www.itc-expert.jp/suppor-tachievement/,kept
ソリューション実例,https://s-mkg.com/solution.html,kept
事業詳細・サービス,https://toubundou.co.jp/service/,kept
"Oishi Machine (Thailand) Co., Ltd.",https://thai.emidas.com/ja/company/history/871,no_sns_service
藤枝 AIラボ (@fujieda.airavo),https://www.threads.com/@fujieda.airavo,no_sns_service
2026 CRM ベストプラクティス賞,https://www.crma-j.org/best_practice/2026/best_practice_municipalities_guidance.pdf,fetch_failed
【新創出型】,https://www.mlit.go.jp/kankocho/content/002003384.pdf,fetch_failed
地域再生計画,https://www.chisou.go.jp/tiiki/tiikisaisei/dai68nintei/plan/a033.pdf,fetch_failed
6月5日（金）の「会計事務所5％倶楽部®」参加受付中です,https://obcreate.co.jp/5club/,kept
ブライト500,https://kenko-keiei.jp/wp-content/themes/kenko_keiei_cms/files/kenkokeieiyuryohojin2022_chusho_list.xlsx,fetch_failed
競争・物品役務等,https://www.env.go.jp/kanbo/chotatsu/2019-12-03kyoso-buppin.xls,fetch_failed
〇【様式2】R7_34_ (公財)するが企画観光局(ｽﾎﾟｰﾂ文化 ...,https://www.pref.shizuoka.jp/_res/projects/default_project/_page_/001/077/363/tenken/r7_34_suruga.pdf,fetch_failed
義援金をお寄せいただいた方々,https://www.pref.ishikawa.lg.jp/suitou/documents/20260724gienkouhyou3.pdf,fetch_failed
湖南市地域防災計画,https://www.city.shiga-konan.lg.jp/material/files/group/5/sankoushiryouu.pdf,fetch_failed
令和7年度補正予算 省エネ・非化石転換補助金(設備単位型),https://sii.or.jp/setsubi07r/uploads/r7h_st_koufuketteianken_1.pdf,fetch_failed
団体名 担当者名 住所 TEL FAX e-mail 経営資源 事業・活動内容 ...,https://fujieda-6jika-nw.jp/images/tfile_555577_0.pdf,fetch_failed
株式 会社藤枝 MYFCの共創プロフィール,https://auba.eiicon.net/projects/44255,no_sns_service
【訪問美容師】【静岡県 藤枝市 】高齢者施設・病院・個人宅で出張 ...,https://erterre.jp/shizuoka/fujieda/,no_sns_service
サイトマップ,https://www.s-est.co.jp/sitemap/,no_sns_service
マキヤnews,https://news.shoninsha.co.jp/financial/213748,no_sns_service
藤枝 オフィス開設のお知らせ,https://www.lic-mydo.com/news/detail/117,kept
株式 会社 リンクハート,https://linkheart.net/,no_address
会社 概要,https://awesome.co.jp/company.html,no_sns_service
株式 会社 DARUMA,https://daruma-creative.com/,kept
藤枝市 での金属加工の魅力と可能性に迫る,https://nikko-alumite.jp/column/4498b559-00a3-46b0-b69f-2d7783e5431c,no_sns_service
藤枝 未来DXスクール,https://www.fujiedamirai.jp/,kept
プロモーションビデオ制作,https://design-studio-f.com/service/promotion-video/,no_company
ホームページ制作サービス,https://www.ita-consulting.co.jp/service/web/web-design/,no_address
ヴァンガードスペシャルコラボレーション!!,https://www.iiyama-pc.jp/collaboration/20140906.php,no_sns_service
BLESSING,https://blessing-llc.com/,kept
プレスリリース – ページ 2 – リアルワールドゲームス株式 会社,https://realworldgames.co.jp/news/articlecategory/press/page/2,no_sns_service
株式 会社 リンクハート,https://media.linkheart.net/company/6080401015385/,no_address
静岡鉄道の車両広告と デジタル 連携事例,https://www.spdigital.net/case-study/265/,no_address
会社 概要,https://corp.trip-life.com/company/,kept
愛知県尾張地方のホームページ 制作 ならヲワリウェブ,https://wowari-web.jp/,kept
一宮市 のお客様,https://casamia.nagoya/blogs/delivery-record/20241208-ichinomiya3?srsltid=AfmBOoqLrAsMPeO2IlsswHwNn8boO2ATILBgvgTGU_2dI4_zrOwFnMxz,no_sns_service
ランディングページ最適化から広告運用まで,https://asterisk-isv.com/,no_address
株式 会社 オンジン（団体ID：1904244025）／団体情報,https://fields.canpan.info/organization/detail/1904244025?view=pc,kept
印刷事業,https://ail-c.com/service/printing/,kept
藤枝市 シティ ・ アイデンティティ開発を中心として,https://shizusan.repo.nii.ac.jp/record/1935/files/06%EF%BC%8D%E7%A4%BE%E4%BC%9A%E3%80%90%E6%A4%8D%E6%9D%BE%E3%80%91%E7%A0%94%E7%A9%B6%E7%B4%80%E8%A6%81No24%E5%8F%B7.pdf,fetch_failed
『カレーハウスCoCo壱番屋公式アプリ』に『betrend』が採用,https://www.betrend.com/news/20200204,no_sns_service
『カレーハウス CoCo 壱番屋公式アプリ』がリニューアル ～トップ ...,https://buffett-code-archives.s3.ap-northeast-1.amazonaws.com/pr_reports/140120240403565800.pdf,fetch_failed
株式会社エスプリ 会社概要 – エスプリは現場を知るIT戦略パートナー,https://info.esprit.co.jp/,kept
ABOUT,https://ozekinenshi.co.jp/pages/about?srsltid=AfmBOooxMTYr7xSM08bHirWSFz_0RpRMqkWDd19jY5JU5GtFb2AYH1qh,no_sns_service
Web-lin（ウェブリン）,https://homepage-kimete.com/company/weblin/,no_address
IRお知らせ,https://idom-inc.com/news/notice/page/5/,kept
SaaS (Software as a Service),https://www.ad-kit.co.jp/img/service/pdf-saas.pdf,fetch_failed
セントロ・ククルカン株式 会社 様 EC サイト制作実績,https://ivix-design.co.jp/product/kagurakyo_ec-product/,kept
関連・提携企業,https://www.fukue-research-institute.com/affiliated-company,kept
ツール活用のコツは「欲張らない」こと!?,https://www.lucidas.co.jp/start-small-with-new-tools.html,no_sns_service
日系ブラジル人と中小製造業の架け橋で35年 複合機等のICT ...,https://www.ricoh.co.jp/magazines/smb/casestudy/006221/,no_sns_service
資料4 令和6年度の企業庁事業について,https://web.pref.hyogo.lg.jp/kc01/documents/r6-6keieihyoukaiinkaisiryou08_jigyougaiyou_1.pdf,fetch_failed
会社概要・沿革,https://esprit.co.jp/company/history.html,kept
1 / 3,https://jigyou-saikouchiku.go.jp/pdf/result/plan/shukuhaku_inshoku_11.pdf,fetch_failed
女性経営者向けIT導入 支援,https://mdm-antoinette.com/digital-inroduction/for-women/,kept
中小企業 支援 の取組み,https://www.bi-shin.co.jp/pdf/dis2023-5.pdf,fetch_failed
IT導入補助金2023 （令和4年度第二次補正サービス等生産性向上IT ...,https://it-shien.smrj.go.jp/pdf/r4_grantdecision_list_digital_12.pdf,fetch_failed
2018年度 サステナビリティ説明会,https://www.family.co.jp/content/dam/family/ir/library/presentation/20180824presentation_ufhd_r.pdf,fetch_failed
一宮市 のクリエイター・動画制作向けAI活用 支援,https://ichinomiya-ai-lab.com/industries/creator/,no_company
一宮市 のAI活用・AI導入 支援 なら一宮AIラボ,https://ichinomiya-ai-lab.vercel.app/,no_company
(株)乃一の2027年度 会社 概要,https://job.mynavi.jp/28/pc/search/corp264235/outline.html,no_sns_service
カレーハウスCoCo壱番屋、「coorum（コーラム）」を導入 ...,https://coorum.jp/news/service/cocoichi_20260518/,kept
LINE連携とデータ分析を活用した美容クリニック経営,https://connect.kireipass.jp/pages/case/villa-clinic,no_sns_service
会社 概要,https://implus.co.jp/profile.html,no_sns_service
BtoB 弁当業者専用プラン『お弁当 注文くん』新プランリリース,https://gourmetpress.net/1317505/,kept
WEBコンサルティング,https://www.i-press.jp/consulting.html,kept
葬儀 支援 システム葬流の機能や特徴・導入メリットを紹介,https://www.funeral-system.com/list/netword.html,no_sns_service
企業情報,https://right-up.net/company.html,no_sns_service
一宮市 相続 確定申告 税務 税理士法人総合経営一宮事務所,https://www.ichinomiyajimusho.com/,no_sns_service
弊社の強み,https://mold-star.co.jp/concept/,no_sns_service
WEBコンサルティング,https://flying-support.co.jp/%E3%83%88%E3%83%83%E3%83%97%E3%83%9A%E3%83%BC%E3%82%B8/service/web%E5%88%B6%E4%BD%9C%E3%83%BBweb%E3%83%9E%E3%83%BC%E3%82%B1%E3%83%86%E3%82%A3%E3%83%B3%E3%82%B0/,no_address
株 SKi商会,https://www.zehitomo.com/profile/%E6%A0%AA%E3%80%80ski%E5%95%86%E4%BC%9A-MqVusFS6G/pro,no_sns_service
About Us,https://access-innovation.jp/profile/,no_address
株式 会社 オンジンの企業情報（電話番号・住所）,https://biz-maps.com/item/WQ18n82yZ7,kept
～毎日の移動でヒロインが育つ！MEITETSU × スタプラ 企画 、出発 ...,https://colopl.co.jp/news/info/2013041801.php,no_sns_service
支援 事例詳細,https://www.gifushoko.or.jp/tarui//business/cace/cacedetail/?newsnum=1355144,no_sns_service
アプライド 一宮 店OPEN記念協賛!『2018 PREMIUM SALE!』開催!,https://times.applied-net.jp/premium4/,no_company
必ず当たる デジタル ギフト,https://problog.keepercoating.jp/entry/detail/6708/401029,no_sns_service
許可番号 氏名又は名称,https://www.kouaniinkai.metro.tokyo.lg.jp/kobutsu/keisai.pdf,fetch_failed
EC サイトでモノのレンタルやサブスクを 支援 するシェアリング ...,https://monthly-pitch.com/2023/01/marvle/,no_address
竹歯ブラシ・OEM・名入れ対応,https://miyo-organic.com/pages/overview?srsltid=AfmBOoorhRz141B2Rft2ktls6mJZVRApwlbn6PI5341y6mhVpzHyuPyl,no_sns_service
株式会社アルカナラボの会社概要,https://www.arcana-lb.co.jp/company.php,no_address
わたしたちについて,https://cellec.jp/about/,no_company
202403 Pre-sale,https://kurokin-tools.com/en/pages/202403newitems-en,no_sns_service
【ママハピEXPO＠イーアス 春日井 】出店者大募集 ...,https://hotdogger.jp/blogs/eventshop/%E3%83%9E%E3%83%9E%E3%83%8F%E3%83%94%EF%BD%85%EF%BD%98%EF%BD%90%EF%BD%8F%E3%82%A4%E3%83%BC%E3%82%A2%E3%82%B9%E6%98%A5%E6%97%A5%E4%BA%95%E5%87%BA%E5%BA%97%E8%80%85%E5%A4%A7%E5%8B%9F%E9%9B%86-%E6%98%A5%E6%97%A5%E4%BA%95%E5%B8%82%E6%84%9B%E7%9F%A5%E7%9C%8C-0205113513?srsltid=AfmBOopIrIUN3sD5fvsOZkmRhvjSCTYMoajlCdwPo6o_Oi9IhcYuIroG,no_sns_service
会社概要,https://recruit-asue.info/company/,kept
名古屋オフィス開設のお知らせ,https://www.shanon.co.jp/corporation/news/2019/10/21.html,kept
講演・講話,https://feelingmktg.com/kouenkouwa/,kept
マーケティング 戦略顧問（中小企業・個人事業主）,https://webyus.co.jp/,no_address
サービス活用事例,https://www.turbine.co.jp/showcase,no_address
春日井 商工会議所,https://www.kcci.or.jp/wp/wp-content/uploads/2020/09/ccinews0509.pdf,fetch_failed
IQ WORKS,https://www.iq-ad.com/works/,no_address
令和3年度スマートモビリティチャレンジの先進パイロット地域（経 ...,https://www.town.kiyama.lg.jp/kiji0033173/3_3173_13249_up_oub68g8o.pdf,fetch_failed
製造業 Webマーケティング 事例14選（事例から学ぶ成功要因）,https://marketing.techport.co.jp/archives/28795/,kept
既存事業の強化や新規事業の獲得につながるB to Bビジネスで,https://macloud.jp/offers/2081,no_address
日本,https://www.sekisui.co.jp/company/network/japan/,no_sns_service
会社 概要,https://startline-inc.jp/about/,kept
ソーシャルメディア・ アプリ,https://www.city.nagoya.jp/shisei/kouhou/1010579/index.html,no_sns_service
ArrowS行政書士法人,https://arrows88.com/,kept
企業版ふるさと納税 寄附企業のご紹介（2024年度）,https://www.city.toyota.aichi.jp/shisei/machizukuri/kifu/1073260/1076450.html,kept
企業版ふるさと納税による寄附をいただいた企業様のご紹介(令和7 ...,https://www.city.inazawa.aichi.jp/0000004911.html,kept
広報・広聴,https://www.city.kasugai.lg.jp/shisei/koho/index.html,kept
各務原市公式 LINE,https://www.city.kakamigahara.lg.jp/shisei/koho/1006560/index.html,kept
不動産 管理 業,https://aidemu-home.info/property_management.html,no_sns_service
株式 会社 ティーコレクション 愛知県 春日井市 ・輸入車整備専門店,https://t-collection-car.com/privacy-policy/,no_sns_service
【納品事例】愛知県 春日井市 製造 会社 様へA3シュレッダーを ...,https://www.oa-9.com/jirei/general-office/1622/,kept
春日井市 における 地域包括ケア団地モデル事業の取組,https://www.pref.aichi.jp/uploaded/attachment/297606.pdf,fetch_failed
OVERVIEW 会社 概要,https://www.vertice.ne.jp/company/overview/,kept
サービス案内,https://www.kinose.co.jp/service.html,kept
愛知県 春日井市 の経営 コンサル会社,http://www.key-mame.com/servise.html,no_address
選ばれる理由,https://www.ito-jiro.jp/reason/,no_sns_service
コラム,https://010m.co.jp/column,no_sns_service
有名唐揚げテイクアウト店で LINE 経由の事前注文が浸透中 ...,https://classmethod.jp/cases/karaage-gocchi/,no_address
ウェブコンサルティング,https://pieceweb.com/service/web_consulting.php,kept
ホーム,https://365-blog.jp/,kept
株式 会社 あいんシステムズ【愛知県 春日井市 】,https://www.ain-s.co.jp/company.html,fetch_failed
総務 デジタル 課（DX戦略室）,https://www.city.gero.lg.jp/soshiki/48/,kept
令和4年度愛知県「スマートシティモデル事業」～ 春日井 版MaaS ...,https://www.meitetsu.co.jp/profile/news/2022/__icsFiles/afieldfile/2023/01/18/230118kasugaimaas.pdf,fetch_failed
春日井市 のホームページ制作なら藤デザイン,https://kasugai.fujidesign-nagoya.com/,no_company
【ホームページ 制作 】大沼薬局様,https://manulnekonote.com/hp-oonuma-pharmacy/,no_address
エイムクリエイツのプロモーション業務について,https://www.aim-create.co.jp/solution/promotion.html,no_address
転写紙販売の Shopify ECサイト 制作 実績,https://continuuu.com/works/hp_lavique_202507/,no_address
報道関係者各位,https://www.softbrain.co.jp/investor/upload_file/tdnrelease/4779_20171031404110_P01_.pdf,fetch_failed
ECマーケティング ・ 運営支援 （戦略・制作・集客）(株式 会社 ...,https://shinkin-connect.jp/search2/?mode=print&key=11387,no_address
会社 概要,https://eightlink.jp/about/company/,kept
業プロサテライトご利用企業様,https://databank.gyo-pro.co.jp/topics/gyopro-satellite/,no_address
グランバレイ、東海地域において名古屋支社に続き、 豊田 支社を開設,https://www.granvalley.co.jp/news/14091,no_sns_service
事 業 計 画 書,https://www.tourismtoyota.jp/download/associations/r4_jigyoukeikaku.pdf,fetch_failed
ひまわりネットワーク株式会社が営業 支援 システム（ CRM /SFA ...,https://www.e-sales.jp/news/1647/,no_sns_service
トヨタ自動車株式会社,https://www.terrasky.co.jp/case/dataspidercloud-toyota.php,no_address
スタート 豊田市 「ものづくり創造拠点SENTAN」で共創機会を創出し,https://region.alphadrive.co.jp/news/toyota2025_01,no_address
Web担当者Forumミーティング2015 Spring,https://noren.ashisuto.co.jp/seminar/report/1189101_1574.html,no_address
トヨタ自動車のメール配信システム 導入 事例をWEBサイトに公開 ...,https://www.webcas.jp/newsrelease/news310/,no_address
「ABB ロボティクス アプリケーション・センター 中日本」が愛知県 ...,https://iotnews.jp/manufacturing/97526/,no_sns_service
愛知県 豊田市 ・東海市へ業務効率化/集金DXの一貫としてエンペイを ...,https://www.enpay.co.jp/news/20240617,no_sns_service
西尾市 LINE 公式アカウント,https://www.city.nishio.aichi.jp/shisei/koho/1001522/1008038/1004955.html,no_company
こじま福祉会のあゆみ,https://www.kojima-tns.co.jp/sakuraw/p9.html,no_sns_service
愛知県 豊田市 が建設関係の電子契約率約98%を達成,https://group.gmo/news/article/9383/,no_sns_service
中心市街地活性化への歩み,https://www.tm-toyota.co.jp/pdf/ayumi-h22.pdf,fetch_failed
豊田市 の歴史あるビジネスホテルのピンチを救え。副業人材の多様 ...,https://furusatokengyo.jp/media/blogpost/infoPost/QjU0VqRk7zOJbpNID4Z2,no_sns_service
009 第9号,https://www.accretech.com/jp/assets/ExpertTokyoSeimitsu09.pdf,fetch_failed
豊田市 官民連携介護予防「ずっと元気！プロジェクト」,https://www.dreamincubator.co.jp/nextrisesia/toyota-kaigo/,kept
セールスフォース・ドットコムとトヨタ、クルマ向けソーシャル ...,https://www.salesforce.com/jp/news/press-releases/2011/05/23/110523/,no_sns_service
すまいる サポート 株式 会社 様 / 手書き2プラグイン,https://service.joyzo.co.jp/case/category/lpsas/p13775/,no_sns_service
岡本康佑さん（ 豊田市 稲武地区）,https://spdesk.mikawayamazato.jp/2022_okamoto/,no_sns_service
業務実績 of 経営 コンサル のオフィスT＆K,http://officetandk.web.fc2.com/shido.html,no_sns_service
Kマンスリー 豊田市 駅前（豊田スタジアム前） 104・1K-【角部屋 ...,https://aichimonthly.com/srch/?cm=v&id=722268,no_sns_service
たんとんとん 代表取締役 國井覚斗 様,https://1cs.jp/doc/case/tantontan,kept
企業概要,https://ilink-corp.co.jp/company_profile,no_sns_service
シンツウシン株式 会社 事業 会社 のテキスト コンテンツ 制作に特化,https://sin2sin.com/,no_sns_service
R8年度 豊田市 女性起業家 支援 プログラムSTEP＋（ステッププラス ...,https://8eight8.jp/%E3%80%90r8%E5%B9%B4%E5%BA%A6-%E8%B1%8A%E7%94%B0%E5%B8%82%E5%A5%B3%E6%80%A7%E8%B5%B7%E6%A5%AD%E5%AE%B6%E6%94%AF%E6%8F%B4%E3%83%97%E3%83%AD%E3%82%B0%E3%83%A9%E3%83%A0%E3%80%91step%EF%BC%8B%EF%BC%88/,no_sns_service
Logline,https://logline-movie.com/,no_address
JAI Create株式 会社,https://jai-c.co.jp/,kept
各地方自治体とPayPayで実施している キャンペーン の対象店舗や ...,https://paypay.ne.jp/help/c0298/,no_sns_service
ゴルフ場運営 管理 システム「 SwingClubCloud 」、楽天チェック ...,https://www.tsh-world.co.jp/news/release/post-3774/,no_sns_service
株式 会社 セットジャパンコーポレーション,https://sangyounavi.toyota.aichi.jp/kokosugo/%E6%A0%AA%E5%BC%8F%E4%BC%9A%E7%A4%BE%E3%82%BB%E3%83%83%E3%83%88%E3%82%B8%E3%83%A3%E3%83%91%E3%83%B3%E3%82%B3%E3%83%BC%E3%83%9D%E3%83%AC%E3%83%BC%E3%82%B7%E3%83%A7%E3%83%B3/,kept
映像 制作 は実績豊富なテレビのプロ！名古屋テレビ事業にお任せ！,https://www.ntjigyo.co.jp/vp/,no_address
氷川きよしコンサートツアー 2026-27【 刈谷 】,https://ukaikogyo.co.jp/products/hikawa-2026-10-7kariya,no_sns_service
中小企業・小規模事業者のための専門家派遣制度,https://kariya-cci.or.jp/wp-content/uploads/2025/04/BusinessSupportKariya.pdf,fetch_failed
愛知県 刈谷市 家具移動,https://reform.dcm-hc.co.jp/blogs/%E6%96%BD%E5%B7%A5%E4%BA%8B%E4%BE%8B/%E6%84%9B%E7%9F%A5%E7%9C%8C%E5%88%88%E8%B0%B7%E5%B8%82-%E5%AE%B6%E5%85%B7%E7%A7%BB%E5%8B%95,no_sns_service
株 式 会 社 テ ル ミ ッ ク,https://www.tel-mic.co.jp/wp-content/themes/tel-mic/images/service/business_plan.pdf,fetch_failed
愛知県 刈谷市 拠点の東海建物管理（株式会社クレフォート）が ...,https://gmoretech.com/news20260403/,no_sns_service
【ニュースリリース】 豊田市 による市内製造業企業と全国の ...,https://www.murc.jp/news/news_release/news_release_171027/,no_sns_service
無料相談・お問い合わせフォーム,https://localdirect.jp/contact/,kept
名古屋グランパスとファン参加型スポンサーシップサービスの実証 ...,https://corp.synergy-marketing.co.jp/press/2021/0327030021_7359.html,kept
バーチャルエンジニアリング 支援 強化のため愛知県・神奈川県に ...,https://persol-xtech.co.jp/news/release/20230330-013204.html,no_sns_service
取り組みのご紹介,https://www.kanto.meti.go.jp/seisaku/jidosha/data/20231003tyoisoko.pdf,fetch_failed
刈谷 事業所アクセスマップ,https://www.canon-its.co.jp/corporate/about/location/kariya,no_sns_service
スシロー受付/予約,https://liff.line.me/1621199246-zJXb0Rx4/LINE-mini/ui/top/,no_sns_service
KANAMETOの導入事例・実績,https://kanameto.me/second.html,kept
あいち商店街空き 店舗 情報ナビ,https://www.city.kariya.lg.jp/sangyo/sangyoshinko/1012578.html,no_company
刈谷市 一ツ木町の売地のご紹介,https://hottatochi.jp/baibai/1918,no_sns_service
会社 情報,https://www.alphahomeplus.co.jp/company/,no_sns_service
藤久運輸倉庫 刈谷市 ハーモニーカンパニーに認定,https://weekly-net.co.jp/company/166978/,no_address
刈谷 支社,https://www.hikkoshi-sakai.co.jp/area/aichi/detail/kariya.html,no_sns_service
角文株式 会社 様から企業版ふるさと納税によるご寄附を ...,https://www.city.okazaki.lg.jp/shisei/koho/1006195/1006358/1015539/1015830.html,kept
住宅業界に革新を！サイエンスホームがKengakuCloudを導入し,https://nagoyastartupnews.jp/kengakucloud/,no_sns_service
作業環境測定機関名簿,https://jsite.mhlw.go.jp/aichi-roudoukyoku/redirect/aichi_redirect_46.html,no_sns_service
あらゆる国産・輸入車の整備・車検・修理は愛知県 刈谷市 ・株式 ...,https://kariya-seibi-bankin.com/privacypolicy/,no_sns_service
ジョイフル シマヤ 豊田 店,https://www.shimaya-japan.com/shop/toyota-store/,no_sns_service
会社 概要,https://side-space.com/company/,kept
刈谷市 のホームページ制作なら藤デザイン,https://kariya.fujidesign-nagoya.com/,no_company
愛知県主催 刈谷 イノベーション推進プラットフォームとの相互連携 ...,https://bizkan.jp/strategy/aichi-kariya-startup-kip,no_address
実績例,https://kproject-co.com/achievement/,no_sns_service
お役立ちガイド,https://www.tiis.global/guide,no_sns_service
刈谷市 謎解き,https://huntersvillage.jp/promo/kariya/,no_sns_service
au PAYであなたの街を応援しよう！いろんな街で キャンペーン 開催！,https://media.aupay.wallet.auone.jp/support-local/,no_address
愛知県 刈谷市 のアウトレット・輸入建材販売店,https://www.kenzaikariya.com/information/,no_sns_service
中小企業診断士の経営コンサル,https://fun-biz.jp/,kept
名古屋のホームページ 制作 e-Labo: 見やすく使いやすいWeb 制作,https://eri-labo.com/,no_address
QRコード決済導入販路拡大セミナー,https://www.anjo-cci.or.jp/pdf/qr050718.pdf,fetch_failed
利用規約,https://sweetandsheep.com/policies/terms-of-service,kept
木村 謙之,https://nara-sangyoshinko.or.jp/senmonka/disp.php?dno=61&y1=&y2=0&y3=0&y4=0&keyword=,no_address
アイシングループ団体自動車保険 生活応援!!,https://aisin-hoken.jp/topics/pdf/seikatsuoen.pdf,fetch_failed
General Overview 2025,https://www.city.anjo.aichi.jp/zigyo/syoko/chusho/documents/documents/r7katudouhoukokousho.pdf,fetch_failed
TOKUBETU： CRM 中心のDX 導入支援 伴走型コンサルティング,https://www.improve.co.jp/tokubetu/,no_sns_service
碧海信用金庫とアイリッジ、「LINEミニアプリ」を活用した企業の ...,https://iridge.jp/news/202304/33783/,kept
株式会社グランフェアズ,https://www.granfairs.com/,kept
企業情報,https://pr.mono.ipros.com/kwix/information/,kept
議 案 書,https://anjo-shigikai.jp/know/result/wp-content/uploads/2024/06/gianshoR60605.pdf,fetch_failed
EC サイト,https://alive-web.vn/ja/work-category/ec-sites/,no_address
安城 ビジネスコンシェルジュへの当金庫職員の派遣,https://www.hekishin.jp/news/files/bbc2f6a3057574a59f5f2961da8ea4e8.pdf,fetch_failed
令和8年度 事業計画書,https://www.city.toyohashi.lg.jp/secure/123442/17%202026kodomomiraikan-jigyoukeikakusyo.pdf,fetch_failed
スタッフ紹介,https://abc-anjo.jp/staff/,kept
令和7年度小規模事業者経営革新 支援 事業補助金（経営革新 支援 ...,https://www.aichipfsci.jp/WordPress/wp-content/uploads/2025/07/%E4%BB%A4%E5%92%8C%EF%BC%97%E5%B9%B4%E5%BA%A6%E5%B0%8F%E8%A6%8F%E6%A8%A1%E4%BA%8B%E6%A5%AD%E8%80%85%E7%B5%8C%E5%96%B6%E9%9D%A9%E6%96%B0%E6%94%AF%E6%8F%B4%E4%BA%8B%E6%A5%AD%E8%B2%BB%E8%A3%9C%E5%8A%A9%E9%87%91%EF%BC%88%E7%B5%8C%E5%96%B6%E9%9D%A9%E6%96%B0%E6%94%AF%E6%8F%B4%E8%A3%9C%E5%8A%A9%E9%87%91%EF%BC%89%E6%8E%A1%E6%8A%9E%E4%BA%8B%E6%A5%AD%E8%80%85%E4%B8%80%E8%A6%A7.pdf,fetch_failed
シティプロモーション ワークショップ 災害時応援協定 ...,https://www.city.onojo.fukuoka.jp/kiji003151/3_151_35_2025_09_15_32.pdf,fetch_failed
代表取締役社長 沓名一樹 決算報告〈2026年3月期〉,https://www.ab-hotel.jp/company/datas/briefing_materials/pdf/020260515140602_sW7hI.pdf,fetch_failed
愛知県 安城市 【 E愛知1107 】,https://10ff-investment.com/archives/12572/,no_sns_service
【東尾自動車 管理 センター】愛知県 安城市 の自動車の整備・修理 ...,https://www.goo-net.com/pit/shop/0207309/top,no_sns_service
成果報酬SEO対策は愛知・名古屋のプラスイー,https://seo-nagoya.net/,kept
MLT Advance Ethernetオプションモジュール,https://www.prism-arts.co.jp/pdf/AD-ETH.pdf,fetch_failed
会社 概要 – 株式 会社 AIOZ,https://aioz-co.jp/company/,kept
「愛知デスティネーション キャンペーン 」におけるJapan Highlights ...,https://jr-central.co.jp/news/release/nws002514.html,no_sns_service
WORKS,https://speedinc-jp.com/works/,no_address
制作 実績,https://www.csplus.jp/works/,kept
ニュース,https://e-logis.jp/news,no_sns_service
愛知トヨタ ららぽーと 安城 店 プレスリリース,https://www.aichi-toyota.jp/shoplist/lalaport-anjo/tenpo_pressrelease,no_sns_service
あらゆる国産・輸入車の整備・車検・修理は愛知県 安城市 ...,https://junk-automotive.net/company/,no_sns_service
第72回 安城 七夕まつり 安城 七夕親善大使募集,https://koubo.jp/contest/262454,no_sns_service
ECサイト運営法人について,https://kobutsuya-komaki.com/pages/company?srsltid=AfmBOooMwMU8vehHesgYnDBgzVbDo1VV0pEcsqvjqq45L8HkeIxTAh_8,no_sns_service
募 集 要 項,https://www.city.komaki.aichi.jp/material/files/group/93/01Sbosyuyoukou.pdf,fetch_failed
業務の平準化によるオーナー様の満足度向上を期待。,https://chintaidx.com/case/240523/,kept
会社 案内,https://logi.rjapan.co.jp/lp/2302a-2/company.html,kept
株式 会社 ワイズサービス・コンサルティング,https://baseconnect.in/companies/d814d9ea-19b2-4840-b471-0207a36b8355,kept
サービスヒストリー,https://ts-base.jp/service/history,no_address
令和元年度補正予算 小規模事業者持続化補助金＜一般型＞（第4回 ...,https://r1.jizokukahojokin.info/saitaku/doc/r1i_4_toukai.pdf,fetch_failed
SYSTEM,https://nilufa-nail.com/system.html,no_sns_service
Web サイト コンサルティング ・制作,https://flog-niceshot.com/service/website-consulting/,kept
愛知県 小牧市 の配達・配送,https://kr2-inc.com/,kept
地方創生,https://cocoo.co.jp/tag/%E5%9C%B0%E6%96%B9%E5%89%B5%E7%94%9F/,kept
業務実績 Achievement,http://www.idec-inc.co.jp/result/br_search.cgi,no_sns_service
WEBデザイナーとして 小牧 ・春日井・一宮・犬山・可児・多治見を ...,https://andou-design.com/about/,no_company
小牧市 のホームページ制作なら藤デザイン,https://komaki.fujidesign-nagoya.com/,no_company
しばた鍼灸院 院詳細,https://www.shinq-compass.jp/salon/detail/3894,no_sns_service
会社 概要,https://owari-p.net/company/,no_sns_service
広報・広聴,https://urban-innovation-japan.com/project_tag/pr/,kept
ウェブコンサルタント,https://www.webconsultants.jp/contents/company/webconsultants,kept
サービス紹介,https://onka.co.jp/services/,kept
カシオ、アプリ「MEGURUWAY」で歴史散策を支援 長久手 ...,https://www.nichima.co.jp/news/entry/6661.html,no_sns_service
「世界中に販売できる越境EC」（株式 会社 BYOB 様）,https://corp.refactory.work/works02/cny,kept
株式 会社 RIS（リス）,https://media.ivry.jp/ris/,no_sns_service
つむぐ,http://navi.komaki-cci.or.jp/senmon/senmon01/330,kept
田中 友尋: 本、バイオグラフィー、最新アップデート,https://www.amazon.co.jp/stores/author/B0BDQN5BZ3/about,no_company
企業のご担当者様へ,https://www.sunsgroup.jp/service/,no_sns_service
特定商取引法に基づく表記,https://rubatoandco.jp/policies/legal-notice?srsltid=AfmBOorW_uI3vmnVKhBQBdIEOwNigvSXE22dIoZnlIBEGyMtnxx-YdVn,kept
業務実績,https://leoplanning.jp/service/results/,no_address
ものづくり・商業・サービス生産性向上促進補助金 第20次締切 ...,https://portal.monodukuri-hojo.jp/common/bunsho/ippan/20th/%E6%8E%A1%E6%8A%9E%E8%80%85%E3%83%AA%E3%82%B9%E3%83%88_20%E6%AC%A1%E7%B7%A0%E5%88%87.pdf,fetch_failed
専門家登録者名簿,https://www.bic-akita.or.jp/cms/assets/uploads/2025/06/%E5%85%AC%E9%96%8B%E7%94%A8%E5%90%8D%E7%B0%BFR7.7%EF%BD%9E.pdf,fetch_failed
鈴川織布株式 会社,https://chitajob.jp/company-data/cj0029-%E9%88%B4%E5%B7%9D%E7%B9%94%E5%B8%83%E6%A0%AA%E5%BC%8F%E4%BC%9A%E7%A4%BE/,no_sns_service
ウフル、ミツカンのお客様相談センター刷新を支援,https://uhuru.co.jp/news/press-releases/20251007/,no_sns_service
第1号様式（第3条関係） 令和4年7月25日 会津若松市長 殿 住 ...,https://www.city.aizuwakamatsu.fukushima.jp/docs/2023070600046/file_contents/R4hojyo_sinsei.pdf,fetch_failed
令和4年度 第2回たつの市行財政改革推進委員会 次第,https://www.city.tatsuno.lg.jp/material/files/group/7/r4-2siryou.pdf,fetch_failed
LINE で情報発信！！,https://www.city.kanuma.tochigi.jp/0528/info-0000009802-0.html,kept
会員トピックス全てのトピックス,https://handa-cci.or.jp/kaiin/read.php?category=&keyword=&n=80,no_sns_service
株式 会社 TDC,https://jokatsu.pref.aichi.jp/company/details/cp-00677.html,no_address
【ebica】飲食店の 予約 ・ 集客 ・インバウンド対応を一元化,https://www.ebica.jp/tag/%E9%9B%86%E5%AE%A2%E5%8A%9B%E3%82%A2%E3%83%83%E3%83%97/,no_address
セキュリティ強化＆高機能 予約システム 「SmartReserve」を販売開始,https://www.gmogshd.com/news/smartreserve,no_address
コロナ禍以降の 予約 管理 システム のトレンド,https://www.toshibatec.co.jp/useful/rt/202403-topics03.html,no_address
川崎市公共施設利用 予約システム ふれあいネット 認証画面,https://www.fureai-net.city.kawasaki.jp/web/,no_sns_service
知多メディアスネットワーク株式会社様,https://www.ntt-tx.co.jp/case/chita-medias/,no_address
ホテルで選ばれているアプリ製作サービス,https://gmo-app.jp/lp/hotel/,no_sns_service
株式 会社 ZENB JAPANがShopify ID統合アプリ「App Unity IDP」を ...,https://service.appunity.jp/id/blog/case-zenbjapan,no_sns_service
会社 案内,https://insweb.jp/wp/wp-content/uploads/2021/06/company.pdf,fetch_failed
半田市 公式 LINE で市の情報をキャッチしよう！,https://www.city.handa.lg.jp/shisei/koho/1004121/1004123.html,kept
愛知県 半田市 税理士 公認会計士 弁護士 税理士法人大番頭,https://www.kondokaikei.info/,no_sns_service
株式 会社 東祥,https://www.to-sho.net/news/file/20240620092031_1.pdf,fetch_failed
会員の笑顔,https://joto-smeca.com/kaiin_egao/,no_address
自動車部品・産業用車両部品製造業向けAI外観検査セミナー,https://www.funaisoken.co.jp/seminar/132470,kept
女性社員インタビュー,https://www.hichiban.jp/interview/,no_sns_service
【廿日市市】快適暮らし舎 坂田さん,https://www.hiwave.or.jp/hsusc/syoukai/2285,fetch_failed
トレタ活用ガイド「 予約 はオンラインでが当たり前に！？ ウェブ ...,https://toreta.in/contents/useful/katsuyou_guide004/,no_address
事業内容,https://meitsu.jp/service/,no_address
仲介手数料が半額！暮らしの サポート サービス「エスティライフ24 ...,https://net.st-life.co.jp/blog/entry-706790/,no_sns_service
令和2年度 事業計画書,https://www.handa-kankou.com/cms/wp-content/uploads/2020/06/cdb769c69623961d27d4dc0da3c3bcfa.pdf,fetch_failed
「知多牛」を多くの人に知ってもらいたい 生産者グループが焼き肉 ...,https://www.jeinou.com/manager/2014/09/04/094000.html,fetch_failed
Katzenhand,https://katzenhand.com/,no_company
モーショングラフィックス,https://www.handa-cp-service.com/mg,kept
会社 概要・地図,https://www.pritech-group.jp/company/overview/,kept
EC ショップ,https://inazawa-cci.or.jp/wp/wp-content/uploads/2024/09/%E2%97%8F%E3%83%8D%E3%83%83%E3%83%88%E3%82%B7%E3%83%A7%E3%83%83%E3%83%97%E3%82%BB%E3%83%9F%E3%83%8A%E3%83%BC%E3%83%81%E3%83%A9%E3%82%B77.21.pdf,fetch_failed
Peatix: 【参加無料】データ活用促進特化のオンラインイベント 01 ...,https://01primenumber-2022.peatix.com/,no_sns_service
岐阜 WordPress ホームページ 制作 、戦略からWeb 制作,https://ima-wc.jp/,kept
6月 芳名板.xlsx,https://www.jihs.go.jp/kifu/sponsor_list_01_202606.pdf,fetch_failed
耐震対策,https://nakanihon.co.jp/service/protect/quake/,no_sns_service
公式 LINE,https://www.city.tsushima.lg.jp/shisei/koukokugyouji/kousikisns/kousikiline.html,kept
PRツール制作・ブランディング  愛知県 半田市 ・知多半島  言葉工房 ...,https://kotobakouboutom.com/,no_company
日立アイイーシステムが「ナレッジ動画」を 導入,https://l-is-b.com/ja/news/20250821_21353/,no_sns_service
エコリング 稲沢店（ 稲沢市 朝府町）の写真(12件),https://www.ekiten.jp/shop_26175559/photo/,no_sns_service
イシケン・リフォーム部の施工事例,https://reform.ishiken.biz/,no_sns_service
COMPANY INFO,https://wako-inc.co.jp/company,no_sns_service
共に挑戦し、共に成長する,https://d-fooor.com/,no_address
プライバシーポリシー,https://kurumaya-jiro.com/privacy_policy/,no_sns_service
シマノ 鈴鹿 ロード,https://suzukaroad.shimano.com/,no_sns_service
市内7会場で多彩な催し 稲沢 まつり、特産品など販売,https://www.chukei-news.co.jp/news/2025/10/22/OK0002510220501_04/,no_sns_service
名古屋のデザイン・ブランディング・Web制作 会社,https://taki-ic.taki.co.jp/,kept
愛幸建設の庭づくり 愛幸建設,https://aiko-kensetsu.com/about/,no_sns_service
Treasure Data Connected World 2025,https://www.sendenkaigi.com/marketing/event/treasuredata2512/,no_sns_service
WEB マーケティング ・ブランディングのコンサルタント 三重 /番頭 ...,https://www.bantousya.jp/,no_address
マーケティングソリューション,https://inasho.com/solution/solution-inventory/,kept
ビジネスの本質は『人』,https://bizfighters.com/about/,no_address
IT中小企業診断士事務所・三重県津市: ホーム,https://www.it-shindanshi.com/,no_company
ネット通販の売上拡大！自社 EC サイトでの販売強化,https://mie-biz.jp/case/44,no_address
COMPANY,https://www.unitedworks.co.jp/company/,kept
site policy,https://ataifuji-japan.co.jp/policy/,no_sns_service
指定管理者が行う公の施設の管理状況報告（令和6年度分）,https://www.pref.mie.lg.jp/common/content/001100574.pdf,fetch_failed
お近くの対応店舗,https://be-sapo.jp/area/,no_sns_service
AI 予約システム 構築,https://topbank.jp/service/reservation,no_sns_service
伊賀市 LINE 公式アカウント,https://www.city.iga.lg.jp/0000008854.html,kept
カテゴリ別制作実績,https://mavens.jp/about/works/bycategory.php,kept
【テーマパークスタッフコース】カリキュラム,https://www.trajal.jp/themepark/curriculum/,kept
令和2年2月市議会定例議会,https://www.city.suzuka.lg.jp/shisei/mayor/1010045/1010047.html,kept
補助金獲得の鍵！事業計画書作成において必須の3つのポイント,https://igunal.com/hojokin-plan-3point/,no_company
【自治体DX】の進め方でお悩みのご担当者様へ,https://www.creansmaerd.co.jp/column/gyosei-dx.html,no_sns_service
あなたの未来に感動の家をとどけます,https://www.azuma-mie.co.jp/wordpress/wp-content/uploads/2018/07/Azumotto_Vol1.pdf,fetch_failed
株式 会社 キヨシ,https://www.kiyoshi1.com/,no_sns_service
三重県 鈴鹿市 （息子様のお部屋）片付け整理収納,https://junkosan.com/blog/support/1316/,no_sns_service
ナビゲーションアラート,https://www.tomei.co.jp/product/504-06400/,no_sns_service
Kマンスリーイオンモール 鈴鹿 店前（平田町駅西） 201・1K-【角 ...,https://mieweekly.com/srch/?cm=v&id=483593,no_sns_service
プロセスサポート(同),https://process-support.jp/about.html,no_sns_service
生活 支援 業【 みえライフサービス 】 基本料金1人時間2000円,https://jmty.jp/mie/ser-con/article-6f00l?srsltid=AfmBOoqPgLB8fuMiYExx7dlo1d0-r6NbNIWFV47hkEJ-A3pdHL5cxgoj,no_sns_service
A-XYZ（アクシズ）,https://partner.e-shops.jp/details/487/,no_company
株式 会社 クイックリー 詳細ページ,https://tsunaweb.book.mynavi.jp/tsunaweb/company/detail/id=6209,no_address
デジタル インスタレーション,https://www.g-mark.org/gallery/winners/9db7fee0-803d-11ed-af7e-0242ac130002,no_company
プロセスサポート合同 会社,https://ivexl.com/company_overview.html?id=1773,no_sns_service
鈴鹿市 アーカイブ,http://kk-greens.jp/tag/%E9%88%B4%E9%B9%BF%E5%B8%82/,fetch_failed
SPECIO公式,https://web.specio-japan.com/,kept
中部運輸局における最近の主な取り組み,https://wwwtb.mlit.go.jp/chubu/barrierfree/bunkakai/siryou/r2/siryou7.pdf,fetch_failed
三重県 鈴鹿市 のWebデベロッパー,https://m2web.site/,no_company
セントレア旅プロジェクト,https://www.centrair.jp/special/tabipro/,fetch_failed
【終了】マスコットキャラクター デザイン大募集！募集要項,https://www.suzuka-hunter.com/event/8808,no_sns_service
株式会社東京美食Labo 事業計画資料 Business Plan,http://company.tokyo-b-labo.com/wp/wp-content/uploads/2024/09/Plan_v5.3_website.pdf,fetch_failed
【肉のよしや】「上質なお肉」を想起させるユニークなデザイン ...,https://chokuso.cunelwork.co.jp/design/1308/,no_address
運営 会社 情報,https://ohaka.inory.jp/pages/company?srsltid=AfmBOop5MBSSsXexjBHo8eepq5rPouFqjymt8eqOo9u0KitxU2IY86nO,kept
備前市スマート自治体戦略 〔 取組集 〕,https://www.city.bizen.okayama.jp/uploaded/attachment/19511.pdf,fetch_failed
公益財団法人 三重県産業 支援 センター,http://mie-yorozushien.go.jp/file/mie_yorozu_pamphlet.pdf,fetch_failed
三重県 でSEO対策に強い ウェブ マーケティング 会社 ならオーパス ...,https://opus-plan.net/area/mie/,kept
1906年創業／株式 会社 佛英堂）,https://100-keiei.org/report/20210113/,kept
株式 会社 ライフライン -HOME,https://lifeline-mie.com/,kept
株式会社 松阪 電子計算センター,https://cn.teldevice.co.jp/case/matsusaka/,no_address
ゴートップ 顧客情報の管理から マーケティング 施策まで一括管理 ...,https://www.pasonagroup.co.jp/news/index112.html?itemid=4881&dispmid=798,no_sns_service
ミニ体験講座・催し物,https://www.matsusaka-kanko.com/blog/category/mini-taikenkouza/page/16/,no_sns_service
甲賀市公式 LINE （ライン）について,https://www.city.koka.lg.jp/kokaline2023/,no_company
奈良市 LINE 公式アカウントの運用を開始します（令和2年6月1日 ...,https://www.city.nara.lg.jp/site/press-release/78131.html,no_address
知多市広報公式SNSのご案内,https://www.city.chita.lg.jp/docs/2014032700423/,no_company
「あなた」だけの災害時行動計画（マイ・タイムライン）を作ろう！,https://www.city.nabari.lg.jp/s002/020/010/030/171/20210601113548.html,no_sns_service
ソフト、ホームページ作成、レンタルサーバー,http://www.ohyamanet.com/soft.htm,kept
議案第36号 令和6年度 松阪市 の一般会計補正予算（第7号）は,https://www.city.matsusaka.mie.jp/uploaded/attachment/93025.pdf,fetch_failed
最先端技術・大規模案件でスキルを高めていける【建築施工 管理 】,https://nippondoken.co.jp/case/case-153/,no_sns_service
JWマリオット・ホテル奈良「シルクロードダイニング」,https://www.tablecheck.com/ja/join/success-stories/data-marketing/jwmarriott-nara/,kept
平成30(2018)年度 アスベスト 分析 技能試験 APT-4,https://www.jemca.or.jp/wp-content/uploads/2019/07/APT-4_mem_A.pdf,fetch_failed
会社 案内,https://mikata-c.co.jp/dcms_media/other/mikatagroup_annai20240919.pdf,fetch_failed
事業内容,https://nagasaku-c.jp/business/,no_sns_service
株式会社ゴートップ様 取材時社名：新日本工業株式会社様,https://biz.nuro.jp/case/gotop/,kept
コンピュータ・IT(三重県),https://www.bizloop.jp/c00000103/Mie/,no_address
「スマホで完結!WEBローン キャンペーン 」の実施について,https://www.33bank.co.jp/release/back-number/2018/daisanbank/pdf/30.11.27-2.pdf,fetch_failed
松阪 ・伊勢・津の中小企業向けWeb 制作 ・IT活用支援,https://strmgmt.biz/about,no_address
三重県 松阪市 にて、 デジタル お土産を配布！観光DXサービス ...,https://www.digittle.co.jp/news/20230317,no_sns_service
特定創業 支援 事業,https://m-cci.or.jp/?page_id=2397,no_sns_service
駐車場 管理,https://www.weblocks.jp/service/parking/,no_sns_service
第5回記念大会特別 企画 について,https://mie-matsusaka-marathon.jp/2026/06/13/5th/,no_sns_service
松阪市 職員研修「公務員のための マーケティング 」,https://mojo.co.jp/report/%E6%9D%BE%E9%98%AA%E5%B8%82%E8%81%B7%E5%93%A1%E7%A0%94%E4%BF%AE%E3%80%8C%E5%85%AC%E5%8B%99%E5%93%A1%E3%81%AE%E3%81%9F%E3%82%81%E3%81%AE%E3%83%9E%E3%83%BC%E3%82%B1%E3%83%86%E3%82%A3%E3%83%B3%E3%82%B0/,no_address
伊勢 屋の歩み,https://kuromon-iseya.com/pages/feature,no_sns_service
会社 概要,https://yamatou.net/pages/company,no_sns_service
地方副業案件,https://talent.direct.hipro-job.jp/talent/issue/6694/,no_sns_service
company-profile,https://shinryokusabo.co.jp/pages/company-profile?srsltid=AfmBOoqWP_IjouJeu8NL6-rZrXjvSSTeulKM9nRi6rIqT1MDyUAzS9Vn,no_sns_service
イベント,https://www.iitakaeki.com/news/category/event/,no_sns_service
神田久志本店 Koudakusimoto shop,https://sundrug-online.com/blogs/search-store/3211?srsltid=AfmBOoomjpwrtYtkh0ct9rdaLiqGLq0YYqLI14VbQHM6MagSaHxC6_PX,no_sns_service
株式会社テラスカイ,https://terrasky.snar.jp/jobboard/detail.aspx?id=aRG9YEfk94iODbHejvyhnA,no_sns_service
令和7年度 中小・小規模企業デジタル技術 導入 等緊急 支援 事業費 ...,https://www.pref.hokkaido.lg.jp/fs/1/1/9/5/3/9/0/4/_/%E6%8E%A1%E6%8A%9E%E7%B5%90%E6%9E%9C.pdf,fetch_failed
SINEXCEL、三重県 松阪市 の系統用蓄電所が需給調整市場へ参入,https://www.prnewswire.com/jp/news-releases/sinexcel-302824581.html,no_address
株式会社テラスカイ,https://www.pref.shimane.lg.jp/industry/syoko/sangyo/itsangyo/business_guide/te.data/terrasky.pdf,fetch_failed
SERITA GROUP,https://www.serita-group.com/,no_sns_service
業界特化型ソフトウェアグループのSIVA、 TOKYO PRO Market上場 ...,https://siva-s.com/corporate/groupin_willdo_agreement/,no_address
商 工 労 政 課,https://www.city.ise.mie.jp/_res/projects/default_project/_page_/001/019/364/0708sangyokanko.pdf,fetch_failed
東部Aグループ,https://www.pref.nara.lg.jp/documents/11737/04_r7_toubu.pdf,fetch_failed
2103環境生活課 地域公共交通計画概要版 表,"https://www.town.minamiise.lg.jp/material/files/group/9/minamiise,tiikikoukyoukoutuukeikaku,gaiyou.pdf",fetch_failed
会長あいさつ,https://hojinkai.zenkokuhojinkai.or.jp/ise/files/2025/09/%E5%8B%BE%E7%8E%8937%E5%8F%B7%EF%BC%88%E4%BB%A4%E5%92%8C%EF%BC%97%E5%B9%B4%EF%BC%99%E6%9C%88%E7%99%BA%E8%A1%8C%EF%BC%89.pdf,fetch_failed
Webサイト 制作,https://www.yumeya.net/service/webdesign/,kept
広域観光交流促進調査特別委員会行政視察報告,https://www.city.niigata.lg.jp/shigikai/index_shisatsu/houkoku/R07_gyouseisisatu.files/R7_kankousisatu2.pdf,fetch_failed
ソリューション・システム開発・SIサービス,https://www.cwj.jp/service/solution/,no_sns_service
08A-03_006_2024report.pdf,https://www.barifuri.com/files/08A-03_006_2024report.pdf,fetch_failed
令和6年度 伊勢 志摩観光コンベンション機構 事業計画,https://www.iseshima-kanko.jp/storage/files/shares/jigyoukeikaku/R6_jigyo_keikaku.pdf,fetch_failed
社外IT部門サービス,https://relation-net.jp/,kept
リアル店舗の経営を コグニティブで科学する ～ 伊勢 の老舗店 ...,https://japan.cnet.com/extra/ms_ebiya_201710/35108734/,no_sns_service
トピックス,https://www.ise-cci.or.jp/topics/,kept
ABOUT US,https://tokyobase.co.jp/about/,no_sns_service
【DIG THE LOCAL IN KANSAI】関西広域 デジタル マップ_スタンプ ...,https://www.muic-kansai.jp/news/20241101.html,no_sns_service
令和4年度 公益社団法人 伊勢市 観光協会 事業計画,https://ise-kanko.jp/cms/wp-content/uploads/2024/04/%E4%BB%A4%E5%92%8C4%E5%B9%B4%E5%BA%A6%E4%BA%8B%E6%A5%AD%E8%A8%88%E7%94%BB%E5%8F%8A%E3%81%B3%E4%BA%88%E7%AE%97%E6%9B%B8.pdf,fetch_failed
会社 案内,https://act.gr.jp/company/,no_sns_service
「志摩へおいなーい！」【第10回 近鉄エリア キャンペーン 】,https://www.kanko-shima.com/event/9514/,no_sns_service
パートナー 企業,https://www.soft-com.co.jp/partners/,no_address
KEITAIYA24とは？どんなサイト？,https://www.keitaiya24.com/html/page22.html?srsltid=AfmBOopQ6NW3M6gKwXsJJucEQqg1vDHNnB3CYHujA0v0-03Rk8fGiSko,no_sns_service
革新的老舗 伊勢 半が大事にする デジタル 戦略,https://massive-act.com/projects/isehan/,no_address
市内で創業・起業された方々のご紹介,https://www.city.kusatsu.shiga.jp/kurashi/sangyobusiness/sangyo/sougyou/sougyousyasyoukai.html,kept
イオンモールアプリリニューアルに伴う機能終了のお知らせ,https://kusatsu.aeonmall.jp/news/mallnews/588a6dcf-ea22-46db-9f1a-d3f5b1f98c74,no_sns_service
Hinome,https://hinome-japan.com/,no_company
会社 概要・スタッフ,https://www.starbride.jp/about/,kept
「企業経営でのIT活用の重要性」,https://www.shigaplaza.or.jp/wp-content/uploads/2024/01/uchikochi_55.pdf,fetch_failed
BtoBの マーケティング ・営業DXに特化した「専門家集団」とは,https://listen-web.com/story/matsunaga-soh,no_sns_service
株式会社J-WORLD,https://jworld-web.co.jp/,kept
サービスコンセプト,https://ssl.wit-inc.jp/concept/,no_address
ニュースリリース,https://www.hitachi-solutions.co.jp/company/press/news/news2016.html,no_address
事業計画書,https://www.kusatsu.or.jp/uploads/pdf/yk_20230001.pdf,fetch_failed
顧客との接点を変革する！DXで実現する新しいビジネスモデルの ...,https://www.it-seibishi.or.jp/5316/,no_sns_service
「行革甲子園2018」応募事例,https://www.pref.ehime.jp/page/50404.html,no_sns_service
EC コンサルティング,https://consulting.amo-kyoto.jp/,no_address
滋賀県の「カミカリスマ」受賞サロン の導入で新たなサロン体験を ...,https://www.b-merit.jp/pressrelease/20260209_bmsm-noella.pdf,fetch_failed
尼崎市母子保健相談 支援システム 構築及び運用保守業務,https://www2.njss.info/offers/view/32739262,no_sns_service
相談窓口・相談会：【7/23】出張相談会in 草津,https://jnet21-snavi.smrj.go.jp/snavi2/articles/183984,fetch_failed
hacomono（PR）,https://bthefit.com/category/hacomono,no_sns_service
指定管理者の選定結果（彦根市スポーツ・文化交流センター）,https://www.city.hikone.lg.jp/kakuka/jinji/10/2_1/2/18686.html,no_sns_service
プライバシーポリシー,https://tagemon.jp/privacy-policy/,no_sns_service
野村公園（ 草津 市立滋賀トヨタアリーナ）野村運動公園,https://sports932.net/facility/nomura/,no_sns_service
専門家による経営相談(無料で市内事業者の課題解決のお手伝い),https://www.city.higashiosaka.lg.jp/0000028368.html,no_sns_service
ノキアと日鉄ソリューションズ、オムロンの オートメーション ...,https://www.nokia.com/ja_jp/about-us/newsroom/press-and-stock-exchange-releases/2022/03/17/nokia-ns-solutions-to-build-operate-and-maintain-5g-private-wireless%20network-at-omrons-automation-center-kusatsu/,no_sns_service
京都市 LINE 公式アカウントを開設しています！,https://www.city.kyoto.lg.jp/sogo/page/0000245775.html,no_sns_service
土曜、日曜、祝日に利用できる相談窓口,https://www.kokusen.go.jp/map/weekend_madoguchi.html,no_sns_service
【9月1日スタート！】 伊勢 志摩ジャンボ!! キャンペーン はじまります ...,https://www.sanco-inn.co.jp/news/8/,no_sns_service
大津市 LINE 公式アカウントをご利用ください,https://www.city.otsu.lg.jp/soshiki/001/1024/g/degital_inovation_strategy/LINE/26567.html,no_sns_service
不登校に関する地元の相談窓口,https://www.mext.go.jp/a_menu/shotou/seitoshidou/kinki.html,no_sns_service
草津 ・栗東・守山くるっとバス,https://www.city.moriyama.lg.jp/machikankyobousai/1002048/1010269/index.html,no_sns_service
LINE 公式アカウントを運用しています,https://www.city.nagaokakyo.lg.jp/0000009620.html,kept
相続相談,https://www.hara-sogokaikei.com/inheritance,no_sns_service
プライバシーポリシー,https://www.tecnart.co.jp/privacy/,no_sns_service
ロカベンを使った伴走型 支援 で小規模事業者の経営改善,https://www.meti.go.jp/policy/economy/keiei_innovation/sangyokinyu/locaben/pdf/jirei/20.KUSATSU_10.24.pdf,fetch_failed
草津市 の水漏れ・つまり修理 水まわりトラブルなら共立空調へ,https://www.kyoritsukucho.co.jp/area/kusatsu/,no_sns_service
株式 会社 THIRTY SIX,https://www.smrj.go.jp/incubation/rits-bkci/companylist/ki772s000000apok.html,kept
餃子屋はまだ様,https://www.tenantkoubou.com/voice/restaurant/voice-26130/,no_sns_service
会社 設立・M&A・事業承継の基礎 司法書士法人の法務勉強会 滋賀県 ...,https://funfairfanfare.com/%E4%BC%9A%E7%A4%BE%E8%A8%AD%E7%AB%8B-ma-%E4%BA%8B%E6%A5%AD%E6%89%BF%E7%B6%99-%E5%8F%B8%E6%B3%95%E6%9B%B8%E5%A3%AB%E6%B3%95%E4%BA%BA-%E6%B3%95%E5%8B%99/,kept
滋賀デスティネーション キャンペーン,https://www.pref.shiga.lg.jp/file/attachment/5611964.pdf,fetch_failed
“ 伝える”を ともにカタチに,https://www.shashin-kagaku.co.jp/skm/blog/up/docs/company_pamphlet.pdf,fetch_failed
令 和 4 年 度 事 業 報 告,https://kanko-kusatsu.com/wp-content/themes/kusatsu-kb/pdf/R4_jigyouhoukoku.pdf,fetch_failed
接客力強化,https://www.compass-it.jp/theme/costomer-service,no_address
第56回 キャンペーン について,https://www.jrhokkaido.co.jp/CM/Info/press/pdf/211124_KO_KYOTODC.pdf,fetch_failed
草津市 と「イノベーション集積拠点の創出に向けた事業化検討 ...,https://www.shigagin.com/news/topix/3599,no_sns_service
滋賀デスティネーション キャンペーン の取組内容について,https://www.shigaken-gikai.jp/voices/GikaiDoc/attach/Nittei/Nt21231_1014kokusupo_2.pdf,fetch_failed
通販システムDPRO,http://ueda-js.co.jp/dpro,no_sns_service
ABOUT,https://oinai-karasuma.jp/about.html,kept
Shop List,https://www.nexgengolf.jp/pages/shop-list?srsltid=AfmBOop3PKIiAxRUk90WYrl_9qkYAYAyFwsOqzgGW89weTYdCKdnemYq,no_sns_service
公益財団法人京都産業21 市場開拓支援部,https://www.ki21.jp/wordpress/wp-content/uploads/2019/10/0220_shijokaitaku_guide-1.2.pdf,fetch_failed
プロダクトジャーニー,https://kinto.co.jp/blogs/journal/product-journey-from-kinto-headquarters?srsltid=AfmBOopzIDJLjhpdZQT69K0NbGtRC5KMWSB9ekeKLwpJnc6gVRmkigCM,no_sns_service
IT コンサル,https://act-systems.biz/it-consul/,kept
プ！！,https://hiyaku.or.jp/download/html/publication/hiyaku2023.pdf,fetch_failed
TOKAIコミュニケーションズ ICT EXPO 2013,https://www.tokai-com.co.jp/seminar/2013/,no_sns_service
日下タカヒロのサービス内容・料金,https://profile.dreamgate.gr.jp/consul/pro/kusaka/service_view/,no_address
滋賀県長浜市におけるLINEを活用した市政情報配信の拡充を 支援,https://www.trans-cosmos.co.jp/company/news/220825.html,no_address
印刷・製本・Web・動画・企画もできる広告代理店,https://www.omi-in.co.jp/service/degital/,kept
【オーケーエム】2023年8月26日 大阪IRセミナー,https://events.co.jp/lecture-note/0826-okm/,kept
令和7年度自己点検・評価の概要,https://www.shiga-u.ac.jp/wp/wp-content/uploads/JikotenkengaiyouR7.pdf,fetch_failed
IT 導入 補助金2023 (令和3年度補正サービス等生産性向上IT 導入 ...,https://www.it-hojo.jp/r04/doc/pdf/r4_grant_decision_digitalwaku_06.pdf,fetch_failed
2026年,https://www.kyotobank.co.jp/news/2026/,no_sns_service
Event,https://cec2020.jimdofree.com/%E3%83%AC%E3%82%B6%E3%83%BC%E9%9B%91%E8%B2%A8-raw-stone/,no_sns_service
株式 会社 山中商会 社会福祉法人 青い鳥会,https://www.workshiga.com/uploads/contents/77_filepath1.pdf,fetch_failed
組合員さまへ,https://www.shiga-ryokan-kumiai.jp/union-member,no_sns_service
令和元年度事業報告,https://www.hikoneshi.com/media/disclosure/r02/report.pdf,fetch_failed
「人の健康」を切り口にした 平和堂の取組み,https://www.kenkou-shiga.jp/cms_kenkou_r23/wp-content/uploads/2024/11/ec60473f9d92b474d9e08619cededbe8.pdf,fetch_failed
CACトレンド,https://www.cac.co.jp/trends/,no_address
LINE 「長浜市役所(秘書広報課)」,https://www.city.nagahama.lg.jp/0000001495.html,no_sns_service
売主さまとは購入2棟、売却2棟のお付き合いです。,https://www.bestowners.jp/business-achivement/detail.php?id=2541,no_sns_service
株式 会社 湖都,https://www.toclas.co.jp/membership/shop/detail?shop_code=TTVP57,no_sns_service
研修実績 – 人材育成・経営コンサルティングのスマイル ...,https://visionary-c.jp/interview/,no_sns_service
都市ガスサービスエリア,https://www.osakagas.co.jp/company/about/business/pdf/service02.pdf,fetch_failed
株式 会社 PRO-SEEDについて,https://www.pr-seed.com/ja/about/,no_sns_service
製造現場〜 彦根 工場のご案内〜,https://www.naiki.co.jp/products/factory.html,no_sns_service
組合で取り組むデジタル化 アーカイブ,https://chuokai-shiga.or.jp/case_study_category/digitization/,no_sns_service
住まいのギャラリー 彦根 店,https://www.yamatojk.co.jp/office/hikone,no_sns_service
大垣市 LINE 公式アカウント,https://www.city.ogaki.lg.jp/0000053624.html,no_company
彦根 開催『Excelでもできるデータ 分析 』『DX相談サロン』のご案内,https://www.hikone-cci.or.jp/oshirase2/8020/,no_sns_service
滋賀大学 データサイエンス学部 17/20,https://web-pamphlet.jp/shiga-u/2022f1/pageindices/index17.html,no_address
ISID と 彦根市 が DX 推進に関する包括連携協定を締結,https://www.dentsusoken.com/system/files/2023-04/ISID_20230414_Hikone.pdf,fetch_failed
特長,https://www.takebishi.co.jp/smart-factory/features/,no_sns_service
創商,https://www.usp.ac.jp/user/filer_public/8e/9b/8e9bebdb-283d-4bba-8d6c-84ae5a70751f/ce667ed934cf569041545c023b64da05.pdf,fetch_failed
実績,https://creative.writers-hub.co.jp/works/,no_address
会社 概要 – 道具屋さん 本店 (ACE SANGYO),https://shop.kikaibuhin.com/pages/%E4%BC%9A%E7%A4%BE%E6%A6%82%E8%A6%81,kept
会社 概要,https://ace-trade.co.jp/pages/%E4%BC%9A%E7%A4%BE%E6%A6%82%E8%A6%81,no_sns_service
ABOUT US,https://planning-21.jimdofree.com/about-us/,no_sns_service
滋賀県のホームページ 制作会社 ベストアンサー,https://bestanswer.design/,no_company
彦根 営業所,https://corporate.jp.canon/profile/group/system-and-support/office/kinki/hikone,no_sns_service
会社 概要,https://libraohmi.co.jp/company/,no_address
会社 概要,https://j7krtz-ce.myshopify.com/pages/%E4%BC%9A%E7%A4%BE%E6%A6%82%E8%A6%81,no_sns_service
J-GoodTech [株式 会社 Diginal],https://jgoodtech.smrj.go.jp/corp/info/JC0000000050751?preview=false&createdLocale=ja_JP,no_sns_service
リピート通販全般 支援 リピラボ,https://repelabo.com/company.html,no_sns_service
滋賀  学との連携 ～「AI・機械学習を活  した ...,https://www.nttexc.co.jp/news/detail20250306/,no_sns_service
【5/20(月)18:00~21:00】ローカルWEBで遊ぶ会 vol.3,https://be-en.com/event/20240520,no_address
財団法人ビル管理教育センター,https://www.sixapart.jp/business/w_movable_type_283.html,kept
一般社団法人 水道情報活用システム 標準仕様研究会の活動紹介,https://www.j-wpf.jp/_m/files/webinar/20241028_kyousaiwebinar/files20241028.1.3.wssp.pdf,fetch_failed
長浜市 商工会からのお知らせ,https://nagahamasci.or.jp/wp-content/uploads/2026/02/3470529aa8a3b197d57a5f629ee2f3bb.pdf,fetch_failed
会社概要,https://kmmk.co.jp/profile/overview,no_sns_service
Walk To See株式会社,https://walktosee.jp/,kept
平成30年度 横浜市 長浜 ホール 指定管理者業務評価表（自己評価 ...,https://www.city.yokohama.lg.jp/business/kyoso/public-facility/kaku-katsuyou/bunka/gyoumuhyoka/30bunkahyoukakekka.files/13nh-hyouka30.pdf,fetch_failed
長浜市 実証！移動販売車で図書館返却サービス,https://shinkijigyou.com/jp/articles/3657,no_sns_service
時代に合わせた新たな住まいづくりの形フィアスホーム ...,https://www.lixil-jk.co.jp/press-release/4564/,no_sns_service
株式会社コネクトビビ,https://connectbibi.com/,kept
拠点案内,https://www.heishin.jp/company/office.html,kept
LINE のご予約サービス,https://www.kurasushi.co.jp/line_reservation/,no_sns_service
子会社設立のご案内,https://www.ogawaprint.jp/news/20180921.html,no_address
長浜 商店街,https://www.chusho.meti.go.jp/keiei/sapoin/monozukuri300sha/2017/16nagahama.pdf,fetch_failed
2020年5月,https://shigayukan.com/2020/05/,no_sns_service
入退室管理システム「安心でんしょばと」 長浜市 で一斉導入 市が ...,https://www.education.jp/news/detail/106,no_address
LINE SMART CITY,https://smartcity.lycomm.co.jp/p/top,no_address
株式 会社 横浜シーサイドライン様,https://www.townnews.co.jp/pr/works/rarea/716695,no_sns_service
株式 会社 おりひめ,https://www.shinkin-vc.co.jp/invest_post/%E6%A0%AA%E5%BC%8F%E4%BC%9A%E7%A4%BE-%E3%81%8A%E3%82%8A%E3%81%B2%E3%82%81/,no_sns_service
令 和 6 年 度 事 業 報 告,https://kitabiwako.jp/wp_sys/wp-content/uploads/2025/08/a98d4eb02e70788a832cc3e19a4be767.pdf,fetch_failed
長浜市 新時代開拓支援事業補助金 募集案内,https://nagahamabiz.com/wp-content/uploads/2022/03/%E6%96%B0%E6%99%82%E4%BB%A3%E9%96%8B%E6%8B%93%E6%94%AF%E6%8F%B4%E4%BA%8B%E6%A5%AD%E8%A3%9C%E5%8A%A9%E9%87%91%E3%80%80%E5%8B%9F%E9%9B%86%E6%A1%88%E5%86%85.pdf,fetch_failed
株式 会社 SGライフ コンサルティング,https://takahasi-k-group.jp/group/sg.php,no_sns_service
光触媒株式 会社,https://hikari-design.co.jp/author/hikari-syokubai/,no_sns_service
デジタル 駅スタンプアプリ「エキタグ」を導入! 「予讃線 ...,https://www.jr-shikoku.co.jp/03_news/press/2024%2008%2020%2002.pdf,fetch_failed
そしてストイックに。地元・ 長浜 で活躍する葛川社長に尋ねた挑戦 ...,https://wealth-park.com/ja/wealthpark-blog/keypersons-voice-022-1/,kept
紫式部 其の弐 」 デジタル スタンプラリーを実施します,https://www.westjr.co.jp/press/article/items/240412_04_Murasakishikibu%20stamprally%20.pdf,fetch_failed
ちはやふる×しが鉄旅 デジタル スタンプラリー,https://cdn.kyodonewsprwire.jp/prwfile/release/M108203/202409176517/_prw_PR1fl_npmO39Ut.pdf,fetch_failed
プライバシーポリシー,https://tsuentea.com/pages/%E3%83%97%E3%83%A9%E3%82%A4%E3%83%90%E3%82%B7%E3%83%BC%E3%83%9D%E3%83%AA%E3%82%B7%E3%83%BC,kept
顧客接点最適化,https://www.agrex.co.jp/service/purpose/customer-contact.html,no_address
ふくアプリ,https://fukuappli.jp/,no_sns_service
営業パートナー募集のお知らせ,https://mkdesign-office.com/archives/news/partoner,no_address
MUSUBU パートナー,https://knot-designs.com/pages/musubu_02_kyoto_showen_kumihimo?srsltid=AfmBOorQm914z-DKaaT74pfIwHNpf-Onl7kO9Rz5MT9g_sxaUcA8jMgq,no_sns_service
事業案内,http://tng.r-cms.jp/topics_list7/,no_sns_service
Vistage合同 会社,https://www.monodukuri-kyoto.jp/company/4935/index.html,no_sns_service
展示会場,https://www.callcenter-japan.com/osaka/_wpdir/wp-content/uploads/eGuideBook20.pdf,fetch_failed
令 和 7 年 6 月 2 0 日 文教・福祉常任委員会資料 教 育 部 ...,https://www.city.uji.kyoto.jp/uploaded/attachment/47232.pdf,fetch_failed
運営会社,https://honbako-cafe.com/company/,kept
六角穴加工・六角穴付ボルト・六角穴付止めネジの製作・東大阪の ...,https://sankiseisakusho.jp/media/index.html,no_sns_service
事 業 報 告,http://www.kyoto-park.or.jp/HP-keisai/27-houkoku.pdf,fetch_failed
通販システムDPRO,https://dsts.co.jp/dpro/,no_sns_service
令和 6 年度 事業報告・収支決算を承認,https://www.ujicci.or.jp/wp/wp-content/uploads/2025/07/76a35c8d314dd1f36369a454d373ab3e.pdf,fetch_failed
令和2年度 事業報告について,https://kyoto-uji-kankou.or.jp/uji/about/r02/01.pdf,fetch_failed
京都府の歯科・クリニックに強いホームページ制作会社,https://c-ree.com/partners/industry/iryou/kyoto,no_company
「 デジタル の力であなたの地域の魅力発信～ 長浜 城下町遺産を ...,https://diff.wikimedia.org/ja/2025/05/16/%E3%80%8C%E3%83%87%E3%82%B8%E3%82%BF%E3%83%AB%E3%81%AE%E5%8A%9B%E3%81%A7%E3%81%82%E3%81%AA%E3%81%9F%E3%81%AE%E5%9C%B0%E5%9F%9F%E3%81%AE%E9%AD%85%E5%8A%9B%E7%99%BA%E4%BF%A1%EF%BD%9E%E9%95%B7%E6%B5%9C/,no_sns_service
132 joburi de 日本 宇治市 怎么约小姐上门全套一条龙服务〔嫩模网 ...,https://ro.linkedin.com/jobs/%E6%97%A5%E6%9C%AC%E5%AE%87%E6%B2%BB%E5%B8%82%E6%80%8E%E4%B9%88%E7%BA%A6%E5%B0%8F%E5%A7%90%E4%B8%8A%E9%97%A8%E5%85%A8%E5%A5%97%E4%B8%80%E6%9D%A1%E9%BE%99%E6%9C%8D%E5%8A%A1%E3%80%94%E5%AB%A9%E6%A8%A1%E7%BD%91%E2%96%B7%EF%BD%8D%EF%BC%95%EF%BC%95%EF%BC%98%EF%BC%98%EF%BC%8E%EF%BD%96%EF%BD%89%EF%BD%90%E5%90%8C%E5%9F%8E%E6%9C%8D%E5%8A%A1%E3%80%95%E5%93%AA%E4%B8%AAktv%E9%AB%98%E7%AB%AF%E5%A4%9C%E6%80%BB%E4%BC%9A%E7%89%B9%E6%AE%8A%E6%9C%8D%E5%8A%A1%F0%9F%92%8B%E6%97%A5%E6%9C%AC%E5%AE%87%E6%B2%BB%E5%B8%82%E6%80%8E%E4%B9%88%E6%89%BE%E5%B0%8F%E5%A6%B9%E5%AD%90%E4%B8%8A%E9%97%A8%E9%A2%84%E7%BA%A6%E6%9C%8D%E5%8A%A1%F0%9F%92%8B%E6%97%A5%E6%9C%AC%E5%AE%87%E6%B2%BB%E5%B8%82%E5%93%AA%E9%87%8C%E6%9C%89%E5%B0%8F%E5%A7%90%E5%8C%85%E5%A4%9C%E9%A2%84%E7%BA%A6%E5%85%A8%E5%A5%97%E6%9C%8D%E5%8A%A1%F0%9F%92%8B%E6%97%A5%E6%9C%AC%E5%AE%87%E6%B2%BB%E5%B8%82%E5%93%AA%E9%87%8C%E6%9C%89%E5%B0%8F%E5%A7%90%E7%BA%A6%E7%82%AE%E5%90%8C%E5%9F%8E%E4%B8%8A%E9%97%A8%E6%9C%8D%E5%8A%A1%268zlbnk-jobs,no_sns_service
経営陣・顧問（代表取締役CEO 辻 隆）,https://x-project.group/management-team/,kept
お問い合わせ,https://www.skysense.co.jp/contact/,no_sns_service
ポスティングの事ならお任せ下さい【京都府 宇治市 対応 ...,https://postingmeister.com/kyouto/ujishi/,no_sns_service
京都の WEBコンサルティング会社,https://www.paintit.co.jp/,no_sns_service
システム開発,http://www.wao.or.jp/wao/system.html,kept
講座内容,https://www.jyonan.ac.jp/kouza.html,no_sns_service
HILLTOP株式 会社 （京都企業紹介）,https://www.pref.kyoto.jp/sangyo-sien/company/hilltop.html,no_sns_service
No.140,https://www.shindan-kyoto.com/shindankyoto/pdf/shindankyoto140.pdf,fetch_failed
運営 会社 について,https://kids.kyomama.jp/%E9%81%8B%E5%96%B6%E4%BC%9A%E7%A4%BE%E3%81%AB%E3%81%A4%E3%81%84%E3%81%A6/,no_address
Withコロナ時代の非接触型セールスマーケティング ～導入事例で ...,https://www.s-itoc.jp/support/digital/digital-innovation/digital-innovation-seminar/1214,kept
京都府 宇治市 の新築戸建,https://www.fukuya-k.co.jp/kansai/shinchiku_ikkodate/kyoto/uji-city/61232601000,no_sns_service
「響け！ユーフォニアム」シリーズ10周年！記念 キャンペーン,https://recommend.jr-central.co.jp/oshi-tabi/eupho-10thAnniversary/,no_sns_service
デジタル マーケティング の複業人材活用について、 宇治市 でお話 ...,https://nadaka.jp/news/251001/,kept
コンテンツ,https://peak-a-boo.jp/contents/,no_address
JR東海「推し旅」×『響け！ユーフォニアム』9月1日(月)から開催 ...,https://anime-eupho.com/news/?id=623,no_sns_service
宇治 が舞台のアニメ「響け！ユーフォニアム3」との連携 企画,https://www.keihan.co.jp/corporate/info/release/assets/pdf/240308_keihan-holdings.pdf,fetch_failed
ダイレクト マーケティング,http://k2brains.com/service.html,no_address
運営 会社 について,https://shopeyes.jp/company/,no_address
会社 概要,https://www.ec-best.jp/about/,no_address
68 宇治市 怎么约小姐特殊全套上门服务〔嫩模网▷km2222 ...,https://in.linkedin.com/jobs/%E5%AE%87%E6%B2%BB%E5%B8%82%E6%80%8E%E4%B9%88%E7%BA%A6%E5%B0%8F%E5%A7%90%E7%89%B9%E6%AE%8A%E5%85%A8%E5%A5%97%E4%B8%8A%E9%97%A8%E6%9C%8D%E5%8A%A1%E3%80%94%E5%AB%A9%E6%A8%A1%E7%BD%91%E2%96%B7%EF%BD%8B%EF%BD%8D%EF%BC%92%EF%BC%92%EF%BC%92%EF%BC%92%EF%BC%8E%EF%BD%83%EF%BD%83%E5%90%8C%E5%9F%8E%E6%9C%8D%E5%8A%A1%E3%80%95%E5%AE%87%E6%B2%BB%E5%B8%82%E6%89%BE%E5%B0%8F%E5%A7%90%E5%A4%A7%E4%BF%9D%E5%81%A5%E5%85%A8%E5%A5%97%E4%B8%8A%E9%97%A8%E6%9C%8D%E5%8A%A1%E2%96%B7%E5%AE%87%E6%B2%BB%E5%B8%82%E6%80%8E%E4%B9%88%E6%89%BE%E5%B0%8F%E5%A6%B9%E5%AD%90%E7%89%B9%E6%AE%8A%E5%85%A8%E5%A5%97%E4%B8%8A%E9%97%A8%E6%9C%8D%E5%8A%A1%E2%96%B7%E8%83%BD%E7%8E%A9%E7%9A%84%E5%B0%8F%E5%B7%B7%E5%AD%90%E2%96%B7%E5%AE%87%E6%B2%BB%E5%B8%82%E6%80%8E%E4%B9%88%E7%BA%A6%E5%B0%8F%E5%A7%90%E7%89%B9%E6%AE%8A%E5%85%A8%E5%A5%97%E4%B8%8A%E9%97%A8%E6%9C%8D%E5%8A%A12uo-jobs,no_sns_service
会社 概要,https://togei-sf.co.jp/company/,kept
「 EC サイト売上拡大セミナー～ EC サイト集客・運用講座 ...,https://oick.kuas.ac.jp/news/24-12-05,no_sns_service
会社情報,https://rweb-c.com/company/,kept
サービス,https://officeomori.com/?page_id=72,no_address
REFERENCE,https://www.chuokai-kyoto.or.jp/whatsnew/20211221_R02mono_shiryou.pdf,fetch_failed
小さな事業者のWeb マーケティング ・SNS活用入門セミナー,https://www.kameokacci.or.jp/seminar_websns,no_company
第 3 章,https://www.city.nantan.kyoto.jp/www/gove/135/001/000/7686/00008539006.pdf,fetch_failed
令和7年度 指定管理者制度導入施設の管理運営実績評価 ...,https://www.city.kameoka.kyoto.jp/uploaded/attachment/43190.pdf,fetch_failed
パートナーの課題解決を。セレッソ大阪はデジタル マーケティング ...,https://pages.cerezo.jp/cerezo_c_ourhope.html,no_address
NEWS,https://zenoffice.co.jp/x2_9OjR8/iRhizPiF,no_sns_service
伊丹市公式 LINE アカウントについて,https://www.city.itami.lg.jp/SOSIKI/SOGOSEISAKU/KOHO/1601353607513.html,kept
ツヅケルマーケティング®,https://kokokara-llc.com/,no_sns_service
株式 会社 プロジェクトライン projectline Inc.,https://www.projectline.co.jp/,kept
京都書道学院 篠、東つつじ、ガレリア、大井メディアス等 亀岡 全域,https://coto.shuminavi.net/i562-5a03/school/s215-89c5-68ca,no_address
茶、味噌、 出汁の 輸出,https://www.maff.go.jp/kinki/marugoto/PDF/05jirei-fuken/4jireikyoto.pdf,fetch_failed
居宅訪問型保育,https://www.city.suita.osaka.jp/kosodate/1018230/1013946.html,kept
Conceptスゴ楽通販,https://2ndstyle.jp/product/,kept
ショッピングサイト 運営支援,http://www.crevalue.net/service/ec-consulting.html,kept
WEBコンサルティング,https://www.razoom.net/web-consultants/,kept
会社 案内,https://matsumoto-unso-recruit.com/company/,no_sns_service
来場のご案内,https://www.tfm-japan.com/osaka/visitortop/,no_address
お問い合わせ,https://owlet.kansaipado.co.jp/contact/,no_address
RI コンサルティング 株式 会社 （アールアイ コンサルティング ）,https://ri-c.co.jp/,kept
大阪・関西万博シニアeスポーツ決勝大会で準優勝！,https://www.besporter.jp/28417/event/,no_address
登録事業者の取組み＜て,https://www.pref.osaka.lg.jp/o070040/danjo/ikiiki2013/zigyousya_te.html,no_address
お知らせ,https://www.kameoka.info/blog/information/index_16.php,no_sns_service
茨木市,https://www.city.ibaraki.osaka.jp/material/files/group/42/sankousiryou.pdf,fetch_failed
美容室 SALONS 大阪 茨木 中津店,https://www.e-salon.co.jp/search/ibaraki-nakatsu/,no_sns_service
会社概要,https://www.intolead.net/aboutus/,kept
プライバシーポリシー,https://partsfeeder-automation.com/privacy/,no_sns_service
株式 会社 Rok アルファライン株式 会社,https://www.cgc-osaka.jp/_files/event/files/p.59-63.pdf,fetch_failed
小規模事業者持続化補助金の公募のお知らせ（4/30締切分）,https://www.ibaraki-cci.or.jp/wp/topics/news/20260410_17903.html,no_sns_service
- コワーキングカフェ,https://ibaraki.mirai-kitte.co.jp/startup/,kept
株式 会社 オネストの評判,https://andreform.jp/company/2243,no_sns_service
予約システム ・予約管理システムならリザエン,https://www.riza-en.jp/,no_sns_service
茨木市 で工場・倉庫の補修･改修･修繕など営繕工事,https://www.soko-life.com/pa-corporation/city/27211/,no_sns_service
株式 会社 東上(小売業),https://growth-100-oku.smrj.go.jp/companies/pdf/01990-00.pdf,fetch_failed
受注処理、 顧客管理 ソフト「マイティ通信販売」,https://www.mighty-soft.com/products/mightytsuhan/,no_sns_service
セミナーのご案内,https://www.geonic.jp/seminar/,kept
課題解決型 コンサルティング,https://manager3335.wixsite.com/good-next,no_address
"コンサルティング ,レンタルルーム,マッチング",https://fujiwara-yuuri.com/,no_sns_service
スタートアップのための Web マーケティング スタートアップのため ...,https://www.saitohills.com/data/semi20260304.pdf,fetch_failed
大阪府 茨木市 の不動産 会社 センチュリー21大和住研 スタッフ紹介,https://c21daiwa.jp/staff/,no_sns_service
中小企業に特化した Web 集客 コンサルティング,https://webtac-consul.jp/web-consul/,no_company
電気工事女性経営者が大阪府大阪市城東区で収入アップと受注拡大 ...,https://acehome-denki.com/column/detail/20260616073222/,kept
茨木市 プレミアム付商品券,https://www.aeon.jp/sc/ibaraki/event/event_e78766_as.html,no_sns_service
関西支店,https://kansai.aap.co.jp/,kept
2026/8/4発売開始〈 デジタル企画 券〉 「おさるのジョージ × 阪急 ...,https://www.hankyu.co.jp/ticket/otoku/014093.html,no_sns_service
株式 会社 リックスエージェント,https://rixagent.com/,no_address
制作実績・事例紹介,https://www.kyoshin-pk.co.jp/works/,no_sns_service
後藤造園土木2025年メーカー キャンペーン 情報,https://e-niwa.net/category/%E3%83%A1%E3%83%BC%E3%82%AB%E3%83%BC%E3%82%AD%E3%83%A3%E3%83%B3%E3%83%9A%E3%83%BC%E3%83%B3%E6%83%85%E5%A0%B1/2025%E5%B9%B4%E3%83%A1%E3%83%BC%E3%82%AB%E3%83%BC%E3%82%AD%E3%83%A3%E3%83%B3%E3%83%9A%E3%83%BC%E3%83%B3%E6%83%85%E5%A0%B1/,no_sns_service
サービス業,https://kyonaka-gozan.kyoto/task_category/industry_service/,no_address
3/8（日）明治安田J1百年構想 第5節 長崎戦『ファン ...,https://www.gamba-osaka.net/news/index/no/19800/,no_sns_service
する,http://lp2.repeat-line.jp/webinar_20230627/,no_address
高槻 クリエイティブ共創プロジェクト ミーティング,https://www.inpit.go.jp/content/100878736.pdf,fetch_failed
COMPANY,https://naturalwoman.jp/aboutus/,kept
導入 企業,https://happy-pr.co.jp/clients/,no_address
株式 会社 エディラインソリューションズ,http://edls.jp/,no_contact
令和6年度業務委託契約等の状況調査（集計結果）,https://www.city.takatsuki.osaka.jp/uploaded/attachment/57606.pdf,fetch_failed
-豊中市-【市独自】利用額の最大20％を還元 マチカネポイント決済 ...,https://citylife-new.com/newspost/33626/,kept
家庭用給湯器の LINEミニアプリ （LIFF）開発,https://www.happylifecreators.com/work/liff,no_sns_service
会社 概要、個人情報のお取り扱い,https://www.sakura-spt.com/aboutus.html,no_sns_service
会社 概要,https://www.micogic.jp/company.html,no_sns_service
パートナーの課題解決を。セレッソ大阪はデジタルマーケで顧客と ...,https://azrena.com/post/17184/,kept
2024年 7月 発行/第98号,https://www.suginokokai.com/wp/wp-content/uploads/HP_Kikanshi_Vol98.pdf,fetch_failed
伝票印刷 高槻市,https://denpyouou.com/pr/index_s_denpyouinsatu_058.html,no_sns_service
大阪府 高槻市 の歯科 コンサルティング会社,https://arc-consul.co.jp/consulting/index.html,no_sns_service
お客様の声,https://s-tus.co.jp/voice,no_address
和歌山観光 デジタル きっぷ,http://www.nankai.co.jp/traffic/digital/kwakayama_kanko.html,no_sns_service
会社 概要,https://bodaless.jp/company/,no_address
株式 会社 ジャム・アソシエーツ,https://www.mebic.com/cluster/jam-associates.html,no_address
MNC 株式 会社 エムエヌシー,https://www.mnc-ad.com/company/,kept
コンテンツマーケティング 事業,https://www.cielinc.net/comtent-div.html,no_address
COSTECH Web Division,https://web-div.costech.co.jp/,no_address
枚方 事業所（大阪）,https://www.qualica.co.jp/ja/company/establishments/hirakata.html,no_sns_service
広告／企画,https://www.kocci.or.jp/market/creatorclub/creatorclub_search/category/30233/,kept
経営相談（無料）アドバイザー（専門家）紹介,https://www.hirakata-kassei.jp/keiei/advisor/,kept
サービス,https://p-lykke.com/service/,no_sns_service
LINE連携 導入事例,https://www.broadleaf.co.jp/products/showcase/line-alignment/,no_sns_service
WEB マーケティング コンサルタント: あさらぼ,https://asalab-web.com/,no_company
「木津川市 × 京丹後市」フレンドシップ キャンペーン,https://www.kyotango.gr.jp/kizugawa/,no_sns_service
Salesforce完結型 マーケティング アプリケーション「Synergy!LEAD ...,https://www.synergy-marketing.co.jp/wp/wp-content/uploads/synergylead_catalog.pdf,fetch_failed
セキュリティセミナーのご案内 経営層/管理部/システム担当者向け,https://www.oa.obic.co.jp/Portals/0/images/flier/20260604_security_seminar_tokyo.pdf,fetch_failed
企業情報,https://kansaikikaku.ne.jp/about/,no_address
メディア掲載情報（2021年）,https://www.nec-solutioninnovators.co.jp/media/backnumber_2021.html,no_sns_service
枚方市 観光にぎわい部 商工振興課,https://www.city.hirakata.osaka.jp/cmsfiles/contents/0000012/12264/r2sangyousisakugaiyou.pdf,fetch_failed
地域トップビルダーの 集客 ノウハウセミナー5選,https://handr.libcon.co.jp/seminar/sem_0918_1496/,fetch_failed
枚方市 都市公園有料施設,https://okuno-mika.com/wp-content/uploads/2021/06/%E6%8C%87%E5%AE%9A%E7%AE%A1%E7%90%86%E8%80%85%E7%AE%A1%E7%90%86%E9%81%8B%E5%96%B6%E8%A9%95%E4%BE%A1%E8%A1%A8%EF%BC%88%E4%BB%A4%E5%92%8C%E5%85%83%E5%B9%B4%E5%BA%A6%E5%AE%9F%E7%B8%BE%EF%BC%89%E9%83%BD%E5%B8%82%E5%85%AC%E5%9C%92%E6%9C%89%E6%96%99%E6%96%BD%E8%A8%AD.pdf,fetch_failed
アルティメイト マーケティング 株式 会社,https://ultimate-marketing.co.jp/,fetch_failed
ア,https://www.waza-kirara.jp/monosearch/list/category/29601/,kept
業種,https://www.chance-fair.com/jsss,kept
大阪府 枚方市 の売上獲得 コンサルタント,https://axia-partner.com/,no_company
令和3年6月定例月議会 一般質問,https://www.t-kajiya.com/2021/06/18/%E4%BB%A4%E5%92%8C3%E5%B9%B46%E6%9C%88%E5%AE%9A%E4%BE%8B%E6%9C%88%E8%AD%B0%E4%BC%9A-%E4%B8%80%E8%88%AC%E8%B3%AA%E5%95%8F/,no_sns_service
DISCLOSURE,https://www.hirakata-shinkin.co.jp/assets/pdf/company_profile/2025_disclo.pdf,fetch_failed
Company,https://works2016.com/company-2/,no_sns_service
【英語SEO対策事例】ヤマウチ株式 会社 様,https://jumarketing.net/digital-marketing/case-study/yamauchi-corp-seo-case-study/,no_address
電車で巡る！「秋のバラ園巡り デジタル スタンプラリー」を10月24 ...,https://keihan-engei.co.jp/news/22065/,no_sns_service
～テレアポからテレマーケティングへ～ スタッフの個性を重視した ...,https://www.ilii.jp/case/no018_yashiro/,no_sns_service
株式会社アイル 会社情報,https://aladdin-office.com/company,kept
建設デザイン,https://bravodesign.co.jp/service-construction/,kept
Team8 コンサルティング,https://hteam8.work/wp/,no_sns_service
M's Grow,https://www.ooaana.or.jp/info/collect/single/?id=291,kept
第4章 推進環境の整備（令和6年度）,https://www.city.toyonaka.osaka.jp/machi/npo/hakkou/koueki_report/suishin_kankyou_R6.html,no_sns_service
2025 12月,https://www.komei.or.jp/km/toyonaka-imamura-tadashi/2025/12/,no_sns_service
会社概要,https://www.merci-life.jp/midori/midori-company/,kept
豊中市 の水漏れ修理なら水道局指定業者の近畿水道 サポート センター,https://www.suido-support.com/mizumore-toyonaka/,no_sns_service
浪速リモデリング株式 会社,https://partnershop.takara-standard.co.jp/shop/3328,no_sns_service
【製造業ほか】大阪・ 豊中市 の中小企業診断士,https://saporuto-consulting.com/,no_sns_service
大阪府 豊中 市役所,https://www.nox.co.jp/case_study/rubrik/toyonaka/,fetch_failed
住宅 会社 にとってホームページは必要不可欠！その理由と活用方法 ...,https://webru55.com/column/2025/02/18/%E4%BD%8F%E5%AE%85%E4%BC%9A%E7%A4%BE%E3%81%AB%E3%81%A8%E3%81%A3%E3%81%A6%E3%83%9B%E3%83%BC%E3%83%A0%E3%83%9A%E3%83%BC%E3%82%B8%E3%81%AF%E5%BF%85%E8%A6%81%E4%B8%8D%E5%8F%AF%E6%AC%A0%EF%BC%81%E3%81%9D/,kept
ブラザーズ株式 会社,https://br-others.jp/,kept
【ニューストピックス～1月7日】 豊中市 デジ商品券 40%還元/ほか,https://epayments.jp/archives/53928,no_address
採用情報 – 株式 会社 Ariana【Google Partner 認定広告代理店】,https://www.arianacoltd.com/recruit/,no_contact
パートナーショップ（FC 店舗 ）,https://smartdesign-tz.com/partner/,no_company
連絡先情報,https://harumeki.jp/policies/contact-information?srsltid=AfmBOoobVnErfPuFJxm16FoTcICo5iyDcF29kKRvg81I8B2F3LnoGY3q,no_sns_service
ABOUT – 大阪のECサイト・ネットショップ 制作 ・構築,https://ideac.co.jp/about/,kept
地域医療戦略 コンサルタント （行政出身者歓迎）,https://saiyo.nkgr.co.jp/career/entry/1063/,no_address
WEB マーケティング 基礎講座（全3回）,https://suitacci.or.jp/seminar/20369,kept
吹田市 内本町の多目的シェアスペース,https://www.waiwaiwaiki.com/,no_sns_service
2026年5月開業 吹田市 住宅型有料老人ホーム アスター吹田きしべ北様,https://care-st.jp/necess/case/open/163/,no_sns_service
大阪府 吹田市 が地域 支援 センターに「RESERVA」を導入しました,https://tech.controlgroup.jp/case-study-reserva-suita/,no_sns_service
【 導入 事例】電線総合商社の泉州電業株式会社が 国産MAツール ...,https://satori.marketing/information/20181114/,kept
プレスリリース,https://recore-corp.jp/news-category/%E3%83%97%E3%83%AC%E3%82%B9%E3%83%AA%E3%83%AA%E3%83%BC%E3%82%B9/,no_address
合同 会社 アグレアーブルサービス,https://agreableservice.com/,no_sns_service
大阪 吹田 のホームページ制作、SEO,https://tb-webdesign.jp/,no_company
会社概要,https://front-hill.com/?page_id=594,no_address
大阪府 吹田市,https://mtd-biz.com/case/case_list0.php,no_sns_service
Wizdom Inc.: TOPページ,https://wizdom.co.jp/,fetch_failed
AZEL INC.,https://www.azel.co.jp/,kept
AIテクノロジーとの融合で広告業界における コンテンツ ...,https://www.silveregg.co.jp/archives/news/3368,no_address
【補助金最大20万円】株式 会社デジタル クリエーションで中小企業 ...,https://madeinlocal.jp/area/hokusetsu/companies/news/003,kept
大阪市内中心部・ 吹田市 （万博記念公園等）、千葉市の展示作品発表,https://www.bunka.go.jp/koho_hodo_oshirase/hodohappyo/pdf/94096301_01.pdf,fetch_failed
株式 会社 アクセスプログレス,https://www.access-t.co.jp/pg/adp/campaign/,kept
株式 会社 千里商事,https://initial.inc/investors/V22967,no_sns_service
企業・自治体向けWEB マーケティング ・サイト制作,https://syner-conne.com/,no_address
相談 支援 事業所あゆみ,https://houdaycube.com/2025/08/29/%E7%9B%B8%E8%AB%87%E6%94%AF%E6%8F%B4%E4%BA%8B%E6%A5%AD%E6%89%80%E3%81%82%E3%82%86%E3%81%BF-2/,no_sns_service
エイド・ディーシーシーは、ダスキンの新商品「スタイルハンディ ...,https://www.stream.co.jp/news/news-21907/,kept
ガイドブック,http://www.hocci.or.jp/wp/wp-content/uploads/2025/07/202507hocci_guidebook.pdf,fetch_failed
【 CRM とは？】広告用語集,https://visipri.com/ad-dictionary/991-CRM.php?srsltid=AfmBOopIUWwFswdU9N-7OYrxFvplJAgYjc1eCKzOVo4ePeRnZTI4Gv7r,kept
マーケティングオートメーション プランナー/エンジニア,https://ats-entry.hito-link.jp/sites/transcosmos-dm-career/matter/matters/3246,no_sns_service
EC サイト制作・運用コンサルティング,https://ast-color.com/ecsite/,kept
全旅連協定商社会名簿(令和6年10月1日,https://www.zenryoren.jp/wp/wp-content/uploads/2025/01/R61001%E4%BB%A4%E5%92%8C6%E5%B9%B4%E5%BA%A6%E5%85%A8%E6%97%85%E9%80%A3%E5%8D%94%E5%AE%9A%E5%95%86%E7%A4%BE%E4%BC%9A%E5%90%8D%E7%B0%BF-1.pdf,fetch_failed
【 東大阪 多目的センター】センター長 大田智史さんインタビュー,https://www.npotoybox.jp/toybox/recruit/interview/higashiosaka_oota.html,kept
山和ワイヤリング株式 会社,https://www.techplaza.city.higashiosaka.osaka.jp/search/company/1026,no_sns_service
DIGITAL SHIFT,https://appexchange.salesforce.com/partners/servlet/servlet.FileDownload?file=00P3A00000iaPiQUAU,fetch_failed
Web 予約システム LINE連携,https://www.sanwasystem.com/option/line/,kept
AI×セキュリティ ソリューションフェア in 東大阪,https://event.ricoh.co.jp/public/seminar/view/68585,no_sns_service
会社概要,https://www.yuasa-f.com/company,no_sns_service
【 大阪 開催】 マーケティングオートメーション を活用する2020年に ...,https://smp.shanon.co.jp/public/seminar/view/2460,no_sns_service
式典アシスタント,https://www.c-union.com/recruit/midcareer/ceremony_assistant/,no_sns_service
company.pdf,https://www.tn-c.co.jp/common/pdf/company.pdf,fetch_failed
デジタルガレージグループのポケットチェンジ、デジタル電子 ...,https://www.garage.co.jp/pr/release/20260714/,no_address
株式 会社 アルヴェアーレ,https://lms.jirei.jp/alve/,no_address
【最大約12万円補助】飲食店向け リピーター 獲得 支援 ツール ...,https://cnctor.jp/%E3%83%97%E3%83%AC%E3%82%B9%E3%83%AA%E3%83%AA%E3%83%BC%E3%82%B9/2023-05-15-1/,kept
東大阪市 の成果型ホームページ・ Web 制作ならHIROCREATION,https://hirocreation.com/,no_address
東大阪 のデザイン事務所Hi BASE,https://hi-base.com/,kept
【ハトマークサイト】（株）湯浅不動産（大阪府 東大阪市 鴻池元町）,https://www.hatomarksite.com/search/zentaku/agent/00072713622,no_sns_service
https://www.tdb-publish.com/uploads/20240801_20240...,https://www.tdb-publish.com/uploads/20240801_202407_shinkijojo.xlsx,fetch_failed
中国向け越境 EC モール『京都优品（優品）跨境商城』による 海外 ...,https://www.chushin.co.jp/cms_source/files/20210330100.pdf,fetch_failed
「意外と知らない 会社 名の商標トラブル」セミナーについて,https://www.city.yao.osaka.jp/sangyou_business/sangyoushinkou_kigyoushien/1014674/1012834/1009192/1023412.html,kept
F-RevoCRM セミナー情報,https://f-revocrm.jp/information/seminar/,no_sns_service
東大阪 店定期マルシェ,https://mimarche.net/category/event/,no_sns_service
御所市 LINE 公式アカウント,https://www.city.gose.nara.jp/0000002501.html,no_company
株式 会社 ラインアート,https://lineart-sign.jp/,no_sns_service
河内長野市 LINE 公式アカウントの友だち登録と受信設定について,https://www.city.kawachinagano.lg.jp/soshiki/33/82794.html,kept
顧客満足度の向上に向けて、 CRM システムを 導入,http://www.proface.co.jp/press/2001/0716.html,no_sns_service
お知らせ,https://bloombase.co.jp/news/,no_address
集客支援,https://yaotfc.com/about/system/attract/,kept
大阪 府の広告業（広告代理店）を代表する企業,https://clip-corporation.com/column/advertising-osaka/11/,no_address
公民館,https://www.city.sakai.lg.jp/kosodate/shogai/shiryou_etc/kominkan/index.html,no_sns_service
一度きりで終わらせない！「 リピーター ・ファン化」促進パックの ...,https://www.sansokan.jp/akinai/demae1cho/detail.san?H_PACK_NO=1009,no_sns_service
R4Üc_5! éûÔáˆ(ê¹È_PDF _Ë Q.xlsm,https://jsh.go.jp/r4h/assets/pdf/05/adoption-M&A_business.pdf,fetch_failed
Boost Up — 店舗 オーナーの時間と利益を創る経営 支援システム,https://linkit2019.com/services/boost-up,kept
大阪万博の入場券販売関連サービス～PartⅠ,https://goodf.co.jp/blog/message/1875/,kept
『何かが違う住みごこち』株式 会社 Midori,https://www.lets-co.com/users/midori/,no_sns_service
販促市場byNIKKO,https://www.hansoku-ichiba.com/profile/index.html,kept
千葉県内中小企業のDX・デジタル技術導入を推進するための専門家 ...,https://chiba-digital.jp/user/info/rhxNIp4yMJTu01biXgPB5mYLOvSz7nC9kQ2eZwjGqaAoKftl3HEsURd8FD6cWV,no_contact
OUR CAPABILITY,https://www.plan-r.jp/capability/,no_address
KSK(ケイエスケイ）,https://ksk-lab.com/,no_sns_service
プライバシーポリシー,https://www.dps-company.jp/info/privacy.html,no_address
大阪市・ 八尾市,https://team-aa.com/,no_company
6ヶ月で成果を出す企業 ウェブ改善コンサルティング,https://mils.co.jp/consulting/6months_web_improvement/,no_sns_service
事業概要,https://www.koma-ke.com/company/,no_address
研文社とリコージャパンが、ミキハウス50周年記念 企画 に 「紙 ...,https://www.kenbunsya.jp/2021/09/27/20210927/,kept
MIPについて,https://www.mips.co.jp/about/,no_address
岸和田 ・泉州のホームページ制作 会社 のクライシスリレーションズ,https://sensyu.crisis-r.jp/,kept
87-labo -ハナラボ-,https://87-labo.com/,no_address
SERVICE,https://www.nexti-jp.com/service,no_sns_service
Aumoローカルプラットフォーム,https://lpf.aumo.jp/,no_sns_service
基本目標Ⅰ 創造する力と生きる力、感性豊かな子どもを育む,https://www.city.kishiwada.lg.jp/uploaded/attachment/126917.pdf,fetch_failed
ニュース マーケティング・セールスプロモーション 87,https://www.dnp.co.jp/news/?r=3%3A%E3%83%9E%E3%83%BC%E3%82%B1%E3%83%86%E3%82%A3%E3%83%B3%E3%82%B0%E3%83%BB%E3%82%BB%E3%83%BC%E3%83%AB%E3%82%B9%E3%83%97%E3%83%AD%E3%83%A2%E3%83%BC%E3%82%B7%E3%83%A7%E3%83%B3<c=20<p=13<o=0&p=87&c=10&o=0,no_sns_service
デジタル水産業戦略拠点事業計画書（大阪・泉州広域水産業再生 ...,https://www.jfa.maff.go.jp/j/kikaku/digital_suisangyo/attach/pdf/index-31.pdf,fetch_failed
アウモ、大阪府 岸和田市 および 岸和田市 観光振興協会と地域活性を ...,https://hd.gree.net/jp/ja/news/press/2024/0724-01.html,no_sns_service
株式 会社 フジテレコムズ,https://www.marketing-week.jp/spring/ja-jp/search/2026/directory/directory-details.%E6%A0%AA%E5%BC%8F%E4%BC%9A%E7%A4%BE%20%E3%83%95%E3%82%B8%E3%83%86%E3%83%AC%E3%82%B3%E3%83%A0%E3%82%BA.org-75de7215-4f86-4a7f-b12e-4b19bc97141a.html,no_address
実践的な生成AIの活用術,https://www.kishiwada-cci.or.jp/wp-content/uploads/2025/04/2025.06.27.1630.pdf,fetch_failed
ウェブコンサルティング サービス,http://portal-dev.info/consulting/index.html,kept
会社 案内,https://www.vectorview.net/company.html,kept
地域金融グループによる 「交通空白」への取組み,https://www.senshuikeda-hd.co.jp/areasupport/images/trafficblank20250319.pdf,fetch_failed
大阪デスティネーション キャンペーン アフター キャンペーン 来てな ...,https://www.nishitetsutravel.jp/osaka-kyototour/osaka_afterdc,no_sns_service
会社 案内,https://www.nissin-gr.co.jp/company/,no_sns_service
竹林整備から「資源循環」の新たなフェーズへアストラゼネカ ...,https://www.astrazeneca.com/content/az-jp/news/press-releases1/2026/202605191.html,no_sns_service
ネイルサロン経営 支援 プロジェクト,http://www.karasu-no.jp/yoshiko/salon/index.html,no_sns_service
【オファマス】パネル設置開始まであと1日！参加企業・自治体の ...,https://idolmaster-official.jp/news/01_18045,no_sns_service
大阪府堺市・ 和泉市 でサイト構築・SNS運用・物販販売事業の ...,https://rioscity.com/,no_company
産業ロボット・機械制御,https://www.sunbit.co.jp/robotics-integration/,kept
12（月・祝）グランフロント  阪 北館B2階 ナレッジキャピタル ...,https://club.tv-osaka.co.jp/article/event/4781/,no_sns_service
所 信 表 明 並 び に 令和7年度市政運営方針,https://www.city.osaka-izumi.lg.jp/material/files/group/9/syosinhyoumeinarabiniR7_siseiuneihoushin.pdf,fetch_failed
2025 February,https://www.izumicci.jp/wp/wp-content/uploads/2025/02/kaiho-358-250201-01.pdf,fetch_failed
令和7年度 経営体支援専門家登録承認者リスト,https://www.shizuoka-nk.or.jp/wp/wp-content/uploads/2026/03/senmonkameibo_080323.pdf,fetch_failed
スマートフォン 集客 コンサルティング,https://www.office-hamamoto.com/sumaho/,fetch_failed
初めてのインターネット販売サポートパック 専門家 ： 多田 優之,https://yamashiro.bsc.kyoto-fsci.or.jp/consul-tada.html,kept
会社 概要,https://www.maguchi.co.jp/_file/maguchi_group-profile.pdf,fetch_failed
大阪府 和泉市 の就労継続 支援 B型施設 tetote,https://tetote-sannkyo.com/,no_sns_service
赤井俊介,https://www.osaka-shindanshi.org/member/n424084/,no_company
会社 案内,https://assettech.co.jp/company/,no_sns_service
ガレージ友マイム どんなお車でも、まごころ込めてメンテナンス,https://www.youmime2022.com/addpage3.php,no_sns_service
株式 会社 ハルドワール,https://hardwaru.co.jp/,kept
最先端が、オモシロい。デジタル・コミュニケーションを ...,https://adelec-inc.com/recruit/intern,no_sns_service
中小企業診断士・Webマーケター 日野悠介,https://hino-ki-marketing.com/profile/,no_company
甲南大学,https://shinken-ad.co.jp/service/solutions/konan.html,no_sns_service
美容室VASTY,https://caesar-stg.com/caesar/cases/detail.html?id=c002,no_sns_service
よくあるご質問,https://www.komorebiibukino.jp/faq,no_sns_service
西宮 商工会議所報,https://n-cci.or.jp/wp-content/uploads/2021/12/202111report.pdf,fetch_failed
お客様事例(実績),https://www.serverlink.co.jp/case/index03.html,kept
社会貢献,https://www.assist-nishinomiya.com/public?page=contribution,no_sns_service
日比谷花壇と武庫川女子大学が共同企画。 生花販売ポップアップ ...,https://hibiya.co.jp/news/post240802/,no_address
【 西宮市 】古家高額買取事例をご紹介 高い金額での不動産売却を ...,https://bestplan1.com/introducing-high-priced-condominium-expensive-purchase.html,no_sns_service
ブレインコミュニケーションズ株式 会社,https://anarogusp.com/,no_address
西宮市 業務プロセス 分析 に基づく業務効率化取組方策について,https://www.nishi.or.jp/shisei/gyoseikeiei/gyoseikeieisuishin/c_01122021041609.html,kept
事務所概要,https://takemoto-zeirishi.tkcnf.com/office,no_sns_service
会社 紹介,https://kobayashi-estate.com/about_us/,no_sns_service
運営 会社,https://res-star.com/corp,no_sns_service
尼崎 のフイットネスとITの 会社 が 運営 する福祉事業所,https://care-peace.com/,no_sns_service
兵庫県 西宮市,https://www.mast-ltd.com/,kept
SERVICE,https://www.mst-inc.jp/service/,kept
会社 案内,https://www.shinwaclimb.jp/company/,kept
マーケティング支援 ツールの 導入 で、社内の営業力強化を実現,https://www.kansai.meti.go.jp/3-2sashitsu/service/seisansei_jirei/airground.pdf,fetch_failed
兵庫県 尼崎市 （株）ジェイアール西日本デイリーサービスネット 駅 ...,https://www.mgco.jp/magazine/backnum/2021/10/interview/,no_sns_service
不二電気工事の強み,https://fews.co.jp/strength/,no_sns_service
創業塾,https://www.amacci.or.jp/pdf/150129.pdf,fetch_failed
尼崎市 の店舗内装工事・店舗改装工事 T&M商店建築研究所,https://www.tm-syoutenkenchiku.jp/,no_sns_service
尼崎市 不動産売却ナビ,https://www.amagasaki-baikyakunavi.com/,no_sns_service
理念策定浸透コンサルティング・チームビルディング,https://brize-inc.com/,kept
ギックスとJR西日本、JR神戸線 西宮市 内3駅発着する方を対象に ...,https://www.gixo.jp/news-press/19707/,no_address
【結果公表】 尼崎市 墓園管理 システム 導入、 賃貸借及び運用保守 ...,https://www.city.amagasaki.hyogo.jp/sangyo/zigyousya/co_bosyu/1043490.html,kept
阪神南リーディングテクノロジー実用化 支援 事業,https://lt.ampi.or.jp/,no_address
【9/11】思いが伝わる広告の作り方,https://www.amagasaki-trepied.com/2026/07/%E3%80%909-11%E3%80%91%E6%80%9D%E3%81%84%E3%81%8C%E4%BC%9D%E3%82%8F%E3%82%8B%E5%BA%83%E5%91%8A%E3%81%AE%E4%BD%9C%E3%82%8A%E6%96%B9/,no_sns_service
ウェブ広告マネージャー講座 powered by WACA,https://wad.waca.or.jp/,kept
兵庫県 尼崎市 でAIオンデマンド交通 “尼崎mobi”をサービス開始 ...,https://www.willer.co.jp/news/%E6%9C%AA%E5%88%86%E9%A1%9E/2025/1030_6587,no_sns_service
会社 概要,https://togl.co.jp/company/,kept
Solution,https://www.kobe-itp.com/solution,kept
阪神バス×『劇場版 忍たま乱太郎 ドクタケ忍者隊最強の軍師 ...,https://www.hanshin-bus.co.jp/files/whatsnew/nintama1210cp.pdf,fetch_failed
コンサルタント を探す,https://www.leapath.jp/search-consultant/,no_address
日本,https://www.trust-system.company/profile,kept
株式 会社 Gotoschool様,https://8-order.co.jp/case-study_gotoschool/,kept
総括,http://www.akashi135.jp/wp-content/uploads/2019/01/b391b163a50d5d6947cfabb2b05ecc8e.pdf,fetch_failed
WEB マーケティング セミナー,https://www.aipf.or.jp/wp/wp-content/uploads/2026/03/webmarketing2026_4_6.pdf,fetch_failed
ボートレース近畿4場（三国・びわこ・住之江・ 尼崎 ） 初のe ...,https://www.sankei-digital.co.jp/topic-12643/,kept
日本初！日本気象協会の天気予報と連携した デジタル スタンプ ...,https://www.jwa.or.jp/news/2022/06/16807/,no_sns_service
令和8年4月 意見の要旨と回答,https://www.city.akashi.lg.jp/seisaku/soudan_shitsu/ikenntokaitou/r804.html,kept
会社 情報,https://on-sight.biz/company,no_address
「株式 会社 研文社 尼崎 工場見学会」レポート,https://www.motoya.co.jp/event/business_meeting/kenbunsha_kengakukai202403/report.html,no_address
神戸市：記者発表2025年10月,https://www.city.kobe.lg.jp/a57337/shise/press/press_____202510.html,no_sns_service
S23_16_kansai,https://s23.jizokukahojokin.info/doc/saitaku16/s23_16_kansai.pdf,fetch_failed
会社 沿革,https://www.capsor.com/about/history.html,kept
兵庫県 明石市 のホームページ屋さん: HOME,https://lancedesigns.com/,no_address
自治体向けSMS送信サービス「空電プッシュ for LGWAN」、高 ...,https://www.nttcoms.com/news/2019052101/,kept
平成 28 年度事業報告 （平成 28 年4月1日～平成 29 年3月 31 日）,https://www.yokoso-akashi.jp/sites/default/files/images/pde/H28_zigyou2.pdf,fetch_failed
兵庫県 明石市 トイレ交換工事00001,https://smile25support.com/works/%E5%85%B5%E5%BA%AB%E7%9C%8C%E6%98%8E%E7%9F%B3%E5%B8%82%E3%83%88%E3%82%A4%E3%83%AC%E4%BA%A4%E6%8F%9B%E5%B7%A5%E4%BA%8B00001/,no_sns_service
SRA株式 会社,https://clients.itszai.jp/4d7a5931/job/29?ref=true,no_sns_service
令和7年度 物品及び役務入札参加資格者名簿,https://www.town.harima.lg.jp/somu/business/nyusatsu/documents/r7buppinnmeibo1.pdf,fetch_failed
有限 会社 神戸コンベンションライン,https://kobe-convention.jp/ja/our-service/suppliers-and-service-providers/convention-line/,fetch_failed
ひょうご産業SDGs推進宣言事業・認証事業,https://web.hyogo-iic.ne.jp/sdgs/s-gyou/page/27,no_sns_service
中小企業 IT・法務 支援 業務,https://www.umada-office.com/tob/corporate-it/,no_company
テナント,https://livingdesignco.com/feature/%E3%83%86%E3%83%8A%E3%83%B3%E3%83%88/,no_sns_service
サービス,https://media-jockey.co.jp/service/,no_sns_service
事務所概要,https://hijioka-consul.jp/profile/,no_company
半沢ビジネス コンサルティング,https://hanzawa-biz.com/,no_company
会社 概要,https://m-iworks.com/company/,no_address
広報コンサルティング consulting,https://www.powerfulcom.net/consulting.html,no_address
中小企業診断士サーチ.com,https://smeca-search.com/smeca-search/page/4/,kept
都道府県 企画 名 開催日 開催場所 主催 協賛 実施内容,https://www.mhlw.go.jp/content/11120000/001558571.pdf,fetch_failed
ビジネスコンセプト,https://marketingdept-llc.com/concept/,kept
[6ページ目] イベントアーカイブ,https://akashi-hiroba.jp/past.html/page/6?ymd=1776556800,no_sns_service
阪神・ 明石市 内1dayチケット,https://www.sanyo-railway.co.jp/railway/untin/ticket04.html,no_sns_service
制作実績,http://www.cwsu.net/result/,kept
チームIT神戸 会員企業1/2,https://www.it-kobe.org/pdf/itkobe_memberlist.pdf,fetch_failed
株式 会社 LOVELE,https://www.consulting-lovele.com/,kept
【新商品発売】兵庫県 明石市 の魅力的な産品を集め ...,https://www.kobe-np.co.jp/info/prtimes/202508/c58260_r386.shtml,no_sns_service
トリドールHD代表 粟田氏・日産自動車 大谷氏 登壇決定,https://communeinc.com/ja/news/2026feb04,no_sns_service
もちはだ工場に息づく誠実なものづくり〜ワシオ株式 会社 工場見学,https://www.hone.jp/honelog/washio-mochihada,no_address
オークラ輸送機株式会社様: 導入 事例,https://jpn.nec.com/soft/salesforce/case/okurayusoki/index.html,no_sns_service
PFI・PPPスマートシティ研究会,https://www.pfikyokai.or.jp/outline/ol-dep/singularity/index.html,no_sns_service
加古川市 スマートシティ構想,https://www.city.kakogawa.lg.jp/material/files/group/10/r2-2-sumasikyougikaikousouann2.pdf,fetch_failed
神戸の複合スペースが API 連携で各サービスのシナジーを強化,https://www.claris.com/ja/blog/2022/storage,kept
株式 会社 エイブル 明石 店の店舗詳細情報,https://woman.chintai/tenpo/000000811/,no_sns_service
第40期定時株主総会招集ご通知,https://www.kobebussan.co.jp/upload/ir/shareholders/40/40_3.pdf,fetch_failed
会社概要,https://t-coffee.net/%E4%BC%9A%E7%A4%BE%E6%A6%82%E8%A6%81/,no_address
「加速する自治体DX～全国各地の先進事例を徹底深掘り～」 -,https://sankei.smktg.jp/public/seminar/view/2146,no_sns_service
双葉産業 ぢどり亭 東 加古川 店,https://x-kakeru.com/case-study/case11/,no_sns_service
Forest plusについて,https://forestplus-built.com/about/,no_sns_service
兵庫県 加古川市 のオープンデータによる事業者 支援 にkintoneを活用 ...,https://topics.cybozu.co.jp/news/2020/04/21-8792.html,no_sns_service
[導入事例] 株式 会社加古川 製作所様,https://www.techs-s.com/case/show/127,no_sns_service
運営 会社,https://myclover.me/company/,no_sns_service
市内観光ガイドボランティア団体紹介,https://kako-navi.jp/volunteer.html,no_sns_service
利用規約,https://www.cpu-kakogawa.co.jp/rule/,no_sns_service
みのり電水の 会社 案内,https://biro.shop/minori/about/,no_sns_service
【 加古川 】 加古川 浜手の播州松巡りとグルメを楽しむ1日散歩 ...,https://www.himeji-mitai.com/travel/kakogawa/383433.html,no_sns_service
キリン堂 加古川 神吉店 の近くのお店,https://tokubai.co.jp/%E3%82%AD%E3%83%AA%E3%83%B3%E5%A0%82/15771/near_shops,no_sns_service
宝塚 ・西宮・神戸でホームページ・ネットショップ・チラシ制作,https://webcamper.jp/about/,no_address
ߠ۟ࣃይٱ౗Ᲊɻʾʙɿ֓ˬ៩ᄥṂκฑ၈ṃ,https://www.library.takarazuka.hyogo.jp/lib/files/koujyoukeikaku201602.pdf,fetch_failed
【 宝塚市,https://base-takarazuka.com/%E8%A3%9C%E5%8A%A9%E9%87%91%E6%B4%BB%E7%94%A8/takarazukashi-hojokin/,kept
事業内容,https://ksi-web.com/business/,no_sns_service
会員企業,https://kakogawa-cci.or.jp/member,kept
事 業 計 画 書,https://www.takara-univ.ac.jp/about/finance/pdf/R5_jigyokeikaku.pdf,fetch_failed
工場における都市ガスボイラーの導入,https://japancredit.go.jp/data/pdf/kikumasamune_c.pdf,fetch_failed
宝塚市 との取り組みについて,https://8984.jp/akiya-support/collabo/,no_sns_service
スタッフ紹介 会社 案内,https://www.sakasegawa.co.jp/company/staff.html,no_sns_service
自然と デジタル アートが融合する壮大な 「川イルミ」！ 地域最大級 ...,https://www.pr-today.net/category/a00442/27341/,no_address
≪終了しました≫平屋見学会開催,https://www.sekisuiheim.co.jp/event/event-32387/,no_sns_service
参加者名簿,https://4shou-kouryu-itami.com/list2026/,no_sns_service
コンサルティング,https://www.senkakudo.com/consulting/,no_address
Webコンサルタント,https://c-foxs.com/service/web-consulting/,no_company
事業紹介,https://sozo-std.com/service,kept
株式 会社 インタラクティブ,https://interactive-d.com/company/,no_address
プレスリリース,https://k-kmg.jp/media/index2.php,no_sns_service
ジェネヴィス パートナーズ 株式 会社 （9150001019982）の企業情報 ...,https://db.grip.website/detail/9150001019982,kept
※募集終了【小学生限定公募】 宝塚市 文化財団 宝塚写真協会  小学生 ...,https://kobonabi.com/photograph-archive/takarazuka-shogakuseiwakuwakukandoshashinten-2026/,no_sns_service
サービス,https://webjobs.co.jp/services/,no_address
【奈良県 橿原市 】だんご庄 本店様に看板を作成・納品させて ...,https://domolabo.com/blogs/%E7%9C%8B%E6%9D%BF%E5%88%B6%E4%BD%9C%E4%BA%8B%E4%BE%8B/%E5%A5%88%E8%89%AF%E7%9C%8C%E6%A9%BF%E5%8E%9F%E5%B8%82-%E3%81%A0%E3%82%93%E3%81%94%E5%BA%84-%E6%9C%AC%E5%BA%97%E6%A7%98%E3%81%AB%E7%9C%8B%E6%9D%BF%E3%82%92%E4%BD%9C%E6%88%90-%E7%B4%8D%E5%93%81%E3%81%95%E3%81%9B%E3%81%A6%E3%81%84%E3%81%9F%E3%81%A0%E3%81%8D%E3%81%BE%E3%81%97%E3%81%9F?srsltid=AfmBOorkjjDOKVZXjboq7aRs7e4rV6bniPBuOyklpdQ6HTgOUV0ctud1,no_sns_service
イベント,https://bosatsucurry.com/blogs/%E3%82%A4%E3%83%99%E3%83%B3%E3%83%88?srsltid=AfmBOopHLQMUiy8G3lT1s_UVy17DI05RW2j44S88pRNlFZE8Me2eYQk5,no_sns_service
イオンモール 橿原 店（奈良県）,https://www.gears-jam.com/blogs/shop-access/%E3%82%B8%E3%83%A3%E3%83%A0%E3%83%8F%E3%82%A6%E3%82%B9%E6%A9%BF%E5%8E%9F%E5%BA%97,no_sns_service
河合酒造 出世男とは「奈良県 橿原市 今井町にて約280年続く老舗蔵 ...,https://www.syusseotoko.jp/pages/syusseotoko-about?srsltid=AfmBOoqqUQGBBgD-vFMTrJU2IMUBA_XFFB9mdbe1xNv1geAKHpd2XGbX,no_sns_service
宝塚市 制70周年記念事業,https://www.city.takarazuka.hyogo.jp/1060687/1060727/1061642/1051620/1055906.html,no_sns_service
売上拡大,https://www.forval-asuka.co.jp/sales/,kept
募集中,https://www.takarazuka-cci.or.jp/archives/category/wanted,no_company
その他専門,https://kashihara-cci.or.jp/expert/cat/expert-17/,kept
市公式 LINE （ライン）について,https://www.city.kyotanabe.lg.jp/0000016030.html,kept
四條畷市公式 LINE （ライン）,https://www.city.shijonawate.lg.jp/page/3-3167.html,no_sns_service
顧客データを利用して売上を実際につくる5つのステップ,https://kite.zohobackstage.com/,no_sns_service
香芝市 LINE 公式アカウント,https://www.city.kashiba.lg.jp/soshiki/2/5962.html,no_sns_service
柏原市公式 LINE アカウント,https://www.city.kashiwara.lg.jp/docs/2014101600043/,no_company
羽曳野市 LINE 公式アカウント,https://www.city.habikino.lg.jp/soshiki/shichou/hisho/about/11166.html,kept
事業所案内,https://www.bestline-c.com/jigyousho.html,no_sns_service
株式 会社 松田リフォーム,https://matsuda-reform.co.jp/,no_sns_service
天理市・山添村・川西町・三宅町・田原本町,https://www.city.tenri.nara.jp/material/files/group/47/2508214.pdf,fetch_failed
事 業 報 告 書,https://nvb.nara-kankou.or.jp/upload/730ac7528b1bee7f5c9fc171a24bb6505f26d9f9.pdf,fetch_failed
企業情報：会社概要,https://logical.co.jp/company/cont02,no_sns_service
第2クール,https://www3.jeed.go.jp/nara/poly/biz/hl52qs000000nw5w-att/or3a63000000hryt.pdf,fetch_failed
コンサルティング,https://nara-dewa.com/service/consulting/,kept
事業内容,https://kanaya-g.co.jp/about/,no_sns_service
橿原 市役所 様,https://www.kintoneapp.com/case/city-kashihara-nara,no_sns_service
令和 6 年度 第 1 回 橿原市 地域公共交通会議 議事録,https://www.city.kashihara.nara.jp/material/files/group/17/R6_1_giji.pdf,fetch_failed
東洋精密工業株式 会社 採用特設サイト,https://www.aily-lab.co.jp/works/toyo_recruit/,no_address
お知らせ,https://www.super-sunplaza.com/news/,no_sns_service
奈良県でPBX・ナースコール・オフィスWi-Fiの設置ならKOS ...,https://kosnetwork.co.jp/nara-jirei/,no_sns_service
ふるさと納税制度を活用したガバメントクラウドファンディング®で,https://www.city.ikoma.lg.jp/cmsfiles/contents/0000039/39554/20251120_02_.pdf,fetch_failed
オンラインショップ（ECサイト） 制作,https://bluefog-solution.com/onlineshop/,no_address
Offbeat EC コンサル/SNS マーケティング支援 」と連携開始,http://news.jorudan.co.jp/docs/news/detail.cgi?newsid=PT000191A000008279,no_address
合同会社つなげる,https://tunageru.co.jp/,kept
私たちについて,https://ludius.co.jp/about/,no_address
知ってる人は,https://ikomacci.jp/about/img/d037be5707f4131e96dc09f2ece2c500e858c1d6.pdf,fetch_failed
導入事例・ 支援 実績,https://verus-rich.com/cases.html,no_sns_service
売買契約書,https://www.cloudsign.jp/case/sc-6/,no_sns_service
運営 会社,https://surge.onl/company/,kept
【自治体通信主催オンラインカンファレンス2026】 現場から始める ...,https://go.jt-tsushin.jp/jt_webinar_202603-01?utm_source=202601&utm_medium=banner&utm_content=LP,no_sns_service
布団クリーニングを利用した奈良県 生駒市 のお客様の声,http://www.futonmaruarai.com/customer/todoufuken/nara/city_ikoma01.htm,no_sns_service
お問い合わせ,https://www.miyakeyasuo.com/contact.html,kept
庭風について,https://www.niwakaze.co.jp/about/,no_sns_service
生駒 ・大和郡山・大和高田のWEB マーケティング の専門家 ...,https://mbp-japan.com/nara/search/area:29:29002/genre:8:8015/,no_address
《新 店舗 》研修をご紹介します!!「革研究所奈良 生駒 店」,https://2-stage-kawaken.jp/blog/2579/,no_sns_service
7月17日(木)に 宝塚 大劇場 花組貸切公演を実施,https://www.belluna.co.jp/news/newsrelease/2025/20250401.html,fetch_failed
田中 友尋,https://jp.linkedin.com/in/tomohikotanaka,fetch_failed
奈良県 生駒市 で防犯カメラを取付・設置するならセキュリティ ...,https://securityforyou.co.jp/column/ikoma-city/,no_sns_service
奈良の税理士 井上勇夫税理士事務所（ 生駒市 ）,https://www.inoue13tax.com/,no_sns_service
KECゼミナール 生駒 駅前教室,https://school.benesse-bestudio.com/bbs/spot/detail?code=AF293002,no_sns_service
DKFORUM,https://soatassoc.org/dkforum2022,no_sns_service
国内債券,https://www.kouritu.or.jp/content/files/about/disclosure/shisanunyo/30meigara_kounen.xlsx,fetch_failed
制作物,https://www.niplanning.jp/results_cat/product/,kept
利用規約,https://monomentam.com/pages/terms?srsltid=AfmBOorMEclxRrinPPEGfwbNvZb5_nRu-jRGWUpWW1sFQvOt8UOTDR1C,kept
会員プロフィール,https://www.nara-shindanshi.jp/memberprofile/,no_company
EC 販路開拓・拡大のための事業説明会＆EC 基礎講座を開催します！,http://wave.pref.wakayama.lg.jp/news/file/38502_0.pdf,fetch_failed
専門家登録票,https://yarukiouendan.or.jp/cms/wp_wipf/wp-content/uploads/%EF%BC%88%EF%BE%80%EF%BE%86%E3%80%80%EF%BE%96%EF%BD%BC%EF%BE%83%EF%BE%99%EF%BC%89%E8%B0%B7%E3%80%80%E7%BE%8E%E8%BC%9D.pdf,fetch_failed
システム開発,https://www.itownjapan.co.jp/integration.html,kept
過去の事例研究実施事業,https://www.masse.or.jp/masseosaka/kennkyujigyo/jirekennkyu/1278642251570.html,no_address
【募集終了】令和8年度農林水産業デジタル マーケティング 総合 支援 ...,https://www.pref.wakayama.lg.jp/prefg/071700/d00222395.html,no_address
チェックアウトでの受取ロケーションの表示について,https://community.shopify.com/t/topic/134248,no_sns_service
会社 概要,https://www.it-hojyo.com/about-us/,kept
田辺 三菱製薬様の医薬品 マーケティング /営業 支援 システムを構築/納入,https://www.infocom.co.jp/ja/news/news-6285693227298839661.html,no_address
導入 事例,https://www.se.com/jp/ja/download/document/CR_tanabe/,fetch_failed
event,https://ritti.pref.wakayama.jp/ict/office/event/,no_address
株式会社SORAMICHI事業紹介,https://cdn-prd.venturetv.jp/uploads/venture/253/2023082900533864ecc302b4334.pdf,fetch_failed
部会 1,http://www.wakayama-npo.jp/warouda/03-1.pdf,fetch_failed
【5/6 生駒 山ダービー FC大阪戦】「QuizKnock×Jリーグ クイズ ...,https://naraclub.jp/archives/68578,no_address
和歌山県 田辺市 令和7年3月,https://www.city.tanabe.lg.jp/material/files/group/2/tanabeshitiikikokyokotsukeikaku_honpen.pdf,fetch_failed
ミッション・ビジョン・バリュー（MVV）,https://www.clarenet-wakayama.com/page-51/,kept
プロジェクトストーリー,https://www.k-js.co.jp/recruit/special/project.html,no_address
課外活動の手引き,https://student-support.doshisha.ac.jp/s-support/attach/page/STUDENT_SUPPORT-PAGE-JA-29/178674/file/1tebiki2023.pdf,fetch_failed
2026.6「 生駒市 西松ヶ丘(オーナーチェンジ)中古戸建」 土地面積 ...,https://www.fudosan-nichireku.com/sale_result/page_1633.html,no_sns_service
持続可能な二地域居住モデル「つながる,https://press.jal.co.jp/ja/release/202507/008898.html,fetch_failed
赤芽球性プロトポルフィリン症およびX 連鎖性プロトポルフィリン症 ...,https://www.tanabe-pharma.com/ja/news/rel_260115.html,no_address
仙台空港の運営が民間に移り、活発な動きで成果が実る！,https://economy.clair.or.jp/casestudy/inbound/2169/,kept
就労継続 支援 A型事業所におけるスコア表,https://www.npokatatsumuri.info/wp-content/uploads/2025/04/2025.4%E3%80%80A%E5%9E%8B%E3%82%B9%E3%82%B3%E3%82%A2%E5%A0%B1%E5%91%8A%E6%9B%B8.pdf,fetch_failed
shikumi 予約 サイト,https://reserva.be/03100802/about,no_company
"Mirai Noen, 田辺市 , 日本",https://www.booking.com/hotel/jp/mirai-nouen.ja.html,no_sns_service
We are Business Doctors,https://www.tanabeconsulting-group.com/assets/pdf/about/202304_tanabe_corporate_profile.pdf,fetch_failed
ビジネス( 田辺市 ),https://wakayama.bizloop.jp/c00000001/AREA203013/?preid=30&cid=00000001&areaid=AREA203013&page_id=0,no_address
Webコンサルティング,https://www.e-nam.com/service/webconsulting/,no_address
DESIGN BOX 03 poster,https://www.plus-designing.jp/pd_mook/pd_box/box03.html,no_sns_service
熊野古道 紀伊路③（切目駅～紀伊 田辺 駅）,https://yamap.com/maps/5784,fetch_failed
令和3年度 事業報告書,https://tottori-iyashitabi.com/f/profile/11983/11985.pdf,fetch_failed
Webコンサルティング,https://tifana-com-9c25faa8ab7063d99d5a7f01def5.webflow.io/service/strategy/consulting,kept
「駅メモ！アワメモ！で行こう！和歌山・白浜 キャンペーン 」概要,https://www.mobilefactory.jp/newsrelease/2020/20201119/,no_sns_service
推し活=まち活! 田辺 のアイドルと一緒に、衰退する商店街や人材不足 ...,https://www.project-index.jp/intern/30715,kept
業種検索,https://www.konomise.com/cgi/ss.cgi?siteid=main&catid=610&jb=s_cat,no_address
COMPANY,https://icnct.co.jp/company/,kept
終了しました！初歩から始めるショッピングサイト運営,https://school.dhw.co.jp/school/s-osaka/event/20230916.html,kept
PARTNER SHOP,https://7mesh.jp/pages/partner-shop-%E5%8F%96%E6%89%B1%E5%BA%97,no_sns_service
事 務 連 絡 令和6年 11 月 15 日 各 都道府県介護保険担当課（室 ...,https://www.roken.or.jp/wp/wp-content/uploads/2024/11/001332531.pdf,fetch_failed
強みの「 コンサルティング 」を web マーケティングで強化,https://www.root-sea.co.jp/blog/achieve/kke/,kept
プライバシーポリシー,https://craft-store.jp/policies/privacy-policy?srsltid=AfmBOooNV_7PP3v5RgEQtUWvuHxgHBzw0WM4lMZVVFkENMSGVVAhwCGL,no_address
鳥取県の市外局番取得ならIP電話アプリ,https://msk1111.com/area/tottori/,no_sns_service
株式 会社 グリニッチ 会社 概要,https://greeniche.jp/pages/company?srsltid=AfmBOoqUUZ8x4Ml1m1dWxIkNJAEBOO0u-G52uY8GLM3BAZN7tIDqsdS_,no_sns_service
お気軽にご相談ください,https://www.yorozu-shimane.go.jp/files/original/2025052615241969768dc6f91.pdf,fetch_failed
全国のAINOHOT取扱店,https://ainohot.co.jp/pages/shoppage?srsltid=AfmBOoq0aYnbEj8ueVcIdTe1aAvgI1eQ0mXzdYIqdmqnModIyEQM7Jgc,no_sns_service
中小企業・小規模事業者・創業予定者のための無料相談所,https://yorozu-tottori.go.jp/wp-content/uploads/2025/09/2277bfc67340ba817c170ff39037fb2a.pdf,fetch_failed
よなごバル2021 参加店マニュアル,https://www.yonago.net/wp-content/uploads/2021/05/1fcafc4bda4a77eab7af5ada09bc7817.pdf,fetch_failed
イベント 集客,https://vpoint.cccbiz.jp/tag/%E3%82%A4%E3%83%99%E3%83%B3%E3%83%88%E9%9B%86%E5%AE%A2/,fetch_failed
―アート建工― 1年で集客4倍を可能にした上流からの全体 ...,https://sumus-inc.co.jp/projects/%E2%80%95%E3%82%A2%E3%83%BC%E3%83%88%E5%BB%BA%E5%B7%A5%E2%80%95-1%E5%B9%B4%E3%81%A7%E9%9B%86%E5%AE%A24%E5%80%8D%E3%82%92%E5%8F%AF%E8%83%BD%E3%81%AB%E3%81%97%E3%81%9F%E4%B8%8A%E6%B5%81%E3%81%8B,kept
JCAS社を包括的に 支援 ～,https://www.airtrip.co.jp/news/14314/,fetch_failed
鳥取県環境立県推進課課長補佐足立浩司 平成25年12月20日,https://www.cev-pc.or.jp/event/event_pdf/aomori05.pdf,fetch_failed
事業計画書 (pdf:2730KB),https://www.pref.tottori.lg.jp/secure/88135/R5yonagoc.pdf,fetch_failed
－1－,https://www.city.yonago.lg.jp/secure/47627/R05.7%20.18soumuseisaku.pdf,fetch_failed
お知らせ・イベント > 2021-08,https://kotoura.tori-skr.jp/info/2021-08,no_sns_service
「週1副社長」プロジェクト,https://shokosoken.or.jp/shokokinyuu/2025/01/202501_5.pdf,fetch_failed
会社 案内 米子市 カーロード山陰,https://www.carroadsanin.com/company.html,no_sns_service
サロン再起のブランディング！アプローチを見直した事業戦略,https://yorozu.smrj.go.jp/support/tottori_epona/,no_company
グループ沿革,https://nln.co.jp/our-history/,kept
米子市 の便利屋お助けマスター！鳥取県のお困りを何でも解決,https://tottori.otasuke-master.com/yonago.html,no_sns_service
株式 会社 ルネックス,https://www.elder.jeed.go.jp/case/RE2_10_H1270001005144_0.html,no_sns_service
会社 概要,https://yonago-seibi.com/about/,no_sns_service
攻城団公式アカウント,https://corporate.kojodan.jp/service/official-account,no_address
何 処 ま で も 、 つ づ く 未 来 へ 。,https://fc-group.llc/pamphlet.pdf,fetch_failed
専門家派遣事業「結」,https://www.shimane-cgc.or.jp/management/specialist/220,no_company
田辺市 の店舗でお客様を快適に迎えるための業務 ...,https://ag-setsubi.com/ac_construction2/lp6/1a4efa6d-2ed9-40aa-a6b1-ac607ccc4d61,fetch_failed
【エッグ】地域金融・百貨店・IT・印刷の山陰4社が連携 「JU 米子 髙 ...,https://scalagrp.jp/news/2026/7-egg01/,kept
セールスプロモーション,https://kashimura-printing.co.jp/sales/%E3%82%BB%E3%83%BC%E3%83%AB%E3%82%B9%E3%83%97%E3%83%AD%E3%83%A2%E3%83%BC%E3%82%B7%E3%83%A7%E3%83%B3/,kept
地域金融・百貨店・IT・印刷の山陰4社が連携「JU 米子 髙島屋 ...,https://www.egg.co.jp/news/news_20260717.html?20260717,kept
WEB マーケティング提案,https://jn-web.jp/service-title-2/,no_company
スーパードラッグひまわり河崎店,https://store.welcia.co.jp/welcia/spot/detail?code=2634D,no_sns_service
よなご共創型交通プロジェクト 米子市 米子市 を中心とした鳥取県 ...,https://kotsu-kuhaku.jp/adopter_6/all-list/report/tyugoku08.pdf,fetch_failed
新規建物設計,https://www.aoi-a.jp/design/,no_sns_service
