company_name,url,address,phone,maps_url,service_evidence,pages_checked,affinity_grade,affinity_score,local_hits,competitor_hits
経営基盤支援センター株式会社,https://shiencenter.jp,〒006-0012 北海道札幌市手稲区富岡2,0120-67-2238,,SNS運用,https://shiencenter.jp/ | https://shiencenter.jp/services/ | https://shiencenter.jp/about/ | https://shiencenter.jp/contact/,A,18,4,0
株式会社MIRAIZU【仙台の広告代理店】SEO・ホームページ制作会社,https://www.miraizu-inc.jp,〒060-0004 北海道札幌市中央区北4,050-5897-0413,,SNS platform + operation service,https://www.miraizu-inc.jp/news/8341/ | https://www.miraizu-inc.jp/contact/ | https://www.miraizu-inc.jp/company/ | https://www.miraizu-inc.jp/contact,A,18,42,4
株式会社シェアスタック,https://www.surestack.net,〒107-0062 東京都港区南青山2,011-522-9739,,SNS運用代行 / SNS運用,https://www.surestack.net/post/20260420 | https://www.surestack.net/corporate-branding | https://www.surestack.net/company | https://www.surestack.net/about-us,A,18,35,6
株式会社さとゆめ,https://satoyume.com,〒102-0074 東京都千代田区九段南3,,,SNS platform + operation service,https://satoyume.com/project/?cat=consulting-business-07 | https://satoyume.com/about/ | https://satoyume.com/services/ | https://satoyume.com/company/,A,18,17,0
株式会社トモデザイン,https://tomodesign.co.jp,〒812-0011 福岡県福岡市博多区 博多駅前二丁目,,,SNS platform + operation service,https://tomodesign.co.jp/project/ | https://tomodesign.co.jp/company/ | https://tomodesign.co.jp/inquiry/,A,18,145,0
Ritz-Computer Inc.,https://ritz-web.net,〒041-0811 北海道函館市富岡町3,0138-83-8222,,Instagram運用代行,https://ritz-web.net/works/ | https://ritz-web.net/about/ | https://ritz-web.net/ | https://ritz-web.net/about/,A,18,10,0
有限会社オリエントコーティング,https://www.orientcoating.jp,〒984-0002 宮城県仙台市若林区卸町東2,022-788-2960,,SNS運用支援,https://www.orientcoating.jp/support/ | https://www.orientcoating.jp/company/ | https://www.orientcoating.jp/service/ | https://www.orientcoating.jp/contact/,A,18,20,0
株式会社EYLホールディングス,https://eyl-holdings.co.jp,〒041-0853 北海道函館市中道1,,,SNS運用,https://eyl-holdings.co.jp/professional/ | https://eyl-holdings.co.jp/professionals-dx/ | https://eyl-holdings.co.jp/retail-services-dx/ | https://eyl-holdings.co.jp/company-profile/,A,18,136,0
株式会社Daysコンサルティング,https://days-consulting.com,〒980-0014 宮城県仙台市青葉区本町一丁目,080-4184-8952,,SNS platform + operation service,https://days-consulting.com/topics/%E3%80%90%E6%94%AF%E6%8F%B4%E4%BA%8B%E4%BE%8B%E2%91%A2%E3%80%91%E7%B5%8C%E5%96%B6%E8%80%85%E4%BA%A4%E4%BB%A3%E3%81%AE%E7%AF%80%E7%9B%AE%E3%81%ABcoo%E4%BB%A3%E8%A1%8C%E3%82%B5%E3%83%BC%E3%83%93/ | https://days-consulting.com/about/ | https://days-consulting.com/contact/ | https://days-consulting.com/topics/%E3%80%90%E6%94%AF%E6%8F%B4%E4%BA%8B%E4%BE%8B%E2%91%A2%E3%80%91%E7%B5%8C%E5%96%B6%E8%80%85%E4%BA%A4%E4%BB%A3%E3%81%AE%E7%AF%80%E7%9B%AE%E3%81%ABcoo%E4%BB%A3%E8%A1%8C%E3%82%B5%E3%83%BC%E3%83%93/,A,18,19,0
株式会社キャディッシュ,https://www.489ban.net,〒506-0045 岐阜県高山市赤保木町1,0120-489-468,,SNS platform + operation service,https://www.489ban.net/news/postid_847/ | https://www.489ban.net/services/ | https://www.489ban.net/services/489ban/ | https://www.489ban.net/services/web/,A,18,332,0
合同会社Trash-B,https://www.trash-b.tech,〒989-3123 宮城県仙台市青葉区錦ケ丘6,022-200-2774,,SNS運用 / SNS運用代行,https://www.trash-b.tech/sitemap-page/ | https://www.trash-b.tech/service/ | https://www.trash-b.tech/company/ | https://www.trash-b.tech/contact/,A,18,33,0
株式会社ASK,https://www.m-biz.biz,〒986-0782 宮城県本吉郡南三陸町入谷字桜沢4,070-9281-0950,,SNS運用支援 / SNSマーケティング,https://www.m-biz.biz/weblog/about/13/ | https://www.m-biz.biz/company/ | https://www.m-biz.biz/service/ | https://www.m-biz.biz/service/marketing/,A,18,14,0
ロカリオは、ソウルドアウト株式会社のグループ企業です。,https://localio.co.jp,〒112-0004 東京都文京区後楽1,,,SNS platform + operation service,https://localio.co.jp/company/ | https://localio.co.jp/contact/ | https://localio.co.jp/service/listing/,A,18,9,0
株式会社オリエンタル・エージェンシー,https://www.39pack.com,〒960-8102 福島県福島市北町3,024-523-3361,,SNS platform + operation service,https://www.39pack.com/works | https://www.39pack.com/contact,A,18,6,0
株式会社ドリームゲート,https://dreamgate-inc.com,〒990-0831 山形県山形市西田2,023-645-1515,,SNS運用,https://dreamgate-inc.com/corporate/ | https://dreamgate-inc.com/business/ | https://dreamgate-inc.com/corporate/ | https://dreamgate-inc.com/contactus/,A,18,17,0
オーパスプラン有限会社,https://opus-plan.net,〒020-8507 岩手県盛岡市清水町１,,,SNS運用代行,https://opus-plan.net/area/iwate/ | https://opus-plan.net/aboutus/ | https://opus-plan.net/services/,A,18,6,7
Fancrew Inc.,https://biz.fancrew.jp,〒101-0032 東京都千代田区岩本町1,,,SNS platform + operation service,https://biz.fancrew.jp/seminar20240305 | https://biz.fancrew.jp/service/customer-review | https://biz.fancrew.jp/service/mystery-shoppers-review | https://biz.fancrew.jp/service/employee-satisfaction,A,18,121,0
株式会社ネットシスジャパン,https://netsysjapan.co.jp,〒103-0002 東京都中央区日本橋馬喰町1,03-5645-5544,,SNS platform + operation service,https://netsysjapan.co.jp/company/ | https://netsysjapan.co.jp/solution_coreexpress/ | https://netsysjapan.co.jp/contact/ | https://netsysjapan.co.jp/company/,A,18,113,0
アイティ経営コンサルタント株式会社,https://www.it-keiei.info,〒930-0095 富山県富山市舟橋南町1,076-432-1050,,SNS platform + operation service,https://www.it-keiei.info/company/history/ | https://www.it-keiei.info/contact/ | https://www.it-keiei.info/company/ | https://www.it-keiei.info/company/message/,A,18,6,0
株式会社cantik,https://cantik.co.jp,〒252-0314 神奈川県相模原市南区南台5,080-7084-3102,,SNS運用 / SNSマーケティング,https://cantik.co.jp/shigyo/ | https://cantik.co.jp/about/ | https://cantik.co.jp/contact/ | https://cantik.co.jp/contact/?service=web,A,18,113,18
屋号または法人名 株式会社SAKU,https://sindanishikawa.com,〒920-0862 石川県金沢市,076-267-6030,,SNS platform + operation service,https://sindanishikawa.com/member/419707/ | https://sindanishikawa.com/contact/ | https://sindanishikawa.com/about/,A,18,6,0
有限会社イー・オフィス,https://e-office.gr.jp,〒390-0811 長野県松本市中央1,0263-32-2222,,SNS platform + operation service,https://e-office.gr.jp/medical/ | https://e-office.gr.jp/medical/price | https://e-office.gr.jp/medical/company | https://e-office.gr.jp/medical/contact,A,18,39,0
s © UNIIDEO inc. all rights reserved.,https://uniideo.com,〒153-0042 東京都目黒区青葉台1,03-6712-7958,,Instagram運用,https://uniideo.com/fiveuniideo/ | https://uniideo.com/about/message/ | https://uniideo.com/about/team/ | https://uniideo.com/about/member/,A,18,81,0
株式会社INFLU,https://influhp.com,〒550-0013 大阪府大阪市西区新町１,06-7222-2971,,SNS platform + operation service,https://influhp.com/company-profile | https://influhp.com/business-content | https://influhp.com/company-achievements/page/1,A,18,12,0
​株式会社グリーンホワイト,https://www.greenw.co.jp,〒305-0031 茨城県つくば市吾妻二丁目,,,SNS platform + operation service,https://www.greenw.co.jp/ | https://www.greenw.co.jp/services | https://www.greenw.co.jp/about-us | https://www.greenw.co.jp/contact,A,18,5,0
株式会社ディーアイシー,https://www.d-ic.com,〒321-0158 栃木県宇都宮市西川田本町2,0276-60-5440,,SNS platform + operation service,https://www.d-ic.com/news/4780 | https://www.d-ic.com/company | https://www.d-ic.com/service | https://www.d-ic.com/service/home-page,A,18,17,0
リンコムアソシエーツ有限会社,https://www.lincom.co.jp,〒150-0041 東京都渋谷区神南1,03-6820-4978,,SNS platform + operation service,https://www.lincom.co.jp/works/creative/branding/daiyukai/ | https://www.lincom.co.jp/service/ | https://www.lincom.co.jp/service/web/ | https://www.lincom.co.jp/company/,A,18,6,0
合同会社経営採用戦略室,https://tokyo-legaloffice.com,〒103-0003 東京都中央区日本橋横山町7,070-8398-4144,,SNS platform + operation service,https://tokyo-legaloffice.com/funding/ibaraki/tsukuba/ | https://tokyo-legaloffice.com/contact/funding/ | https://tokyo-legaloffice.com/funding/ | https://tokyo-legaloffice.com/funding/shinjigyo-monodukuri/,A,18,272,1
Curiver Inc.,https://curiver.com,〒329-1305 栃木県さくら市狭間田1,,,SNS運用 / SNS運用代行,https://curiver.com/company/client/ | https://curiver.com/service/seo/ | https://curiver.com/service/sns/ | https://curiver.com/service/web-marketing/,A,18,10,0
株式会社アール・ピー・アイ,https://rpi.co.jp,〒101-0051 東京都千代田区神田神保町2,,,SNS platform + operation service,https://rpi.co.jp/429/%E4%BD%90%E8%97%A4-%E3%82%86%E3%81%8D/ | https://rpi.co.jp/about/ | https://rpi.co.jp/business/ | https://rpi.co.jp/contact/,A,18,5,0
Cyber Zero株式会社（サイバーゼロ株式会社）,https://cyberzero.jp,〒104-0061 東京都中央区銀座1,027-289-5778,,TikTok運用 / SNS運用,https://cyberzero.jp/why.php | https://cyberzero.jp/service.php | https://cyberzero.jp/company.php | https://cyberzero.jp/inquiry.php,A,18,56,16
合同会社ConnectDesign,https://connect-design.biz,〒370-0314 群馬県太田市新田市野井町5,050-1808-5617,,SNS運用代行,https://connect-design.biz/%E6%A0%AA%E5%BC%8F%E4%BC%9A%E7%A4%BE%E3%83%93%E3%82%BA%E3%82%A8%E3%83%83%E3%82%B0%EF%BC%88%E5%9F%BC%E7%8E%89%E7%9C%8C%E3%81%95%E3%81%84%E3%81%9F%E3%81%BE%E5%B8%82%EF%BC%89%E6%96%B0%E8%A6%8F%E3%83%9B/ | https://connect-design.biz/service/ | https://connect-design.biz/service/ | https://connect-design.biz/service/,A,18,18,2
NBSホテルマネジメント株式会社,https://www.nbsm.jp,〒530-0004 大阪府大阪市北区堂島浜1,06-6676-8191,,SNS platform + operation service,https://www.nbsm.jp/contact.php | https://www.nbsm.jp/service.php | https://www.nbsm.jp/company.php,A,18,99,0
株式会社アップラボ (サイト名：サムライラボ) コーポレートサイトはこちら 法人番号：2180001144842,https://www.samurai-lab.jp,〒460-0012 愛知県名古屋市中区千代田1,050-5526-2500,,SNS platform + operation service,https://www.samurai-lab.jp/cv_saitamanagaselaw/ | https://www.samurai-lab.jp/hpseisaku/ | https://www.samurai-lab.jp/dokuritsu/ | https://www.samurai-lab.jp/profile/,A,18,137,0
株式会社サニーサイドライフ,https://sunnysidelife.jp,〒150-0001 東京都渋谷区神宮前3,043-308-8444,,SNS platform + operation service,https://sunnysidelife.jp/dentalstartup/ | https://sunnysidelife.jp/company/ | https://sunnysidelife.jp/service/ | https://sunnysidelife.jp/contact/,A,18,98,0
"ワンバース株式会社（英名：One Birth, Inc.）",https://one-birth.co.jp,〒150-0002 東京都渋谷区渋谷3,,,SNS platform + operation service,https://one-birth.co.jp/profile/ | https://one-birth.co.jp/profile/ | https://one-birth.co.jp/company/ | https://one-birth.co.jp/contact/,A,18,4,0
テルウェル東日本株式会社,https://www.telwel-east.co.jp,〒135-0033 東京都江東区深川2,,,SNS platform + operation service,https://www.telwel-east.co.jp/products/property/assets/ | https://www.telwel-east.co.jp/products/ | https://www.telwel-east.co.jp/products/bpo/support/,A,18,135,0
Yis(ワイズ)株式会社,https://yis-web.com,〒231-0062 神奈川県横浜市中区桜木町1,,,SNS platform + operation service,https://yis-web.com/about/ | https://yis-web.com/about/?PageSpeed=noscript | https://yis-web.com/service/ | https://yis-web.com/contact/,A,18,47,0
株式会社シーエムエー,https://www.akindo2000.net,〒430-7715 静岡県浜松市中央区板屋町1,053-459-1510,,SNS platform + operation service,https://www.akindo2000.net/info/page/7/ | https://www.akindo2000.net/internetad/partner-support.php | https://www.akindo2000.net/company/ | https://www.akindo2000.net/company/about.php,A,18,9,0
株式会社KOP,https://noren-world.com,〒144-0043 東京都大田区羽田1,,,SNS platform + operation service,https://noren-world.com/works/ | https://noren-world.com/ | https://noren-world.com/works/industry/building-service/ | https://noren-world.com/service/,A,18,48,0
株式会社宿泊DXサポート,https://www.hotels-dx.jp,〒060-0042 北海道札幌市中央区大通西9,050-7112-0053,,SNS platform + operation service,https://www.hotels-dx.jp/service/ | https://www.hotels-dx.jp/contact/ | https://www.hotels-dx.jp/company/,A,16,43,0
株式会社メディプラン,https://hhd-mp.com,〒101-0044 東京都千代田区鍛冶町1,011-200-7555,,SNS platform + operation service,https://hhd-mp.com/service/doctor/consulting/ | https://hhd-mp.com/company/ | https://hhd-mp.com/company/about/ | https://hhd-mp.com/company/history/,A,16,82,0
【運営会社】 株式会社Bizin,https://niigata-misetsuku.com,〒955-0852 新潟県三条市南四日町4,,,SNS platform + operation service,https://niigata-misetsuku.com/,A,16,84,0
クオリアグローバルマネジメント株式会社,https://fms-qgm.com,〒507-0805 岐阜県多治見市新富町1,0572-21-0112,,SNS platform + operation service,https://fms-qgm.com/blog/?p=337 | https://fms-qgm.com/company/,A,16,116,0
TRANBI Inc. All Rights Reserved.,https://www.tranbi.com,〒920-0961 石川県 金沢市香林坊 1,050-1807-1989,,SNS platform + operation service,https://www.tranbi.com/buy/list/prefecture/22/ | https://www.tranbi.com/expert/detail/?id=463 | https://www.tranbi.com/lab/movie/?id=74 | https://www.tranbi.com/buy/list/division_category/11/,A,16,46,0
feelbee Inc.,https://feelbee.jp,〒231-0002 神奈川県横浜市中区海岸通4,045-211-4877,,SNS platform + operation service,https://feelbee.jp/works/6380 | https://feelbee.jp/about | https://feelbee.jp/services | https://feelbee.jp/services/branding,A,16,11,0
株式会社アイ・エス・プライム,https://is-prime.co.jp,〒376-0031 群馬県桐生市本町３,0277-46-7608,,SNS platform + operation service,https://is-prime.co.jp/area/kiryu/ | https://is-prime.co.jp/service/ | https://is-prime.co.jp/consulting-services/ | https://is-prime.co.jp/products/web-analytics/,A,16,3,0
株式会社エクスウィルパートナーズ,https://exwill.jp,〒160-0023 東京都新宿区西新宿7,,,SNS platform + operation service,https://exwill.jp/partner/kouninkaikeisi_zeirisi/taminatodaisuke | https://exwill.jp/ceoprofile | https://exwill.jp/company | https://exwill.jp/access,A,16,21,0
株式会社クラウドワークス,https://techdirect.jp,〒106-0041 東京都港区麻布台一丁目,,,SNS運用代行,https://techdirect.jp/jobs/56406 | https://crowdworks.co.jp/company/ | https://techdirect.jp/inquiry,A,16,7,0
株式会社博士.com,https://www.j-s-p.com,〒180-0002 東京都武蔵野市吉祥寺東町１,0120-965-805,,SNS platform + operation service,https://www.j-s-p.com/video_site/page_934.html | https://www.j-s-p.com/analysis_tool/ | https://www.j-s-p.com/contact_form/,A,16,398,0
株式会社中小企業営業支援,https://ssfsme.com,〒111-0056 東京都台東区小島2,03-3844-3854,,SNS platform + operation service,https://ssfsme.com/work | https://ssfsme.com/company | https://ssfsme.com/contact | https://ssfsme.com/contact,A,16,12,0
株式会社WonderGraffiti,https://corporate.wondergraffiti.com,〒330-0854 埼玉県さいたま市大宮区桜木町1,048-700-4813,,SNS platform + operation service,https://corporate.wondergraffiti.com/news/ | https://corporate.wondergraffiti.com/ | https://corporate.wondergraffiti.com/aboutus/ | https://corporate.wondergraffiti.com/company/,A,16,8,0
SAPIONEXT Inc. All Rights Reserved.,https://sapionext.co.jp,〒251-0028 神奈川県藤沢市鵠沼石上1,0466-61-3939,,SNSマーケティング / instagram運用 / SNS運用,https://sapionext.co.jp/about | https://sapionext.co.jp/service | https://sapionext.co.jp/contact | https://sapionext.co.jp/contact,A,16,6,4
株式会社エフディークリエイト,https://fdcreate.jp,〒031-0841 青森県八戸市鮫町忍町3,,,SNS platform + operation service,https://fdcreate.jp/category/blog/ | https://fdcreate.jp/service/ | https://fdcreate.jp/aboutus/ | https://fdcreate.jp/contact/,A,15,4,2
株式会社Helixia（ヒリクシア）,https://helixia.co.jp,〒060-0061 北海道札幌市中央区南1,070-3142-5522,,SNS運用,https://helixia.co.jp/works/725 | https://helixia.co.jp/service | https://helixia.co.jp/company | https://helixia.co.jp/contact,A,14,7,0
株式会社コネクター・ジャパン,https://cnctor.jp,〒105-0004 東京都港区新橋5,,,SNS運用,https://cnctor.jp/service/hotel-service-list/ | https://cnctor.jp/service/ | https://cnctor.jp/service/linesolution-service-list/ | https://cnctor.jp/service/development-list/,A,14,61,1
株式会社スリーウェルマネジメント,https://www.threewell.co,〒104-0061 東京都中央区銀座１,03-4567-6094,,SNSマーケティング,https://www.threewell.co/business | https://www.threewell.co/company | https://www.threewell.co/contact,A,14,260,0
著作権は株式会社 ビューティラボに帰属します。,https://www.beauty-labo.jp,〒102-0083 東京都千代田区麹町２,03-4405-6165,,SNS platform + operation service,https://www.beauty-labo.jp/category/1227475.html | https://www.beauty-labo.jp/category/1174432.html | https://www.beauty-labo.jp/category/1174440.html | https://www.beauty-labo.jp/category/1826870.html,A,14,33,0
株式会社ドットコム・マーケティング,https://www.com-m.com,〒950-0916 新潟県新潟市中央区米山4,025-250-7240,,SNS platform + operation service,https://www.com-m.com/members/s-tamaki/ | https://www.com-m.com/about/ | https://www.com-m.com/contact/ | https://www.com-m.com/about/,A,14,7,0
"M-HAND,Inc.",https://mh-sp.com,〒141-0022 東京都品川区東五反田1,0120-868-102,,SNS platform + operation service,https://mh-sp.com/blog/ | https://mh-sp.com/contact/ | https://mh-sp.com/company/ | https://mh-sp.com/service/,A,14,61,0
株式会社ヘッドスプリング,https://head-spring.co.jp,〒160-0007 東京都新宿区荒木町2,03-6709-8183,,SNS platform + operation service,https://head-spring.co.jp/company | https://head-spring.co.jp/about | https://head-spring.co.jp/contact-form | https://head-spring.co.jp/,A,14,67,0
株式会社日広 ALL RIGHTS REERVED,https://www.nicco-kk.co.jp,〒386-0002 長野県上田市住吉6,0268-24-1211,,SNS広告運用,https://www.nicco-kk.co.jp/pickup/%E3%83%A9%E3%82%A4%E3%83%96%E9%85%8D%E4%BF%A1%E3%82%B5%E3%83%BC%E3%83%93%E3%82%B9/ | https://www.nicco-kk.co.jp/company | https://www.nicco-kk.co.jp/service | https://www.nicco-kk.co.jp/contact,A,14,5,0
株式会社トビラ,http://tobira.sun.bindcloud.jp,〒380-0038 長野県長野市東和田8,026-405-8172,,SNS platform + operation service,http://tobira.sun.bindcloud.jp/tobia/philosophy.html | http://tobira.sun.bindcloud.jp/tobia/service/index.html | http://tobira.sun.bindcloud.jp/tobia/contact.html,A,14,11,1
eternal story株式会社,https://eternal-story.com,〒381-0038 長野県長野市東和田8,026-217-8121,,SNS platform + operation service,https://eternal-story.com/about/ | https://eternal-story.com/project/%E3%82%B3%E3%83%88%E3%83%AA%E3%81%AE%E6%B9%AF/ | https://eternal-story.com/about/ | https://eternal-story.com/contact/,A,14,15,0
合同会社COLOR,https://www.nt-color.jp,〒231-0062 神奈川県横浜市中区桜木町 2,045-550-5891,,SNSマーケティング,https://www.nt-color.jp/service/ | https://www.nt-color.jp/company-pr/ | https://www.nt-color.jp/contact/,A,14,7,0
"KAEDE STYLE, Inc. All rights reserved.",https://www.kaede-style.co.jp,〒180-0004 東京都武蔵野市吉祥寺本町2,0120-04-7400,,SNS platform + operation service,https://www.kaede-style.co.jp/contact/tob/ | https://www.kaede-style.co.jp/contact/inquiry/ | https://www.kaede-style.co.jp/corporate/ | https://www.kaede-style.co.jp/corporate/message/,A,14,18,0
株式会社ホワイトカンパニー,https://white-co.jp,〒001-0045 北海道札幌市北区麻生町1,011-563-9955,,SNS platform + operation service,https://white-co.jp/company/ | https://white-co.jp/business/ | https://white-co.jp/inquiry/,A,12,14,0
株式会社アイティラーニング,https://it-learning.co.jp,〒007-0838 北海道札幌市東区 北3,011-311-2772,,SNS platform + operation service,https://it-learning.co.jp/webven/ | https://it-learning.co.jp/company/,A,12,4,0
"RUTSUBO, Inc.",https://rutsubo.co.jp,〒111-0053 東京都台東区浅草橋３,03-6822-6948,,SNS運用,https://rutsubo.co.jp/ | https://rutsubo.co.jp/about/ | https://rutsubo.co.jp/contact/ | https://rutsubo.co.jp/service-consulting/,A,12,48,0
2023 AIR WATER HOKKAIDO INC. All Rights Reserved.,https://airwater-souen.jp,〒060-0008 北海道札幌市中央区北8,,,SNS platform + operation service,https://airwater-souen.jp/innovation/member/2f/cedars-communications.html | https://airwater-souen.jp/access/ | https://airwater-souen.jp/contact/ | https://airwater-souen.jp/contact-coworking/,A,12,14,0
株式会社フューチャーリンク,https://www.futurelink.biz,〒064-0822 北海道札幌市中央区北2,0120-654-313,,SNSマーケティング,https://www.futurelink.biz/about | https://www.futurelink.biz/ | https://www.futurelink.biz/contact | https://www.futurelink.biz/contact?type=%E8%B3%87%E6%96%99%E8%AB%8B%E6%B1%82,A,12,34,0
(c) runrig Inc. All rights reserved.,https://runrig.jp,〒103-0023 東京都新宿区西新宿3,03-5832-6150,,SNS platform + operation service,https://runrig.jp/podcast/about/ | https://runrig.jp/podcast/about/ | https://runrig.jp/service/,A,12,35,0
株式会社北海道住宅通信社,https://www.juu-tsuu.jp,〒003-0023 北海道札幌市白石区南郷通6,011-211-8064,,SNS platform + operation service,https://www.juu-tsuu.jp/seminar/20250307.html | https://www.juu-tsuu.jp/company/ | https://www.juu-tsuu.jp/contact/,A,12,87,0
LIFE QUARTET.Inc,https://lifequartet.jp,〒514-0004 三重県津市栄町三丁目,059-253-8826,,SNS platform + operation service,https://lifequartet.jp/seminar/2421/ | https://lifequartet.jp/company/ | https://lifequartet.jp/contact/ | https://lifequartet.jp/company2212/,A,12,70,0
"LAGRANGE POINT, Inc. All Rights Reserved.",https://lagrange-point.jp,〒105-0013 東京都港区浜松町2,,,SNS platform + operation service,https://lagrange-point.jp/recommender | https://lagrange-point.jp/service | https://lagrange-point.jp/company2018 | https://lagrange-point.jp/contact,A,12,15,0
株式会社フォーセンス,https://www.4sense.co.jp,〒330-0854 埼玉県さいたま市大宮区桜木町1,048-741-9125,,SNS platform + operation service,https://www.4sense.co.jp/square/ | https://www.4sense.co.jp/about/ | https://www.4sense.co.jp/system/ | https://www.4sense.co.jp/service/,A,12,61,0
シーダースコミュニケーションズ株式会社,https://www.ccc.ne.jp,〒060-0042 北海道札幌市中央区大通西1,011-688-8921,,SNS platform + operation service,https://www.ccc.ne.jp/company/ | https://www.ccc.ne.jp/contact/ | https://www.ccc.ne.jp/company/ | https://www.ccc.ne.jp/contact/,A,12,6,0
キッチンテクノ株式会社 KITCHEN TECHNO CORPORATION,https://www.kitchen-t.co.jp,〒162-0052 東京都新宿区戸山3,03-5285-3301,,SNS platform + operation service,https://www.kitchen-t.co.jp/company/ | https://www.kitchen-t.co.jp/business/ | https://www.kitchen-t.co.jp/company/sdgs/ | https://www.kitchen-t.co.jp/contact/,A,12,63,0
株式会社パソナ農援隊,https://chiikishigen-renkei.jp,〒107-0062 東京都港区南青山三丁目,,,SNS platform + operation service,https://chiikishigen-renkei.jp/planner/171 | https://chiikishigen-renkei.jp/about | https://chiikishigen-renkei.jp/contact,A,12,13,0
株式会社ケーズ,https://zero-shikakaigyo.com,〒102-0075 東京都千代田区三番,03-6388-0612,,SNS platform + operation service,https://zero-shikakaigyo.com/,A,12,98,0
株式会社プライスレス,http://presidentfile.com,〒154-0024 東京都世田谷区三軒茶屋1,03-6825-2830,,SNS platform + operation service,http://presidentfile.com/izutarofurue/ | http://presidentfile.com/industry/professional/ | http://presidentfile.com/industry/service/ | http://presidentfile.com/company/,A,12,95,0
集客支援・WEBコンサル・IT教育・の有限会社インターネット企画,http://i-kikaku.co.jp,〒992-0472 山形県南陽市宮内３,0238-59-5200,,SNS platform + operation service,http://i-kikaku.co.jp/gallery/ | http://i-kikaku.co.jp/contact/ | http://i-kikaku.co.jp/company/ | http://i-kikaku.co.jp/contact/,A,12,14,0
屋号または法人名 株式会社ヘアーピース,https://www.yrmc.jp,〒230-0015 神奈川県横浜市鶴見区 寺谷2,03-6848-0490,,SNS運用,https://www.yrmc.jp/%E5%B0%82%E9%96%80%E5%AE%B6%E7%B4%B9%E4%BB%8B-%E9%BB%92%E6%9C%A8%E5%A4%AA%E9%99%BD/ | https://www.yrmc.jp/consulting/ | https://www.yrmc.jp/service-2/ | https://www.yrmc.jp/service-2/hojo/,A,12,36,1
nattoku住宅株式会社,https://arc-style.co.jp,〒416-0952 静岡県富士市青葉町5,0545-62-7119,,SNS platform + operation service,https://arc-style.co.jp/partner/ | https://arc-style.co.jp/partner/access/ | https://arc-style.co.jp/partner/about/message.html | https://arc-style.co.jp/partner/about/history.html,A,12,85,0
株式会社昭文社,https://sp-mapple.jp,〒102-8238 東京都千代田区麹町3,,,SNS platform + operation service,https://sp-mapple.jp/post-9784398136398/ | https://sp-mapple.jp/solution-service/ | https://sp-mapple.jp/solution-service/advertisement/ | https://sp-mapple.jp/solution-service/giveaway/,A,12,7,0
運営事務局：株式会社スリーツリークリエイト内,https://fukushima-kurashi.com,〒521-7119 福島県ふくしまぐらし推進課 メールでのお問い合わせはこちら → 詳しくはこちら 福島県企画調整部ふくしまぐらし推進課,024-521-7119,,SNS platform + operation service,https://fukushima-kurashi.com/ | https://fukushima-kurashi.com/3136 | https://fukushima-kurashi.com/3244 | https://fukushima-kurashi.com/2056,A,12,6,0
株式会社ワイアードブレインズ,https://keyframes.jp,〒963-8833 福島県郡山市香久池1,024-954-7990,,SNS platform + operation service,https://keyframes.jp/works/ | https://keyframes.jp/about/ | https://keyframes.jp/contact/ | https://keyframes.jp/production/,A,12,8,0
アタ株式会社,https://atha-inc.co.jp,〒456-0006 愛知県名古屋市熱田区沢下町5,052-778-3878,,SNS platform + operation service,https://atha-inc.co.jp/consultation/ | https://atha-inc.co.jp/aboutus/ | https://atha-inc.co.jp/contact/,A,12,47,0
株式会社ライズウィル,https://rise-will.com,〒930-0866 富山県富山市高田5,076-471-5458,,SNS運用,https://rise-will.com/company/about/ | https://rise-will.com/service/ | https://rise-will.com/company/ | https://rise-will.com/contact/,A,12,22,0
ミツイコーポレーション株式会社,https://www.mitsui-corp.co.jp,〒420-0803 静岡県静岡市葵区千代田6,054-261-3185,,SNS platform + operation service,https://www.mitsui-corp.co.jp/support/design/,A,12,37,0
株式会社 家元,https://kanazawaiemoto.jp,〒920-0061 石川県金沢市問屋町1,076-238-0201,,SNS platform + operation service,https://kanazawaiemoto.jp/about/ | https://kanazawaiemoto.jp/contact-inquiry/ | https://kanazawaiemoto.jp/about/ | https://kanazawaiemoto.jp/contact-request/,A,12,55,0
株式会社TONOSAMA,https://fukui-sdgs.jp,〒918-8004 福井県福井市西木田2,0776-20-0759,,SNS platform + operation service,https://fukui-sdgs.jp/about/ | https://fukui-sdgs.jp/company/ | https://fukui-sdgs.jp/contact/,A,12,20,0
株式会社 古川ちいきの総合研究所,https://chiikino.jp,〒532-0011 大阪府大阪市淀川区西中島4,06-6829-7276,,SNS platform + operation service,https://chiikino.jp/consulting/category/tool/ | https://chiikino.jp/contact/#form | https://chiikino.jp/contact/#form | https://chiikino.jp/contact/,A,12,9,0
TAD株式会社 福井の店舗・住宅設計施工,https://tad-inc.jimdoweb.com,〒910-0067 福井県福井市新田塚1,0776-60-1144,,SNS platform + operation service,https://tad-inc.jimdoweb.com/ | https://tad-inc.jimdoweb.com/company/ | https://tad-inc.jimdoweb.com/about/,A,12,66,0
株式会社信州未来づくりカンパニー,https://shinshu.miraidukuri.jp,〒390-1501 長野県松本市安曇大野田1,0263-94-2323,,SNS platform + operation service,https://shinshu.miraidukuri.jp/company/ | https://shinshu.miraidukuri.jp/vision/,A,12,22,0
株式会社アゲート,https://agate.work,〒310-0015 茨城県水戸市宮町1,029-350-2932,,SNS platform + operation service,https://agate.work/company/ | https://agate.work/contact/ | https://agate.work/company/,A,12,21,0
株式会社歯科サポート,https://shikasapo.net,〒276-0031 千葉県八千代市八千代台北６,03-6823-2358,,SNS platform + operation service,https://shikasapo.net/ | https://shikasapo.net/about | https://shikasapo.net/service-price | https://shikasapo.net/company,A,12,314,0
ナックハウスパートナー株式会社,https://www.acehome.co.jp,〒160-0022 東京都新宿区新宿1,03-5944-0830,,SNS platform + operation service,https://www.acehome.co.jp/afc/gtcbq100000007og | https://www.acehome.co.jp/company | https://www.acehome.co.jp/company/privacy | https://www.acehome.co.jp/contact,A,12,65,0
有限会社ヘッドルームは、茨城県つくば市にある、SEO（検索エンジンに最適化）やユーザビリティを考慮したデザインで、,https://www.headroom.jp,〒305-0032 茨城県つくば市竹園1,029-851-7230,,SNS運用 / SNS運用支援 / SNSマーケティング,https://www.headroom.jp/works/k-daishou.php | https://www.headroom.jp/service/ | https://www.headroom.jp/company/ | https://www.headroom.jp/contact/,A,12,8,0
サントリーマーケティング＆コマース株式会社,https://www.inshokuten-youhin.jp,〒104-6231 東京都中央区晴海1,0120-599-310,,SNS platform + operation service,https://www.inshokuten-youhin.jp/html/company.html?srsltid=AfmBOorxtYBzdESL0v9U1Y-6lFapXmsjYNdYgKVTsG0I1mvFJqKUnsSZ | https://www.inshokuten-youhin.jp/html/page27.html,A,12,28,0
（商号） 株式会社健富（KENTO Co.Ltd.）,https://www.kento-co-ltd.com,〒104-0061 東京都中央区銀座8,03-6555-5471,,SNS platform + operation service,https://www.kento-co-ltd.com/company | https://www.kento-co-ltd.com/contact | https://www.kento-co-ltd.com/service | https://www.kento-co-ltd.com/contact,A,12,21,0
株式会社ワークスゼロ,https://dental-designlab.jp,〒399-0014 長野県松本市平田東1,0263-88-2460,,SNS platform + operation service,https://dental-designlab.jp/about/promise/ | https://dental-designlab.jp/about/ | https://dental-designlab.jp/about/startup/ | https://dental-designlab.jp/contact/,A,12,119,0
wave Inc.,https://gwave.jp,〒399-3702 長野県上伊那郡飯島町飯島2,0265-86-4216,,SNS platform + operation service,https://gwave.jp/web/ | https://gwave.jp/contact/ | https://gwave.jp/company/,A,12,5,0
株式会社エフズフィールド,https://fsfield.jp,〒305-0047 茨城県つくば市千現二丁目,029-846-4677,,SNS platform + operation service,https://fsfield.jp/company/ | https://fsfield.jp/service/ | https://fsfield.jp/contact/,A,12,4,0
株式会社栃木ブレックス,https://www.utsunomiyabrex.com,〒320-0066 栃木県宇都宮市駒生2,028-612-6735,,SNS platform + operation service,https://www.utsunomiyabrex.com/news/19288/ | https://www.utsunomiyabrex.com/team/company/ | https://www.utsunomiyabrex.com/guide/kidsroom/ | https://www.utsunomiyabrex.com/access/,A,12,58,0
株式会社鶴と学び,https://tsurutomanabi.com,〒305-0047 茨城県つくば市千現2,,,SNS platform + operation service,https://tsurutomanabi.com/ | https://tsurutomanabi.com/about/ | https://tsurutomanabi.com/contact/,A,12,3,0
株式会社静和堂,https://www.seiwado.co.jp,〒151-0053 東京都渋谷区代々木3,03-3370-7181,,SNS platform + operation service,https://www.seiwado.co.jp/about/torikumi/ | https://www.seiwado.co.jp/about/rinen/ | https://www.seiwado.co.jp/toiawase/ | https://www.seiwado.co.jp/sdgs/,A,12,4,0
株式会社七保,https://www.nanaho.co.jp,〒400-0813 山梨県甲府市向町 2,055-222-7001,,SNS運用,https://www.nanaho.co.jp/business/craftsman/ | https://www.nanaho.co.jp/company/ | https://www.nanaho.co.jp/contact/ | https://www.nanaho.co.jp/business/service/,A,12,43,0
株式会社奥田商会,https://www.media-b.com,〒400-0046 山梨県甲府市下石田2,055-268-2960,,SNS運用,https://www.media-b.com/area-marketing-team/ | https://www.media-b.com/company/ | https://www.media-b.com/outline/ | https://www.media-b.com/service/,A,12,27,0
株式会社アイデン,https://aiden-one.com,〒370-0075 群馬県高崎市筑縄町6,,,SNS platform + operation service,https://aiden-one.com/ | https://aiden-one.com/about/ | https://aiden-one.com/contact/,A,12,12,0
有限会社スタイル,https://professionals.style-actus.com,〒372-0022 群馬県伊勢崎市日乃出町3,0270-25-2829,,SNS platform + operation service,https://professionals.style-actus.com/business/ | https://professionals.style-actus.com/service/ | https://professionals.style-actus.com/contact/ | https://professionals.style-actus.com/business/,A,12,57,0
株式会社ビッグファイブ,https://www.bigfive.jp,〒108-0075 東京都港区港南2,03-6450-3341,,SNS platform + operation service,https://www.bigfive.jp/business2/ | https://www.bigfive.jp/company/ | https://www.bigfive.jp/contact/,A,12,17,0
INOMARKETINO INC. ALL RIGHTS RESEARVED.,https://inomarketino.com,〒150-0045 東京都渋谷区神泉町1,03-4231-9201,,SNS platform + operation service,https://inomarketino.com/gallery/%E6%A0%AA%E5%BC%8F%E4%BC%9A%E7%A4%BE%E3%83%95%E3%82%A1%E3%83%BC%E3%82%B9%E3%83%88%E3%82%B9%E3%83%86%E3%83%BC%E3%82%B8-%E6%A7%98/ | https://inomarketino.com/service/100-builder/ | https://inomarketino.com/service/no1-builder/ | https://inomarketino.com/service/diverse-builder/,A,12,36,0
"hypercreation.tokyo,inc. All Rights Reserved.",https://hypercreation.tokyo,〒101-0025 東京都千代田区神田佐久間町 3,03-5829-8515,,SNS platform + operation service,https://hypercreation.tokyo/business/ | https://hypercreation.tokyo/company/ | https://hypercreation.tokyo/contact/ | https://hypercreation.tokyo/contact-test/,A,12,7,0
株式会社 女将塾 (英文表記 Okamijuku Inc.),https://okamijuku.com,〒101-0054 東京都千代田区神田錦町3,03-3988-0212,,SNS platform + operation service,https://okamijuku.com/work/ | https://okamijuku.com/contact/ | https://okamijuku.com/company/ | https://okamijuku.com/company/,A,12,104,0
株式会社ベストフードカンパニー,https://best-food.co.jp,〒123-0862 東京都足立区皿沼2,03-3855-5757,,SNS platform + operation service,https://best-food.co.jp/service/ | https://best-food.co.jp/company/ | https://best-food.co.jp/contact/,A,12,42,0
2026 © Creww Inc.,https://creww.me,〒150-0043 東京都渋谷区道玄坂2,03-6455-1816,,SNS platform + operation service,https://creww.me/ja/account/f9e7ec98-18a7-44a3-b90e-24627e5f3497 | https://creww.me/ja/about/terms | https://creww.me/ja/about/specified-commercial-transactions-law | https://creww.me/contact/,A,12,5,0
合同会社ＧＭＩセミナー事業部（埼玉県さいたま市）,https://gmi-workshop.jimdofree.com,〒336-0926 埼玉県さいたま市緑区東浦和7,048-764-8911,,SNS platform + operation service,https://gmi-workshop.jimdofree.com/ | https://gmi-workshop.jimdofree.com/%E3%81%8A%E5%95%8F%E3%81%84%E5%90%88%E3%82%8F%E3%81%9B/ | https://gmi-workshop.jimdofree.com/about/,A,12,16,0
株式会社 禾恵,https://nogie.co.jp,〒330-0846 埼玉県さいたま市大宮区大門町3,090-4667-0333,,SNS platform + operation service,https://nogie.co.jp/outline/ | https://nogie.co.jp/contact/,A,12,20,0
株式会社ユーモア,https://humor.co.jp,〒370-0862 群馬県高崎市片岡町３,,,SNS platform + operation service,https://humor.co.jp/business/ | https://humor.co.jp/company/ | https://humor.co.jp/contact/,A,12,11,0
カイロスマーケティング株式会社,https://www.kairosmarketing.net,〒151-0051 東京都渋谷区千駄ヶ谷5,,,SNS platform + operation service,https://www.kairosmarketing.net/kairos3/showcase/center-home | https://www.kairosmarketing.net/corporate/company-info?k3ad=k3Fnav | https://www.kairosmarketing.net/corporate/recruit?k3ad=k3Fnav | https://www.kairosmarketing.net/corporate/privacy-policy?k3ad=k3Fnav,A,12,24,0
株式会社全栄プロモーション,https://www.zenei-pro.jp,〒260-0015 千葉県千葉市中央区富士見2,043-441-6974,,SNS platform + operation service,https://www.zenei-pro.jp/service_advertising/ | https://www.zenei-pro.jp/ | https://www.zenei-pro.jp/service_costcut/ | https://www.zenei-pro.jp/service_health_management/,A,12,18,0
株式会社ARTECS（アルテクス）,https://www.advance1997.co.jp,〒114-0024 東京都北区西ケ原4,048-978-7942,,SNS platform + operation service,https://www.advance1997.co.jp/kaori/company/ | https://www.advance1997.co.jp/kaori/about/ | https://www.advance1997.co.jp/kaori/contact/ | https://www.advance1997.co.jp/,A,12,25,0
株式会社ラ・リューンドゥース,https://beauty-network-media.com,〒110-0015 東京都台東区東上野3,03-6886-9702,,SNS platform + operation service,https://beauty-network-media.com/b-net%E5%8A%A0%E7%9B%9F%E5%BA%97/ | https://beauty-network-media.com/%E4%BC%9A%E7%A4%BE%E6%A6%82%E8%A6%81/ | https://beauty-network-media.com/%E3%81%8A%E5%95%8F%E3%81%84%E5%90%88%E3%82%8F%E3%81%9B/,A,12,41,0
株式会社シンミドウ,https://dx-insight.com,〒330-0854 埼玉県さいたま市大宮区桜木町 4,,,SNS platform + operation service,https://dx-insight.com/news/11/ | https://dx-insight.com/about/ | https://dx-insight.com/service/ | https://dx-insight.com/service/sniper/,A,12,36,0
ホワイトエッセンス株式会社,https://www.whiteessence.co.jp,〒150-0002 東京都渋谷区渋谷 3,03-6434-1331,,SNS platform + operation service,https://www.whiteessence.co.jp/we-system/storelist/ochanomizu | https://www.whiteessence.co.jp/company/profile/,A,12,61,0
ネント合同会社,https://nent.co.jp,〒241-0833 神奈川県横浜市旭区南本宿町1,,,SNS運用,https://nent.co.jp/ | https://nent.co.jp/about/ | https://nent.co.jp/service/clinic-outsourcing/ | https://nent.co.jp/service/dental-recruit-site/,A,12,27,0
株式会社Medysis,https://medysis.co.jp,〒224-0066 神奈川県横浜市都筑区見花山1,045-482-6583,,SNS platform + operation service,https://medysis.co.jp/overview | https://medysis.co.jp/service | https://medysis.co.jp/access | https://medysis.co.jp/contact,A,12,6,0
株式会社MATCH,https://www.match.ne.jp,〒231-0023 神奈川県横浜市中区山下町2,,,SNS platform + operation service,https://www.match.ne.jp/hotel/ | https://www.match.ne.jp/about/ | https://www.match.ne.jp/contact/,A,12,38,0
IDEA株式会社採用サイト,https://recruit.ideajapan.com,〒541-0042 大阪府大阪市中央区今橋2,06-6121-2027,,SNS platform + operation service,https://recruit.ideajapan.com/joblist/60/,A,12,20,0
株式会社live for,https://clemore.net,〒183-0027 東京都府中市本町1,042-318-0609,,SNS platform + operation service,https://clemore.net/company/ | https://clemore.net/agents/ | http://clemore.net/company/about-sales/,A,12,80,0
株式会社東横インIT集客ソリューション,https://www.toyokoinn-itshuukyaku.com,〒144-0054 東京都大田区新蒲田1,03-5711-7400,,SNS platform + operation service,https://www.toyokoinn-itshuukyaku.com/company/ | https://www.toyokoinn-itshuukyaku.com/service/ | https://www.toyokoinn-itshuukyaku.com/contact/,A,12,64,0
オンサイト株式会社,https://on-sight.biz,〒101-0053 東京都千代田区神田美土代町1,03-6272-6090,,SNS platform + operation service,https://on-sight.biz/ec-outsourcing | https://on-sight.biz/service | https://on-sight.biz/service/sv-managementsupport | https://on-sight.biz/service/sv-customersupport,A,12,4,0
※「CocodePit®」は、株式会社コトの登録商標です。,https://www.pkbsolution.co.jp,〒101-0054 東京都千代田区神田錦町 1,03-5577-7888,,SNS platform + operation service,https://www.pkbsolution.co.jp/coupon/case.html | https://www.pkbsolution.co.jp/works/digital_coupon/37571.html | https://www.pkbsolution.co.jp/works/digital_coupon/30462.html | https://www.pkbsolution.co.jp/works/digital_coupon/27832.html,A,12,8,0
国城コンサルティング株式会社(本社),https://9246consul.com,〒251-0021 神奈川県藤沢市鵠沼神明5,0466-53-9754,,SNS platform + operation service,https://9246consul.com/company/kokushiro_consulting/ | https://9246consul.com/contact/ | https://9246consul.com/armovie/ | https://9246consul.com/service/,A,12,39,0
common inc. All rights reserved.,https://www.commoncoltd.com,〒211-0068 神奈川県川崎市中原区小杉御殿町2,,,SNS platform + operation service,https://www.commoncoltd.com/category/motomarke_contents/ | https://www.commoncoltd.com/ | https://www.commoncoltd.com/contact/,A,12,4,0
株式会社 有朋社│総合広告代理店,https://www.yuhosha.co.jp,〒104-0061 東京都中央区銀座1,03-6228-7868,,SNS platform + operation service,https://www.yuhosha.co.jp/company/ | https://www.yuhosha.co.jp/access/ | https://www.yuhosha.co.jp/company/ | https://www.yuhosha.co.jp/x5tlwdlh-01/,A,12,46,0
株式会社ウェルビーイングラボ,https://be-readysapporo.com,〒064-0824 北海道札幌市中央区北4,,,SNS運用,https://be-readysapporo.com/news/brs%E3%82%B9%E3%83%9D%E3%83%B3%E3%82%B5%E3%83%BC%E6%A7%98%E3%81%94%E7%B4%B9%E4%BB%8B/ | https://be-readysapporo.com/profile/ | https://be-readysapporo.com/contact/,A,11,51,0
株式会社e-デザイン空間福島ギャラリー 〒969-1404 福島県二本松市油井字八軒45（株）鐵扇屋内,https://esthome.jp,〒969-1404 福島県二本松市油井字八軒4,0243-24-1600,,SNS platform + operation service,https://esthome.jp/2188/ | https://esthome.jp/about/ | https://esthome.jp/contact/ | https://esthome.jp/contact/,A,11,9,0
株式会社IDEAL(イデアル). All rights reserved.,https://ideal-co.jp,〒950-0087 新潟県新潟市中央区東大通2,025-250-5339,,SNS運用,https://ideal-co.jp/recruit/dokuritsu/ | https://ideal-co.jp/recruit/company_profile/,A,11,9,0
株式会社横倉本店 All Rights Reserved.,https://yokokura-uc.jp,〒321-0911 栃木県宇都宮市問屋町3,028-656-7777,,SNS platform + operation service,https://yokokura-uc.jp/retail/ | https://yokokura-uc.jp/about/ | https://yokokura-uc.jp/companyprofile/ | https://yokokura-uc.jp/contact/,A,11,32,0
ナイスモバイル株式会社,https://nicemobile.jp,〒399-0033 長野県松本市笹賀5,0263-87-2298,,SNS platform + operation service,https://nicemobile.jp/information/230720/ | https://nicemobile.jp/company/ | https://nicemobile.jp/contact/ | https://nicemobile.jp/contact/,A,10,6,0
株式会社メディアクリエーションズ All Rights Reserved.,https://media-creations.co.jp,〒300-3257 茨城県つくば市筑穂1,029-869-4287,,SNS platform + operation service,https://media-creations.co.jp/company/ | https://media-creations.co.jp/result/company-site/ | https://media-creations.co.jp/contact/ | https://media-creations.co.jp/contact/,A,10,3,0
(c) MINUTES Inc. all rights reserved.,https://www.msd-net.co.jp,〒220-0004 神奈川県横浜市西区北幸2,03-5396-5861,,SNS platform + operation service,https://www.msd-net.co.jp/news/20231201/ | https://www.msd-net.co.jp/company/ | https://www.msd-net.co.jp/company/topmessage/ | https://www.msd-net.co.jp/company/philosophy/,A,10,3,0
株式会社MedFix,http://okamaru.net,〒150-0002 東京都渋谷区渋谷2,,,SNS platform + operation service,http://okamaru.net/manabiba-s/ | http://okamaru.net/the-marketing369/ | http://okamaru.net/contact/,A,8,2,0
CHEERS株式会社,https://100will100cheer.com,〒153-0051 東京都目黒区上目黒1,,,SNS platform + operation service,https://100will100cheer.com/news/post-1754/ | https://100will100cheer.com/service-02/shigotohaku/ | https://100will100cheer.com/about/ | https://100will100cheer.com/service-01/,A,8,2,0
株式会社uuubu,https://uuubu.jp,〒981-0945 宮城県仙台市青葉区荒巻字仁田谷地1,,,SNS platform + operation service,https://uuubu.jp/,A,8,2,0
エクナ株式会社,https://www.echna.co.jp,〒020-0122 岩手県盛岡市みたけ三丁目,019-618-1234,,SNS platform + operation service,https://www.echna.co.jp/service/web/ | https://www.echna.co.jp/service/ | https://www.echna.co.jp/company/ | https://www.echna.co.jp/info/,A,8,1,0
株式会社ソレイユ財産管理,https://soleil-creative-consulting.co.jp,〒943-0805 新潟県上越市木田2,025-546-7637,,SNS platform + operation service,https://soleil-creative-consulting.co.jp/company/ | https://soleil-creative-consulting.co.jp/contact/ | https://soleil-creative-consulting.co.jp/ | https://soleil-creative-consulting.co.jp/company/,A,8,2,0
（法人名称） 株式会社つなぐ,https://www.home.saitama-tsunagu.com,〒330-0063 埼玉県さいたま市浦和区高砂２,048-711-6852,,SNS platform + operation service,https://www.home.saitama-tsunagu.com/news/161/ | https://www.home.saitama-tsunagu.com/support/ | https://www.home.saitama-tsunagu.com/company/ | https://www.home.saitama-tsunagu.com/about/,A,8,2,0
ベルメディア株式会社,https://bellmedia.co.jp,〒160-0023 東京都新宿区西新宿3,03-5909-3907,,SNS platform + operation service,https://bellmedia.co.jp/case.html | https://bellmedia.co.jp/service.html | https://bellmedia.co.jp/company.html | https://bellmedia.co.jp/contact.html,A,8,2,0
群栄興産株式会社 生・損保法人代理店,https://www.gunei.jp,〒370-0071 群馬県高崎市小八木町3,027-370-1077,,SNS platform + operation service,https://www.gunei.jp/news/553/ | https://www.gunei.jp/contact/ | https://www.gunei.jp/about/ | https://www.gunei.jp/company/,A,6,2,0
株式会社COCOHARETE,https://coco-harete.com,〒020-0022 岩手県盛岡市大通三丁目,,,SNS platform + operation service,https://coco-harete.com/regional-revitalization/ | https://coco-harete.com/ | https://coco-harete.com/contact/,B,10,0,0
株式会社TONOSAMA,https://tono-webmarketing.com,〒918-8004 福井県福井市西木田2,,,Instagram広告運用,https://tono-webmarketing.com/ | https://tono-webmarketing.com/contact/,B,10,0,8
合同会社エイチワイ,https://hy-exad.com,〒356-0053 埼玉県ふじみ野市大井字西台8,049-257-8277,,SNS運用 / SNS運用代行,https://hy-exad.com/company/ | https://hy-exad.com/contact/,B,10,0,5
株式会社カヤックメガ,https://megacom.jp,〒064-0822 北海道札幌市中央区北2,011-632-6001,,SNS platform + operation service,https://megacom.jp/service/ | https://megacom.jp/company/ | https://megacom.jp/contact/ | https://megacom.jp/service/434/,B,8,0,0
株式会社エイエイピー,https://niigata.aap.co.jp,〒950-0087 新潟県新潟市中央区東大通2,025-246-5010,,SNS platform + operation service,https://niigata.aap.co.jp/,B,8,0,0
合同会社BPRサービス,https://bpr-s.jp,〒340-0155 埼玉県幸手市上高野2,050-3126-3226,,SNS運用,https://bpr-s.jp/bpr/koshigaya20230124/ | https://bpr-s.jp/bprcontent/ | https://bpr-s.jp/about/ | https://bpr-s.jp/contact/,B,8,0,0
レビガータ株式会社,https://www.laevigata.co.jp,〒020-0821 岩手県盛岡市山王町1,,,SNS platform + operation service,https://www.laevigata.co.jp/masseuse_lp/,B,6,1,0
2024 C3D inc.,https://c3dinc.com,〒400-0025 山梨県甲府市朝日5,055-269-8405,,SNS platform + operation service,https://c3dinc.com/tag/%E5%8B%95%E7%94%BB%E6%92%AE%E5%BD%B1/ | https://c3dinc.com/about-us/ | https://c3dinc.com/service/ | https://c3dinc.com/contact/,B,6,1,0
株式会社ホンダプロモーション All Rights Reserved,https://hondacars-kawagoe.recruitment.jp,〒350-1137 埼玉県川越市砂新田1,049-245-7111,,SNS platform + operation service,https://hondacars-kawagoe.recruitment.jp/aboutus/ | https://hondacars-kawagoe.recruitment.jp/contact/,B,6,1,0
AOI Pro. Inc. All rights reserved.,https://www.aoi-pro.com,〒108-0022 東京都港区海岸3,,,SNS platform + operation service,https://www.aoi-pro.com/jp/news/20251205/65134/ | https://www.aoi-pro.com/jp/about/ | https://www.aoi-pro.com/jp/about/slogan/ | https://www.aoi-pro.com/jp/about/profile/,B,6,1,0
2000-2026 株式会社アドプラッツ,https://adplatz.com,〒225-0024 神奈川県横浜市青葉区市ケ尾町1,045-978-1285,,SNS platform + operation service,https://adplatz.com/service/marketing/ | https://adplatz.com/service/ | https://adplatz.com/service/graphic/ | https://adplatz.com/service/web/,B,6,1,1
株式会社エクセルエフ・ピー,https://ex-excel.jp,〒213-0001 神奈川県川崎市高津区溝口2,044-811-4133,,SNS platform + operation service,https://ex-excel.jp/results/ | https://ex-excel.jp/company/ | https://ex-excel.jp/contact/,B,6,1,0
