"_row","company_name","url","address","phone","maps_url","contact_url","message","sent_at","status","error_reason","screenshot_path","provider_used","提案区分","H1","区分","検出ワード"
"18","株式会社ラボーラ・クリエイト","https://lbl-c.com","〒980-0021 宮城県仙台市青葉区中央4","050-6883-9320","","https://lbl-c.com/form/","","","","","","","","","SNS運用・SNS広告","SNS運用代行 / SNS運用"
"34","株式会社シロカラ","https://shirokara.co.jp","〒950-0922 新潟県新潟市中央区山二ツ3","","","https://shirokara.co.jp/seo-contact","","","","","","","","","SNS運用・SNS広告","SNS運用代行 / SNS運用 / Instagram運用"
"68","株式会社システムサポート","https://www.sts-inc.co.jp","〒920-0853 石川県金沢市本町1","","","https://www.sts-inc.co.jp/contact/","","","","","","","","","SNS運用・SNS広告","SNS運用"
"75","株式会社ティーツーシー","https://t2c-inc.com","〒101-0054 東京都千代田区神田錦町3","03-6811-7994","","https://t2c-inc.com/contact/","","","","","","","","","Web制作・クリエイティブ","Web制作 / ランディングページ制作 / 動画制作"
"95","株式会社共立プラニング","https://www.kyoritz-p.co.jp","〒380-0813 長野県長野市鶴賀緑町1","","","https://www.kyoritz-p.co.jp/contact/","","","","","","","","","店舗・業種特化マーケティング","販売促進 / 地域プロモーション"
"105","株式会社らふがき","https://laughgaki.com","〒490-1111 愛知県あま市甚目寺桑丸8","","","https://laughgaki.com/contact","","","","","","","","","SNS運用・SNS広告","SNS運用代行 / SNS運用 / SNSマーケティング"
"119","DOTZ株式会社","https://dotz.co.jp","〒153-0042 東京都目黒区青葉台4","03-6804-8711","","https://dotz.co.jp/contact/","","","","","","","","","店舗・業種特化マーケティング","LINE公式アカウント運用"
"135","株式会社ニコモア","https://nicomore.jp","〒257-0003 神奈川県秦野市南矢名1","080-7404-8198","","https://nicomore.jp/#ol-section-contact","","","","","","","","","SNS運用・SNS広告","SNS運用代行 / SNS運用"
"188","株式会社チェリービー","https://cherrybee.tv","〒330-0062 埼玉県さいたま市浦和区仲町１","048-762-7907","","https://cherrybee.tv/contact/","","","","","","","","","Web制作・クリエイティブ","ホームページ制作 / ウェブサイト制作 / 動画制作"
"190","株式会社ウェブサイト","https://kj-lively-support.com","〒310-0021 茨城県水戸市南町三丁目","","","https://kj-lively-support.com/ict-consulting/","","","","","","","","","Web制作・クリエイティブ","ホームページ制作"
"198","株式会社ココピア","https://cocopia-works.jp","〒248-0006 神奈川県鎌倉市小町2","0467-81-5334","","https://cocopia-works.jp/contact/","","","","","","","","","店舗・業種特化マーケティング","マーケティング支援"
"219","合同会社Yorimichi","https://yorimichi-local.jp","〒221-0056 神奈川県横浜市神奈川区金港町5","","","https://yorimichi-local.jp/contact/","","","","","","","","","SNS運用・SNS広告","SNS運用代行 / SNS運用"
"220","株式会社M-support","https://msu.co.jp","〒444-3515 愛知県岡崎市桑谷町字西平地3","","","https://msu.co.jp/contact/","","","","","","","","","SNS運用・SNS広告","SNS運用 / SNSマーケティング / Instagram運用"
"227","飛labo株式会社","https://hi-labo.jp","〒900-0001 沖縄県那覇市港町2","098-963-8190","","https://hi-labo.jp/form/contact/","","","","","","","","","SNS運用・SNS広告","SNS運用代行 / SNS運用 / SNSマーケティング"
"252","合同会社makoto","https://mmakoto-llc-sassa.cloud","〒657-0011 兵庫県神戸市灘区 天城通３","070-2285-1919","","https://mmakoto-llc-sassa.cloud/contact","","","","","","","","","SNS運用・SNS広告","SNS運用 / SNSマーケティング"
"300","株式会社グリーンホワイト","https://www.greenw.co.jp","〒305-0031 茨城県つくば市吾妻二丁目","","","https://www.greenw.co.jp/contact","","","","","","","","","店舗・業種特化マーケティング","地域プロモーション"
"301","合同会社経営採用戦略室","https://tokyo-legaloffice.com","〒103-0003 東京都中央区日本橋横山町7","070-8398-4144","","https://tokyo-legaloffice.com/ma/sell-contact/","","","","","","","","","店舗・業種特化マーケティング","マーケティング支援"
"302","テルウェル東日本株式会社","https://www.telwel-east.co.jp","〒135-0033 東京都江東区深川2","","","https://www.telwel-east.co.jp/contact/","","","","","","","","","店舗・業種特化マーケティング","マーケティング支援"
"377","株式会社ラビナス","https://labinas.jp","〒171-0031 東京都豊島区目白2","048-795-6994","","https://labinas.jp/contact/","","","","","","","","","店舗・業種特化マーケティング","集客支援"
"387","株式会社ハイパークリエーション東京","https://hypercreation.tokyo","〒101-0025 東京都千代田区神田佐久間町 3","03-5829-8515","","https://hypercreation.tokyo/contact-test","","","","","","","","","店舗・業種特化マーケティング","集客支援 / 販売促進"
"399","共栄印刷株式会社","https://kyoeiprinting.com","〒996-0025 山形県新庄市若葉町1","0233-22-6516","","https://kyoeiprinting.com/contact/","","","","","","","","","Web制作・クリエイティブ","Web制作 / ブランディング"
"409","株式会社コンパス","https://u-compass.jp","〒300-1204 茨城県牛久市岡見町2","029-819-2411","","https://u-compass.jp/contact/","","","","","","","","","Web広告・デジタル集客","Webマーケティング / 広告運用"
"421","株式会社みんぷろ","https://www.minpromotion.jp","〒215-0023 神奈川県川崎市麻生区片平6","044-379-2004","","https://minpromotion.jp/contact/","","","","","","","","","Web制作・クリエイティブ","ホームページ制作 / ウェブサイト制作 / ウェブ制作"
"423","有限会社オータス","https://ohtas.jp","〒400-0032 山梨県甲府市中央1","055-298-4300","","https://ohtas.jp/contact/","","","","","","","","","Web広告・デジタル集客","Web広告 / リスティング広告"
"441","アスピリアス株式会社","https://www.aspirias-home.com","〒333-0801 埼玉県川口市東川口4","048-400-0484","","https://www.aspirias-home.com/contact-8","","","","","","","","","SNS運用・SNS広告","SNSマーケティング"
"442","合同会社エイチワイ","https://hy-exad.com","〒356-0053 埼玉県ふじみ野市大井字西台8","049-257-8277","","https://hy-exad.com/contact/","","","","","","","","","Web制作・クリエイティブ","ホームページ制作 / Web制作"
"456","株式会社ビジョンアーチ","https://www.visionarch.jp","〒220-0004 神奈川県横浜市西区北幸2","050-5470-6795","","https://www.visionarch.jp/contact","","","","","","","","","SNS運用・SNS広告","SNS運用代行 / SNS運用"
"475","株式会社オロパス","https://www.pascaljp.com","〒060-0042 北海道札幌市中央区大通西6","011-206-6870","","https://www.pascaljp.com/form/contact.html","","","","","","","","","Web広告・デジタル集客","Webマーケティング / ウェブマーケティング / SEO対策"
"481","株式会社Hyatt","https://hyatt-japan.com","〒150-0031 東京都渋谷区桜丘町2","03-6712-7315","","https://hyatt-japan.com/contact/","","","","","","","","","店舗・業種特化マーケティング","マーケティング支援"
"488","合同会社 ふくしまRISE","https://www.fukushima-rise.jp","〒960-0211 福島県福島市飯坂町湯野字切湯ノ上1","","","https://www.fukushima-rise.jp/inquiry.html","","","","","","","","","Web広告・デジタル集客","デジタルマーケティング"
"502","株式会社Valusync","https://valusync.co.jp","〒790-0001 愛媛県松山市一番","050-8895-1324","","https://valusync.co.jp/contact/","","","","","","","","","SNS運用・SNS広告","SNS運用 / SNSマーケティング"
"519","株式会社 Rise","https://www.riseagency.co.jp","〒108-0073 東京都港区三田3","03-5443-6700","","https://www.riseagency.co.jp/contact/","","","","","","","","","Web広告・デジタル集客","Web広告 / リスティング広告 / 広告運用"
"525","株式会社Essence","https://www.essence-enrich.jp","〒604-0881 京都府京都市中京区高倉通丸太町下る坂本町6","075-600-0448","","https://www.essence-enrich.jp/contact","","","","","","","","","SNS運用・SNS広告","SNSマーケティング"
"528","株式会社チャムズ","https://chams-co.com","〒802-0084 福岡県北九州市小倉北区香春口1","050-1808-6990","","https://chams-co.com/contact/","","","","","","","","","SNS運用・SNS広告","SNS運用代行 / SNS運用"
"533","株式会社アップデート","https://www.update-up.com","〒541-0056 大阪府大阪市中央区久太郎町2","","","https://www.update-up.com/contact","","","","","","","","","Web広告・デジタル集客","デジタルマーケティング"
"544","株式会社ジャパンアイディア","https://jih.jp","〒700-0907 岡山県岡山市北区下石井１","086-238-6635","","https://jih.jp/contact/","","","","","","","","","店舗・業種特化マーケティング","集客支援"
"547","株式会社ブシドー","https://bsdinc.co.jp","〒900-0013 沖縄県那覇市牧志3","03-6804-6548","","https://bsdinc.co.jp/contact/","","","","","","","","","SNS運用・SNS広告","SNS運用代行 / SNS運用 / SNS広告"
"574","株式会社KISYABAREE","https://kisyabaree.com","〒890-0056 鹿児島県鹿児島市下荒田3","","","https://kisyabaree.com/contact/","","","","","","","","","店舗・業種特化マーケティング","地域プロモーション"
"622","株式会社クロス・デイリー","https://cross-daily.jp","〒810-0001 福岡県福岡市中央区天神2","092-687-7111","","https://cross-daily.jp/contact/","","","","","","","","","Web制作・クリエイティブ","動画制作"
"628","株式会社スタッカー","https://stacker.co.jp","〒651-0082 兵庫県神戸市中央区小野浜町 1","078-332-1318","","https://stacker.co.jp/contact/","","","","","","","","","Web制作・クリエイティブ","Web制作 / ブランディング"
"632","合同会社weeds","https://weed-s.jp","〒344-0011 埼玉県春日部市藤塚1","048-606-4776","","https://weed-s.jp/contact/","","","","","","","","","Web広告・デジタル集客","Webマーケティング / Web広告 / 広告運用"
"635","LeeN合同会社","https://leen.jp","〒164-0011 東京都中野区中央4","03-6822-3648","","https://leen.jp/contact/","","","","","","","","","Web広告・デジタル集客","Web広告 / 広告運用"
"645","AVANT 株式会社","https://avant-brand.co.jp","〒690-0845 島根県松江市西茶町4","0852-61-1125","","https://avant-brand.co.jp/contact/","","","","","","","","","Web制作・クリエイティブ","映像制作 / ブランディング"
"655","株式会社山川印刷所","https://www.yamakawa-p.co.jp","〒960-2153 福島県福島市庄野字清水尻1","024-593-2221","","https://www.yamakawa-p.co.jp/contact","","","","","","","","","店舗・業種特化マーケティング","販促支援"
"658","株式会社富士コミュニケーションズ","https://www.fuji-com.ne.jp","〒430-0933 静岡県浜松市中区鍛冶町1","053-458-9888","","https://www.fuji-com.ne.jp/contact/","","","","","","","","","Web広告・デジタル集客","Web広告 / 広告運用"
"661","株式会社Core","https://core-cloud-service.com","〒541-0051 大阪府大阪市中央区備後町2","06-6809-2329","","https://core-cloud-service.com/information/","","","","","","","","","Web広告・デジタル集客","Web広告 / 広告運用"
"693","株式会社マスドライバー","https://massdriver.net","〒103-0015 東京都中央区日本橋箱崎町3","0200-0114-0692","","https://massdriver.net/contact/","","","","","","","","","Web広告・デジタル集客","Webマーケティング / デジタルマーケティング / 広告運用"
"701","株式会社グラムワークス","https://glamworks.co.jp","〒220-0012 神奈川県横浜市西区みなとみらい5","","","https://glamworks.co.jp/#form","","","","","","","","","店舗・業種特化マーケティング","販促支援 / マーケティング支援"
"702","株式会社 Area87","https://area87.design","〒194-0023 東京都町田市旭町3","042-851-8152","","https://area87.design/contact/","","","","","","","","","Web制作・クリエイティブ","ホームページ制作 / Web制作 / 動画制作"
"712","株式会社マーケティングクリエーター","https://mc-d.jp","〒102-0083 東京都千代田区麹町3","03-5357-1862","","https://mc-d.jp/contact/","","","","","","","","","SNS運用・SNS広告","SNS運用代行 / SNS運用 / SNS広告"
"725","株式会社アーリーダイニング","https://earlydining.jp","〒604-8216 京都府京都市中京区西洞院六角下る池須町4","","","https://earlydining.jp/contact/","","","","","","","","","SNS運用・SNS広告","SNS運用"
"729","SPデザイン株式会社","https://spdesign.meisho-hp.jp","〒101-0032 東京都千代田区神田東松下町2","052-855-3555","","https://spdesign.meisho-hp.jp/index.html#section_5","","","","","","","","","SNS運用・SNS広告","SNS運用"
"732","株式会社 マーケティングデザイン","https://www.goodsalespromotion.jp","〒108-0075 東京都港区港南2","050-1746-0155","","https://www.goodsalespromotion.jp/contact/","","","","","","","","","店舗・業種特化マーケティング","集客支援 / マーケティング支援"
"737","Fan Circle株式会社","https://fan-circle.com","〒150-0034 東京都渋谷区代官山町9","","","https://fan-circle.com#contact","","","","","","","","","Web広告・デジタル集客","広告運用"
"750","株式会社ベンチャーコンサルタント","https://www.vec-inc.info","〒530-0001 大阪府大阪市北区梅田2","090-3703-3404","","https://www.vec-inc.info/contact/","","","","","","","","","Web制作・クリエイティブ","ブランディング"
"779","株式会社NoSHAPE","https://noshape.jp","〒150-6207 東京都渋谷区桜丘町1","","","https://noshape.jp/contact/","","","","","","","","","Web制作・クリエイティブ","Webサイト制作 / Web制作 / ブランディング"
"783","株式会社SUKIMA","https://sukima-c.co.jp","〒141-0031 東京都品川区西五反田1","","","https://sukima-c.co.jp/contact/","","","","","","","","","Web制作・クリエイティブ","Webサイト制作 / クリエイティブ制作"
"792","良い広告株式会社","https://www.ekoukoku.co.jp","〒430-0926 静岡県浜松市中央区砂山町3","","","https://www.ekoukoku.co.jp/contact/","","","","","","","","","SNS運用・SNS広告","SNS広告"
"803","株式会社ホジョセン","https://www.hojosen.co.jp","〒650-0012 兵庫県神戸市中央区北長狭通4","078-599-5082","","https://www.hojosen.co.jp/contact/","","","","","","","","","店舗・業種特化マーケティング","マーケティング支援"
"831","The Digital X合同会社","https://www.thedigitalx.net","〒036-8002 青森県弘前市駅前3","050-1808-8615","https://www.google.com/maps/place/%E3%82%B6%E3%83%87%E3%82%B8%E3%82%BF%E3%83%AB%E3%82%A8%E3%83%83%E3%82%AF%E3%82%B9%E5%90%88%E5%90%8C%E4%BC%9A%E7%A4%BE%2FThe+Digital+X%E5%90%88%E5%90%8C%E4%BC%9A%E7%A4%BE/data=!4m7!3m6!1s0x5f9b01f1fe595555:0x39b2ac2cd424a7d1!8m2!3d40.5982834!4d140.4798003!16s%2Fg%2F11v9gbwnjl!19sChIJVVVZ_vEBm18R0ack1Cyssjk?authuser=0&hl=ja&rclk=1","https://www.thedigitalx.net/contact?utm_source=header&utm_medium=button&utm_campaign=contact","","","","","","","","","店舗・業種特化マーケティング","マーケティング支援 / EC支援 / インバウンド支援"
"845","株式会社NaraDeWa","https://nara-dewa.com","〒634-0804 奈良県橿原市内膳町5","","","https://nara-dewa.com/contact/","","","","","","","","","店舗・業種特化マーケティング","販促支援 / マーケティング支援"
"849","デフィデ株式会社","https://www.defide-ix.com","〒107-0052 東京都港区⾚坂2","03-6551-2921","","https://www.defide-ix.com/contact/","","","","","","","","","Web広告・デジタル集客","デジタルマーケティング"
"856","株式会社コネクトビビ","https://connectbibi.com","〒526-0031 滋賀県長浜市八幡東町1","","","https://connectbibi.com/contact/","","","","","","","","","Web広告・デジタル集客","Webマーケティング / Google広告 / Meta広告"
"864","合同会社カメレオン企画","https://chameleon-project.com","〒914-0035 福井県敦賀市山泉7","","","https://chameleon-project.com/contact/","","","","","","","","","SNS運用・SNS広告","SNS運用代行 / SNS運用"
"885","株式会社ooyaビジネスクリエイト","https://obcreate.co.jp","〒104-0061 東京都中央区銀座６","03-6228-7045","","https://obcreate.co.jp/contact/","","","","","","","","","店舗・業種特化マーケティング","集客支援"
"892","合同会社マーケティングデパートメント","https://marketingdept-llc.com","〒151-0051 東京都渋谷区千駄ヶ谷1","","","https://marketingdept-llc.com/contactmark/","","","","","","","","","Web制作・クリエイティブ","Webサイト制作"
"937","エミシード株式会社","https://emseed.jp","〒567-0032 大阪府茨木市西駅前町4","","","https://emseed.jp/contact/","","","","","","","","","Web制作・クリエイティブ","Web制作 / LP制作 / 動画制作"
"941","株式会社AIホールディングス","https://www.ai-holdings.jp","〒153-0042 東京都目黒区青葉台3","","","https://www.ai-holdings.jp/contact/","","","","","","","","","Web広告・デジタル集客","Webマーケティング / ウェブマーケティング"
"954","株式会社エクシーレ","https://exire.co.jp","〒542-0081 大阪府大阪市中央区南船場3","06-4395-5300","","https://exire.co.jp/contact","","","","","","","","","Web制作・クリエイティブ","Web制作"
"955","有限会社 ミスズ","https://www.misuzu1948.com","〒836-0853 福岡県大牟田市上町1","0944-53-4367","","https://www.misuzu1948.com/contact/","","","","","","","","","Web制作・クリエイティブ","Webサイト制作 / ブランディング"
"962","株式会社オーシャンホールディングス","https://feelingmktg.com","〒102-0074 東京都千代田区九段南1","03-6823-8710","","https://feelingmktg.com/contact_form/","","","","","","","","","Web広告・デジタル集客","デジタルマーケティング"
"970","デジマールリンクス株式会社","https://digimarl-links.com","〒901-0152 沖縄県那覇市小禄1","080-4142-3436","","https://digimarl-links.com/contact","","","","","","","","","Web広告・デジタル集客","Webマーケティング / デジタルマーケティング / リスティング広告"
"1036","株式会社 PORT","https://www.theport.jp","〒169-0074 東京都新宿区北新宿2","03-5937-6731","","https://www.theport.jp/contact","","","","","","","","","店舗・業種特化マーケティング","集客支援 / 販促支援"
"1038","NewHistory株式会社","https://new-history.co.jp","〒271-0091 千葉県松⼾市本町1","","","https://new-history.co.jp/contact","","","","","","","","","Web広告・デジタル集客","広告運用"
"1044","ネイティブキャラバン株式会社","https://native-caravan.com","〒253-0026 神奈川県茅ヶ崎市旭が丘6","0467-80-2688","","https://native-caravan.com/contact/","","","","","","","","","Web制作・クリエイティブ","ホームページ制作 / Webサイト制作 / ウェブサイト制作"
"1082","株式会社アクティブノート","https://www.active-note.jp","〒182-0021 東京都調布市調布ケ丘３","042-444-0603","","https://www.active-note.jp/nagase-hint/nagasehayumi-5/","","","","","","","","","Web広告・デジタル集客","Webマーケティング / Google広告 / Meta広告"
"1096","有限会社ザッツ","https://www.zats-egao.co.jp","〒577-0809 大阪府東大阪市永和１","06-7492-7896","","https://www.zats-egao.co.jp/category/1222997.html","","","","","","","","","店舗・業種特化マーケティング","集客支援"
"1107","テンポアド株式会社","https://tenpoad.com","〒811-1311 福岡県福岡市南区横手2","","","https://tenpoad.com/contact/","","","","","","","","","Web広告・デジタル集客","広告運用 / SEO対策"
"1108","株式会社ネクスト情報はましん","https://next-hamashin.co.jp","〒970-8032 福島県いわき市平下荒川字諏訪下3","0246-25-0111","","https://next-hamashin.co.jp/inquiry.html","","","","","","","","","Web制作・クリエイティブ","ホームページ制作 / 動画制作"
"1109","株式会社トモプラン","https://tomoplan.jimdofree.com","〒140-0001 東京都品川区北品川1","090-7811-4066","","https://tomoplan.jimdofree.com/お問い合わせ/","","","","","","","","","Web制作・クリエイティブ","ホームページ制作"
