_row,company_name,url,old_contact_url,resolved_contact_url,contact_state,contact_evidence,page_title,attempts,browser_contact_url,browser_state,browser_evidence,browser_attempts
5,株式会社モノクロマーケティング,https://monochro-marketing.co.jp,https://monochro-marketing.co.jp/contact/,,unresolved,general_contact_form_unconfirmed,,https://monochro-marketing.co.jp/contact/:no_form | https://monochro-marketing.co.jp/contact/:no_form | https://monochro-marketing.co.jp/contact/:no_form | https://monochro-marketing.co.jp/contact/:no_form | https://monochro-marketing.co.jp/contact/:no_form | https://monochro-marketing.co.jp/contact/:no_form | https://monochro-marketing.co.jp/contact/:no_form | https://monochro-marketing.co.jp/contact/:no_form | https://monochro-marketing.co.jp/contact/:no_form | https://monochro-marketing.co.jp/contact/:no_form | https://monochro-marketing.co.jp/contact/:no_form | https://monochro-marketing.co.jp/contact/:no_form,https://monochro-marketing.co.jp/contact/,valid,browser_form_iframe,https://monochro-marketing.co.jp/contact/:browser_form_iframe
10,株式会社THUMB,https://thumbsup-marketing.com,https://thumbsup-marketing.com/work/docker-workstylereform/,,unresolved,general_contact_form_unconfirmed,,https://thumbsup-marketing.com/work/docker-workstylereform/:no_form,,unresolved,browser_general_form_unconfirmed,https://thumbsup-marketing.com/work/docker-workstylereform/:browser_no_form
26,WEBブランド戦略Arts株式会社,https://arts-web.co.jp,https://arts-web.co.jp,,unresolved,general_contact_form_unconfirmed,,https://arts-web.co.jp/:no_form | https://arts-web.co.jp/:no_form | https://arts-web.co.jp/:no_form,,unresolved,browser_general_form_unconfirmed,https://arts-web.co.jp/:browser_no_form | https://arts-web.co.jp/:browser_no_form | https://arts-web.co.jp/:browser_no_form | https://arts-web.co.jp/:browser_no_form | https://arts-web.co.jp/:browser_no_form | https://arts-web.co.jp/:browser_no_form
27,SATORI株式会社,https://www.marketing-unit.jp,https://www.marketing-unit.jp/contact/online/,,unresolved,general_contact_form_unconfirmed,,https://www.marketing-unit.jp/contact/:no_form | https://www.marketing-unit.jp/contact/online/:no_form,,unresolved,browser_general_form_unconfirmed,https://www.marketing-unit.jp/contact/:browser_no_form | https://www.marketing-unit.jp/contact/online/:browser_no_form
28,株式会社DEEM,https://deem.co.jp,https://deem.co.jp/contact-3/,,unresolved,general_contact_form_unconfirmed,,https://deem.co.jp/contact-3/:no_form | https://deem.co.jp/contact-3/:no_form | https://deem.co.jp/contact-3/:no_form | https://deem.co.jp/contact-3/:no_form | https://deem.co.jp/contact-3/:no_form | https://deem.co.jp/contact-3/:no_form,,unresolved,browser_general_form_unconfirmed,https://deem.co.jp/contact-3/:browser_no_form | https://deem.co.jp/contact-3/:browser_no_form | https://deem.co.jp/contact-3/:browser_no_form | https://deem.co.jp/contact-3/:browser_no_form | https://deem.co.jp/contact-3/:browser_no_form | https://deem.co.jp/contact-3/:browser_no_form
32,株式会社アイ・ステップ,https://www.istepkanazawa.co.jp,https://www.istepkanazawa.co.jp/lightning-ja/contact/,,unresolved,general_contact_form_unconfirmed,,https://www.istepkanazawa.co.jp/contact/:http_404 | https://www.istepkanazawa.co.jp/lightning-ja/contact/:http_404 | https://www.istepkanazawa.co.jp/?page_id=19:http_404,,unresolved,browser_general_form_unconfirmed,https://www.istepkanazawa.co.jp/contact/:browser_no_form | https://www.istepkanazawa.co.jp/contact/#main:browser_no_form | https://www.istepkanazawa.co.jp/contact/#vk-mobile-nav:browser_no_form | https://www.istepkanazawa.co.jp/?page_id=19:browser_no_form | https://www.istepkanazawa.co.jp/contact/:browser_no_form | https://www.istepkanazawa.co.jp/contact/:browser_no_form | https://www.istepkanazawa.co.jp/lightning-ja/contact/:browser_no_form | https://www.istepkanazawa.co.jp/lightning-ja/contact/#main:browser_no_form | https://www.istepkanazawa.co.jp/lightning-ja/contact/#vk-mobile-nav:browser_no_form | https://www.istepkanazawa.co.jp/?page_id=19:browser_no_form | https://www.istepkanazawa.co.jp/contact/:browser_no_form | https://www.istepkanazawa.co.jp/lightning-ja/contact/:browser_no_form | https://www.istepkanazawa.co.jp/?page_id=19:browser_no_form | https://www.istepkanazawa.co.jp/?page_id=19:browser_no_form | https://www.istepkanazawa.co.jp/contact/:browser_no_form | https://www.istepkanazawa.co.jp/contact/:browser_no_form | https://www.istepkanazawa.co.jp/lightning-ja/contact/:browser_no_form | https://www.istepkanazawa.co.jp/?page_id=19:browser_no_form
57,株式会社SHUHARI,https://www.shuhari.work,https://www.shuhari.work,,unresolved,general_contact_form_unconfirmed,,https://www.shuhari.work/:no_form | https://www.shuhari.work/:no_form | https://www.shuhari.work/:no_form,,unresolved,browser_general_form_unconfirmed,https://www.shuhari.work/:browser_no_form | https://www.shuhari.work/:browser_no_form
62,イー・ガーディアン株式会社,https://www.e-guardian.co.jp,https://www.e-guardian.co.jp/inquiry/,,unresolved,general_contact_form_unconfirmed,,https://www.e-guardian.co.jp/inquiry/:no_form | https://www.e-guardian.co.jp/inquiry/:no_form | https://www.e-guardian.co.jp/inquiry/:no_form | https://www.e-guardian.co.jp/inquiry/service/:no_form | https://www.e-guardian.co.jp/inquiry/ir/:no_form | https://www.e-guardian.co.jp/inquiry/press/:no_form,https://www.e-guardian.co.jp/inquiry/service/,valid,browser_form_iframe,https://www.e-guardian.co.jp/inquiry/:browser_no_form | https://www.e-guardian.co.jp/inquiry/:browser_no_form | https://www.e-guardian.co.jp/inquiry/:browser_no_form | https://www.e-guardian.co.jp/inquiry/service/:browser_form_iframe
69,株式会社Xcuu,https://xcuu.jp,https://xcuu.jp/contact/,,unresolved,general_contact_form_unconfirmed,,https://xcuu.jp/contact/:no_form | https://xcuu.jp/contact/:no_form | https://xcuu.jp/contact/:no_form | https://xcuu.jp/contact/:no_form | https://xcuu.jp/contact/:no_form,https://xcuu.jp/contact/,valid,browser_form_iframe,https://xcuu.jp/contact/:browser_form_iframe
73,株式会社バラクーダ,https://barracuda-japan.com,https://barracuda-japan.com/service/lp.php,,unresolved,general_contact_form_unconfirmed,,https://barracuda-japan.com/service/line.php:no_form | https://barracuda-japan.com/service/lp.php:no_form,,unresolved,browser_general_form_unconfirmed,https://barracuda-japan.com/service/line.php:browser_no_form | https://barracuda-japan.com/service/lp.php:browser_no_form
82,株式会社LIFE,https://www.lifepepper.co.jp,https://www.lifepepper.co.jp/contact/,,unresolved,general_contact_form_unconfirmed,,https://www.lifepepper.co.jp/contact/:no_form | https://www.lifepepper.co.jp/contact/:no_form | https://www.lifepepper.co.jp/contact/:no_form | https://www.lifepepper.co.jp/contact/:no_form | https://www.lifepepper.co.jp/contact/:no_form,https://www.lifepepper.co.jp/contact/,valid,browser_form_iframe,https://www.lifepepper.co.jp/contact/:browser_form_iframe
90,株式会社デジタルダイブ,https://digital-dive.com,https://digital-dive.com/contact/,,unresolved,general_contact_form_unconfirmed,,https://digital-dive.com/contact/:no_form | https://digital-dive.com/contact/:no_form | https://digital-dive.com/contact/#top:no_form | https://digital-dive.com/contact/:no_form,https://digital-dive.com/contact/,valid,browser_form:controls=17,https://digital-dive.com/contact/:browser_form:controls=17
106,株式会社PLF,https://www.plf-entertainment.com,https://www.plf-entertainment.com/contact,,unresolved,general_contact_form_unconfirmed,,https://www.plf-entertainment.com/contact:wrong_purpose,,unresolved,browser_general_form_unconfirmed,https://www.plf-entertainment.com/contact:wrong_purpose
107,株式会社 東京アドワイズ,https://www.adwise.co.jp,https://www.adwise.co.jp/contact/,,unresolved,general_contact_form_unconfirmed,,https://www.adwise.co.jp/contact/:no_form | https://www.adwise.co.jp/contact/:no_form | https://www.adwise.co.jp/contact/:no_form | https://www.adwise.co.jp/contact/:no_form | https://www.adwise.co.jp/contact/:no_form,https://www.adwise.co.jp/contact/,valid,browser_form_iframe,https://www.adwise.co.jp/contact/:browser_form_iframe
113,合同会社makoto,https://mmakoto-llc-sassa.cloud,https://mmakoto-llc-sassa.cloud/contact,,unresolved,general_contact_form_unconfirmed,,https://mmakoto-llc-sassa.cloud/contact:no_form | https://mmakoto-llc-sassa.cloud/contact:no_form | https://mmakoto-llc-sassa.cloud/contact:no_form | https://mmakoto-llc-sassa.cloud/contact:no_form,,unresolved,browser_general_form_unconfirmed,https://mmakoto-llc-sassa.cloud/contact:browser_no_form | https://mmakoto-llc-sassa.cloud/contact:browser_no_form | https://mmakoto-llc-sassa.cloud/contact:browser_no_form | https://mmakoto-llc-sassa.cloud/contact:browser_no_form
127,株式会社ウツス,https://utsusu.jp,https://utsusu.jp/contact.html,,unresolved,general_contact_form_unconfirmed,,https://utsusu.jp/contact.html:no_form | https://utsusu.jp/contact.html:no_form,,unresolved,browser_general_form_unconfirmed,https://utsusu.jp/contact.html:browser_no_form | https://utsusu.jp/contact.html:browser_no_form
136,株式会社TIGER.E,https://tiger-e.co.jp,https://tiger-e.co.jp/contact.html,,unresolved,general_contact_form_unconfirmed,,https://tiger-e.co.jp/contact.html:no_form | https://tiger-e.co.jp/contact.html:no_form | https://tiger-e.co.jp/contact.html:no_form | https://tiger-e.co.jp/contact.html:no_form,,unresolved,browser_general_form_unconfirmed,https://tiger-e.co.jp/contact.html:browser_no_form | https://tiger-e.co.jp/contact.html:browser_no_form | https://tiger-e.co.jp/contact.html:browser_no_form | https://tiger-e.co.jp/contact.html:browser_no_form | https://tiger-e.co.jp/contact.html:browser_no_form
138,株式会社MOLTS,https://moltsinc.co.jp,https://moltsinc.co.jp/contact/service,,unresolved,general_contact_form_unconfirmed,,https://moltsinc.co.jp/contact/service/:no_form | https://moltsinc.co.jp/contact/:no_form,https://moltsinc.co.jp/contact/service/,valid,browser_form:controls=16,https://moltsinc.co.jp/contact/service/:browser_form:controls=16
145,株式会社 東北ラーメンストリート,https://www.tohokuramenstreet.com,https://www.tohokuramenstreet.com/contact,,unresolved,general_contact_form_unconfirmed,,https://www.tohokuramenstreet.com/contact:no_form | https://www.tohokuramenstreet.com/contact:no_form,,unresolved,browser_general_form_unconfirmed,https://www.tohokuramenstreet.com/contact:browser_no_form | https://www.tohokuramenstreet.com/contact:browser_no_form
149,株式会社フリークアウト・ホールディングス,https://www.uuum.co.jp,https://www.uuum.co.jp/inquiry-promotion,,unresolved,general_contact_form_unconfirmed,,https://www.uuum.co.jp/inquiry:no_form | https://www.uuum.co.jp/inquiry:no_form | https://www.uuum.co.jp/inquiry-promotion:no_form | https://www.uuum.co.jp/inquiry:no_form | https://www.uuum.co.jp/inquiry-promotion:no_form | https://www.uuum.co.jp/inquiry#inquiry-business:no_form | https://www.uuum.co.jp/inquiry-promotion:no_form | https://www.uuum.co.jp/inquiry:no_form | https://www.uuum.co.jp/inquiry-promotion:no_form | https://www.uuum.co.jp/inquiry:no_form | https://www.uuum.co.jp/inquiry-promotion:no_form | https://www.uuum.co.jp/inquiry:no_form,https://www.uuum.co.jp/inquiry-promotion,valid,browser_form_iframe,https://www.uuum.co.jp/inquiry:browser_no_form | https://www.uuum.co.jp/inquiry:browser_no_form | https://www.uuum.co.jp/inquiry-promotion:browser_form_iframe
155,株式会社TORIST,https://www.torist.co.jp,https://www.torist.co.jp/contact/kojin.php,,unresolved,general_contact_form_unconfirmed,,https://www.torist.co.jp/contact/:no_form | https://www.torist.co.jp/contact/:no_form | https://www.torist.co.jp/contact/:no_form | https://www.torist.co.jp/contact/toriatsukai.php:no_form | https://www.torist.co.jp/contact/:no_form | https://www.torist.co.jp/contact/kojin.php:no_form | https://www.torist.co.jp/contact/kojin.php:no_form | https://www.torist.co.jp/contact/:no_form | https://www.torist.co.jp/contact/:no_form | https://www.torist.co.jp/contact/:no_form | https://www.torist.co.jp/contact/kojin.php:no_form | https://www.torist.co.jp/contact/kojin.php:no_form,,unresolved,browser_general_form_unconfirmed,https://www.torist.co.jp/contact/:browser_no_form | https://www.torist.co.jp/contact/:browser_no_form | https://www.torist.co.jp/contact/:browser_no_form | https://www.torist.co.jp/contact/toriatsukai.php:browser_no_form | https://www.torist.co.jp/contact/:browser_no_form | https://www.torist.co.jp/contact/kojin.php:browser_no_form | https://www.torist.co.jp/contact/kojin.php:browser_no_form | https://www.torist.co.jp/contact/:browser_no_form | https://www.torist.co.jp/contact/:browser_no_form | https://www.torist.co.jp/contact/:browser_no_form | https://www.torist.co.jp/contact/kojin.php:browser_no_form | https://www.torist.co.jp/contact/kojin.php:browser_no_form
159,シャトルロックジャパン株式会社,https://www.shuttlerock.co.jp,https://www.shuttlerock.co.jp/contact/,,unresolved,general_contact_form_unconfirmed,,https://www.shuttlerock.co.jp/contact/:no_form | https://www.shuttlerock.co.jp/contact/:no_form | https://www.shuttlerock.co.jp/contact/:no_form | https://www.shuttlerock.co.jp/contact/:no_form | https://www.shuttlerock.co.jp/sales-contact/:no_form | https://www.shuttlerock.co.jp/contact/#top:no_form,https://www.shuttlerock.co.jp/contact/,valid,browser_form:controls=2,https://www.shuttlerock.co.jp/contact/:browser_form:controls=2
163,株式会社ファンダフル,https://funderfull.co.jp,https://funderfull.co.jp/inquiry,,unresolved,general_contact_form_unconfirmed,,https://funderfull.co.jp/inquiry:no_form | https://funderfull.co.jp/creative/inquiry:no_form | https://funderfull.co.jp/inquiry:no_form | https://funderfull.co.jp/inquiry:no_form,https://funderfull.co.jp/inquiry,valid,browser_form_iframe,https://funderfull.co.jp/inquiry:browser_form_iframe
165,マジカルハンド株式会社,https://www.magicalhand.co.jp,http://www.magicalhand.co.jp/?page_id=27,,unresolved,general_contact_form_unconfirmed,,https://www.magicalhand.co.jp/?page_id=27:no_form | https://www.magicalhand.co.jp/?page_id=27:no_form,,unresolved,browser_general_form_unconfirmed,https://www.magicalhand.co.jp/?page_id=27:browser_no_form | https://www.magicalhand.co.jp/?page_id=27:browser_no_form
170,株式会社 Fourglobe,https://www.fourglobe.co.jp,https://www.fourglobe.co.jp/contact_uz/,,unresolved,general_contact_form_unconfirmed,,https://www.fourglobe.co.jp/contact/:no_form | https://www.fourglobe.co.jp/contact/:no_form | https://www.fourglobe.co.jp/contact_uz/:no_form | https://www.fourglobe.co.jp/contact/:no_form | https://www.fourglobe.co.jp/contact_uz/:no_form | https://www.fourglobe.co.jp/privacy/#jump_contact:no_form | https://www.fourglobe.co.jp/blog/15296/:no_form | https://www.fourglobe.co.jp/contact/:no_form | https://www.fourglobe.co.jp/contact_uz/:no_form | https://www.fourglobe.co.jp/contact/:no_form | https://www.fourglobe.co.jp/contact_uz/:no_form | https://www.fourglobe.co.jp/contact/:no_form | https://www.fourglobe.co.jp/contact_uz/:no_form | https://www.fourglobe.co.jp/contact/:no_form | https://www.fourglobe.co.jp/contact_uz/:no_form | https://www.fourglobe.co.jp/contact/:no_form | https://www.fourglobe.co.jp/contact_uz/:no_form | https://www.fourglobe.co.jp/contact/:no_form,https://www.fourglobe.co.jp/contact/,valid,browser_form:controls=13,https://www.fourglobe.co.jp/contact/:browser_form:controls=13
180,株式会社アップデート,https://www.update-up.com,https://www.update-up.com/contact,,unresolved,general_contact_form_unconfirmed,,https://www.update-up.com/contact:no_form | https://www.update-up.com/contact:no_form | https://www.update-up.com/contact:no_form | https://www.update-up.com/contact:no_form | https://www.update-up.com/contact:no_form | https://www.update-up.com/contact:no_form,,unresolved,browser_general_form_unconfirmed,https://www.update-up.com/contact:browser_no_form | https://www.update-up.com/contact:browser_no_form | https://www.update-up.com/contact:browser_no_form | https://www.update-up.com/contact:browser_no_form | https://www.update-up.com/contact:browser_no_form | https://www.update-up.com/contact:browser_no_form
184,株式会社まちあい徳山,https://machiai-tokuyama.com,https://machiai-tokuyama.com/town-planning-related-business/tenant-mix/,,unresolved,general_contact_form_unconfirmed,,https://machiai-tokuyama.com/info/:no_form | https://machiai-tokuyama.com/town-planning-related-business/tenant-mix/:no_form | https://machiai-tokuyama.com/info/:no_form | https://machiai-tokuyama.com/town-planning-related-business/tenant-mix/:no_form | https://machiai-tokuyama.com/info/:no_form | https://machiai-tokuyama.com/town-planning-related-business/tenant-mix/:no_form | https://machiai-tokuyama.com/town-planning-related-business/tenant-mix/:no_form | https://machiai-tokuyama.com/town-planning-related-business/tenant-mix/:no_form | https://machiai-tokuyama.com/info/:no_form | https://machiai-tokuyama.com/town-planning-related-business/tenant-mix/:no_form | https://machiai-tokuyama.com/info/:no_form | https://machiai-tokuyama.com/town-planning-related-business/tenant-mix/:no_form,https://machiai-tokuyama.com/info/,valid,browser_form_iframe,https://machiai-tokuyama.com/info/:browser_form_iframe
187,株式会社 アラダス,https://www.aradas.net,https://www.aradas.net/price/,,unresolved,general_contact_form_unconfirmed,,,,unresolved,browser_general_form_unconfirmed,
189,株式会社Natee,https://natee.jp,https://natee.jp/contact/service-document,,unresolved,general_contact_form_unconfirmed,,https://natee.jp/contact:no_form | https://natee.jp/contact:no_form | https://natee.jp/contact:no_form | https://natee.jp/contact/service:no_form | https://natee.jp/contact:no_form | https://natee.jp/contact/service-document:http_404 | https://natee.jp/contact/service:no_form | https://natee.jp/contact:no_form | https://natee.jp/contact:no_form | https://natee.jp/contact:no_form,,unresolved,browser_general_form_unconfirmed,https://natee.jp/contact:browser_no_form | https://natee.jp/contact:browser_no_form | https://natee.jp/contact:browser_no_form | https://natee.jp/contact/service:browser_no_form | https://natee.jp/contact:browser_no_form | https://natee.jp/contact/service:browser_no_form | https://natee.jp/contact:browser_no_form | https://natee.jp/contact:browser_no_form | https://natee.jp/contact:browser_no_form | https://natee.jp/contact/service-document:browser_no_form | https://natee.jp/contact:browser_no_form | https://natee.jp/contact:browser_no_form | https://natee.jp/contact:browser_no_form
191,ペタビットマーケティング株式会社,https://marketing.petabit.co.jp,https://marketing.petabit.co.jp/contact/,,unresolved,general_contact_form_unconfirmed,,https://marketing.petabit.co.jp/contact/:no_form | https://marketing.petabit.co.jp/contact/:no_form | https://marketing.petabit.co.jp/contact/#FORM:no_form | https://marketing.petabit.co.jp/contact/:no_form | https://marketing.petabit.co.jp/contact/:no_form,https://marketing.petabit.co.jp/contact/,valid,browser_form_iframe,https://marketing.petabit.co.jp/contact/:browser_form_iframe
195,株式会社aim,https://www.aim-yao.com,https://www.aim-yao.com/contact,,unresolved,general_contact_form_unconfirmed,,https://www.aim-yao.com/entryform:wrong_purpose,,unresolved,browser_general_form_unconfirmed,https://www.aim-yao.com/entryform:wrong_purpose
217,リトライブ株式会社,https://rekaizen.com,https://rekaizen.com#contact,,unresolved,general_contact_form_unconfirmed,,https://rekaizen.com/contact:wrong_purpose | https://rekaizen.com/contact/support:wrong_purpose | https://rekaizen.com/:wrong_purpose,,unresolved,browser_general_form_unconfirmed,https://rekaizen.com/#contact:wrong_purpose
220,株式会社NoSHAPE,https://noshape.jp,https://noshape.jp/contact/,,unresolved,general_contact_form_unconfirmed,,https://noshape.jp/contact/:no_form | https://noshape.jp/contact/:no_form | https://noshape.jp/contact/:no_form | https://noshape.jp/contact/:no_form | https://noshape.jp/contact/:no_form | https://noshape.jp/contact/:no_form,https://noshape.jp/contact/,valid,browser_form_iframe,https://noshape.jp/contact/:browser_form_iframe
221,株式会社エルアイディ,https://nine-feel.com,https://nine-feel.com/contact/,,unresolved,general_contact_form_unconfirmed,,https://nine-feel.com/contact/:wrong_purpose,,unresolved,browser_general_form_unconfirmed,https://nine-feel.com/contact/:wrong_purpose | https://nine-feel.com/comingsoon/:browser_no_form | https://nine-feel.com/contact/:wrong_purpose | https://nine-feel.com/contact/:wrong_purpose | https://nine-feel.com/contact/:wrong_purpose | https://nine-feel.com/contact/:wrong_purpose | https://nine-feel.com/contact/:wrong_purpose
231,株式会社ヴィクトリー,https://victory-co.com,https://victory-co.com/contact/,,unresolved,general_contact_form_unconfirmed,,https://victory-co.com/contact:no_form | https://victory-co.com/contact:no_form | https://victory-co.com/contact:no_form | https://victory-co.com/form-opening-support:no_form | https://victory-co.com/form_real-estate-business-store:no_form | https://victory-co.com/form_real-estate-business-rental:no_form | https://victory-co.com/contact:no_form | https://victory-co.com/contact:no_form | https://victory-co.com/contact:no_form | https://victory-co.com/form-opening-support:no_form | https://victory-co.com/form_real-estate-business-store:no_form | https://victory-co.com/form_real-estate-business-rental:no_form | https://victory-co.com/news/2025-2026:no_form | https://victory-co.com/contact:no_form | https://victory-co.com/contact:no_form | https://victory-co.com/news/2025-2026:no_form | https://victory-co.com/contact:no_form,https://victory-co.com/contact,valid,browser_form_iframe,https://victory-co.com/contact:browser_form_iframe
237,株式会社 ライフマップ,https://lifemap.jp,https://lifemap.jp/contact/,,unresolved,general_contact_form_unconfirmed,,https://lifemap.jp/contact/:no_form,,unresolved,browser_general_form_unconfirmed,https://lifemap.jp/contact/:browser_no_form
238,株式会社SOLVIDE,https://solvide.jp,https://solvide.jp/contact,,unresolved,general_contact_form_unconfirmed,,https://solvide.jp/contact/:no_form | https://solvide.jp/contact/:no_form | https://solvide.jp/contact/:no_form,,unresolved,browser_general_form_unconfirmed,https://solvide.jp/contact/:browser_no_form | https://solvide.jp/contact/:browser_no_form | https://solvide.jp/contact/:browser_no_form
243,株式会社ネットクロス,https://net-cross.com,https://net-cross.com/contact/,,unresolved,general_contact_form_unconfirmed,,https://net-cross.com/contact/:no_form | https://net-cross.com/contact/:no_form | https://net-cross.com/contact/:no_form | https://net-cross.com/contact/:no_form | https://net-cross.com/contact/:no_form | https://net-cross.com/contact/:no_form,,unresolved,browser_general_form_unconfirmed,https://net-cross.com/contact/:browser_no_form | https://net-cross.com/contact/:browser_no_form | https://net-cross.com/contact/:browser_no_form | https://net-cross.com/contact/:browser_no_form | https://net-cross.com/contact/:browser_no_form | https://net-cross.com/contact/:browser_no_form
246,株式会社ツナグデザイン,https://tsunagudesign.co.jp,https://tsunagudesign.co.jp/dlform/,,unresolved,general_contact_form_unconfirmed,,,https://tsunagudesign.co.jp/ctt/,valid,browser_form:controls=10,https://tsunagudesign.co.jp/ctt/:browser_form:controls=10
247,株式会社リールピーク,https://www.reelpeak.co.jp,https://www.reelpeak.co.jp/contact/,,unresolved,general_contact_form_unconfirmed,,https://www.reelpeak.co.jp/contact/:no_form | https://www.reelpeak.co.jp/contact/:no_form | https://www.reelpeak.co.jp/contact/:no_form | https://www.reelpeak.co.jp/contact/:no_form,https://www.reelpeak.co.jp/contact/,valid,browser_form:controls=9,https://www.reelpeak.co.jp/contact/:browser_form:controls=9
252,株式会社仁頼,https://jinrai.co.jp,https://jinrai.co.jp/contact/,,unresolved,general_contact_form_unconfirmed,,https://jinrai.co.jp/contact/:no_form | https://jinrai.co.jp/contact/:no_form | https://jinrai.co.jp/contact/:no_form | https://jinrai.co.jp/contact/:no_form | https://jinrai.co.jp/contact/:no_form | https://jinrai.co.jp/en/contact/:no_form | https://jinrai.co.jp/blog/news/contact-form-restoration-notice/:no_form | https://jinrai.co.jp/contact/:no_form | https://jinrai.co.jp/contact/:no_form | https://jinrai.co.jp/contact/:no_form | https://jinrai.co.jp/contact/:no_form | https://jinrai.co.jp/contact/:no_form | https://jinrai.co.jp/blog/case/case-insurance-agency/:no_form | https://jinrai.co.jp/contact/:no_form | https://jinrai.co.jp/contact/:no_form | https://jinrai.co.jp/contact/:no_form | https://jinrai.co.jp/contact/:no_form | https://jinrai.co.jp/contact/:no_form,,unresolved,browser_general_form_unconfirmed,https://jinrai.co.jp/contact/:browser_no_form | https://jinrai.co.jp/contact/:browser_no_form | https://jinrai.co.jp/contact/:browser_no_form | https://jinrai.co.jp/contact/:browser_no_form | https://jinrai.co.jp/contact/:browser_no_form | https://jinrai.co.jp/en/contact/:browser_no_form | https://jinrai.co.jp/blog/news/contact-form-restoration-notice/:browser_no_form | https://jinrai.co.jp/contact/:browser_no_form | https://jinrai.co.jp/contact/:browser_no_form | https://jinrai.co.jp/contact/:browser_no_form | https://jinrai.co.jp/contact/:browser_no_form | https://jinrai.co.jp/contact/:browser_no_form | https://jinrai.co.jp/blog/case/case-insurance-agency/:browser_no_form | https://jinrai.co.jp/contact/:browser_no_form | https://jinrai.co.jp/contact/:browser_no_form | https://jinrai.co.jp/contact/:browser_no_form | https://jinrai.co.jp/contact/:browser_no_form | https://jinrai.co.jp/contact/:browser_no_form
