company_name,url,address,phone,maps_url,area_hint,query
この簡易版検索結果ページについて,https://support.yahoo-net.jp/PccSearch/s/article/H000011627,,,,北海道,北海道 Instagramコンサルティング会社 -おすすめ -比較 -ランキング -求人 -まとめ
事業紹介,https://migi-agari.co.jp/business/,,,,北海道,北海道 Instagramコンサルティング会社 -おすすめ -比較 -ランキング -求人 -まとめ
お問合せ,http://www.a-agent.net/mail/,,,,北海道,北海道 Instagramコンサルティング会社 -おすすめ -比較 -ランキング -求人 -まとめ
【業務委託】SNS用動画撮影クリエイター / 株式 会社 レボルト,https://open.talentio.com/r/1/c/revoltjapan/pages/126129,,,,北海道,北海道 Instagramコンサルティング会社 -おすすめ -比較 -ランキング -求人 -まとめ
SNS運用代行・SNSマーケティング支援,https://gainet.biz/sns/,,,,北海道,北海道 Instagramコンサルティング会社 -おすすめ -比較 -ランキング -求人 -まとめ
AI/DX戦略 コンサル ・ソフトウェア開発・IT教育,https://aimllc2024.com/services/,,,,北海道,北海道 Instagramコンサルティング会社 -おすすめ -比較 -ランキング -求人 -まとめ
プライバシーポリシー,https://www.lycorp.co.jp/ja/company/privacypolicy/,,,,北海道,北海道 Instagramコンサルティング会社 -おすすめ -比較 -ランキング -求人 -まとめ
プライバシーセンター,https://privacy.lycorp.co.jp/ja/,,,,北海道,北海道 Instagramコンサルティング会社 -おすすめ -比較 -ランキング -求人 -まとめ
検索結果への広告掲載,https://www.lycbiz.com/jp/service/yahoo-ads/search_results,,,,北海道,北海道 Instagramコンサルティング会社 -おすすめ -比較 -ランキング -求人 -まとめ
COMPANY 企業情報,https://eggcreation.jp/company/,,,,北海道,北海道 TikTokコンサルティング会社 -おすすめ -比較 -ランキング -求人 -まとめ
株式 会社 ショートムービー 代表取締役・米田侑弘さん,https://hokkaidotimes.jp/company-interview/1497/,,,,北海道,北海道 TikTokコンサルティング会社 -おすすめ -比較 -ランキング -求人 -まとめ
株式 会社 MIRUS — SNS運用 ・映像制作・インフルエンサー ...,https://mirus-hokkaido.jp/,,,,北海道,北海道 SNS撮影運用代行会社 -おすすめ -比較 -ランキング -求人 -まとめ
SNS運用代行,https://lstyle-group.com/service/sns/,,,,北海道,北海道 SNS撮影運用代行会社 -おすすめ -比較 -ランキング -求人 -まとめ
SNS 動画制作・ SNS 映像制作なら株式 会社 リアクター,https://reactor.jp/reactorsns/,,,,北海道,北海道 SNS撮影運用代行会社 -おすすめ -比較 -ランキング -求人 -まとめ
北海道 ・札幌・富良野・倶知安でのマーケティング支援ならクウカン,https://kukanhokkaido.co.jp/marketing-solution/,,,,北海道,北海道 SNS撮影運用代行会社 -おすすめ -比較 -ランキング -求人 -まとめ
北海道 で心を動かす SNS運用,https://hokkaido-sns.com/,,,,北海道,北海道 SNS撮影運用代行会社 -おすすめ -比較 -ランキング -求人 -まとめ
shijimi株式 会社 は,https://shijimi.site/,,,,北海道,北海道 リール動画運用代行会社 -おすすめ -比較 -ランキング -求人 -まとめ
株式 会社 HAREBUTAI予約サイト,https://reserva.be/hrbutai66/about,,,,北海道,北海道 リール動画運用代行会社 -おすすめ -比較 -ランキング -求人 -まとめ
北海道 ・札幌のインスタ・SNS 運用 ならタグネクスト,https://tagnext.jp/%E3%83%88%E3%83%83%E3%83%97%E3%83%9A%E3%83%BC%E3%82%B8/,,,,北海道,北海道 リール動画運用代行会社 -おすすめ -比較 -ランキング -求人 -まとめ
会社 案内・代表挨拶・制作体制,https://monocyte.co.jp/about,,,,北海道,北海道 リール動画運用代行会社 -おすすめ -比較 -ランキング -求人 -まとめ
旭川の法人向け映像制作／企業プロモ・採用・SNSショート 動画,https://tdcnexus.com/movie/,,,,北海道,北海道 リール動画運用代行会社 -おすすめ -比較 -ランキング -求人 -まとめ
札幌 SNS 運用代行 のキングプロテアが自社メディアを始動--札幌の ...,https://www.mapion.co.jp/smp/news/release/dn0000349344-all/,,,,北海道,北海道 リール動画運用代行会社 -おすすめ -比較 -ランキング -求人 -まとめ
SNS運用代行,https://shihouyoshi.jp/service/sns/,,,,青森県,青森県 TikTokコンサルティング会社 -おすすめ -比較 -ランキング -求人 -まとめ
ファイナンシャルプランナーによる資金相談,https://yamano-archi.com/financial_planner/,,,,青森県,青森県 TikTokコンサルティング会社 -おすすめ -比較 -ランキング -求人 -まとめ
株式 会社 MK コンサルティング の不動産 会社 情報,https://www.rakumachi.jp/property/realtor/cQ5Nbh8gg0g%253D,,,,青森県,青森県 TikTokコンサルティング会社 -おすすめ -比較 -ランキング -求人 -まとめ
仕事も人生も、 青森 で再設計。3人の女性が語るUIターンの選択 ...,https://colocal.jp/topics/lifestyle/local/20260219_174800.html,,,,青森県,青森県 TikTokコンサルティング会社 -おすすめ -比較 -ランキング -求人 -まとめ
社労士 青 森,https://www.sr-aomori.info/pdf/kaihou149.pdf,,,,青森県,青森県 TikTokコンサルティング会社 -おすすめ -比較 -ランキング -求人 -まとめ
〈東京都渋谷区〉株式 会社 メディアエイド,https://app.vachanavi.com/articles/mediaaid,,,,青森県,青森県 TikTokコンサルティング会社 -おすすめ -比較 -ランキング -求人 -まとめ
株式 会社 Thirdkey,https://biz-maps.com/item/D0YLXByVY9,,,,青森県,青森県 TikTokコンサルティング会社 -おすすめ -比較 -ランキング -求人 -まとめ
会社 概要,https://tonamic.net/company-overview/,,,,青森県,青森県 Instagramコンサルティング会社 -おすすめ -比較 -ランキング -求人 -まとめ
青森県 令和6年度「県内事業者のデジタルマーケティング活用状況 ...,https://www.toppan-colorer.co.jp/topics/news20250424-01,,,,青森県,青森県 Instagramコンサルティング会社 -おすすめ -比較 -ランキング -求人 -まとめ
株式 会社 Arte – 一般社団法人 SNS運用代行 協会,https://sns-agency.jp/%E6%A0%AA%E5%BC%8F%E4%BC%9A%E7%A4%BEarte/,,,,青森県,青森県 SNS撮影運用代行会社 -おすすめ -比較 -ランキング -求人 -まとめ
【開催終了】 SNS ×AI活用セミナーを開催しました！,https://www.pref.aomori.lg.jp/soshiki/sangyo/chikikigyo/r8_digitalmarketing_seminar_00.html,,,,青森県,青森県 SNS撮影運用代行会社 -おすすめ -比較 -ランキング -求人 -まとめ
講師,https://www.cgc-akita.or.jp/cms/wp-content/uploads/2024/09/R%EF%BC%96%E3%83%AA%E3%83%BC%E3%83%95%E3%83%AC%E3%83%83%E3%83%88.pdf,,,,青森県,青森県 SNS撮影運用代行会社 -おすすめ -比較 -ランキング -求人 -まとめ
SNS撮影 協力,https://family-romance.com/service/sns-extra/,,,,青森県,青森県 SNS撮影運用代行会社 -おすすめ -比較 -ランキング -求人 -まとめ
SNS 動画 制作・ 運用代行 の依頼Fムービーにおまかせ,https://fine-production.jp/video_production/lp5/,,,,青森県,青森県 リール動画運用代行会社 -おすすめ -比較 -ランキング -求人 -まとめ
SNS広告 運用 ・デジタルプロモーション,https://humanlink.biz/sns/,,,,青森県,青森県 リール動画運用代行会社 -おすすめ -比較 -ランキング -求人 -まとめ
アベヤスの インスタ グラムを開設しました,https://www.abeyasu.co.jp/%E3%82%A2%E3%83%99%E3%83%A4%E3%82%B9%E3%81%AE%E3%82%A4%E3%83%B3%E3%82%B9%E3%82%BF%E3%82%B0%E3%83%A9%E3%83%A0%E3%82%92%E9%96%8B%E8%A8%AD%E3%81%97%E3%81%BE%E3%81%97%E3%81%9F/,,,,岩手県,岩手県 Instagramコンサルティング会社 -おすすめ -比較 -ランキング -求人 -まとめ
Link to the future,https://smappon.jp/zydugcf6,,,,岩手県,岩手県 Instagramコンサルティング会社 -おすすめ -比較 -ランキング -求人 -まとめ
岩手県 でSEO対策に強いウェブマーケティング 会社 ならオーパス ...,https://opus-plan.net/area/iwate/,,,,岩手県,岩手県 Instagramコンサルティング会社 -おすすめ -比較 -ランキング -求人 -まとめ
第2回キャンプ場 インスタ グラム活用集客セミナー（オンライン ...,https://www.autocamp.or.jp/post-12872/,,,,岩手県,岩手県 Instagramコンサルティング会社 -おすすめ -比較 -ランキング -求人 -まとめ
株式 会社 KONDA,https://nailsalon-support.com/,,,,岩手県,岩手県 Instagramコンサルティング会社 -おすすめ -比較 -ランキング -求人 -まとめ
「第 6 回 FINE⁺東北 Instagram フォトコンテスト」の ...,https://www.yamagatabank.co.jp/release/pdf/3212.pdf,,,,岩手県,岩手県 Instagramコンサルティング会社 -おすすめ -比較 -ランキング -求人 -まとめ
いわてのおしごと本 2026年版,https://www.menkoi-tv.co.jp/oshigoto/,,,,岩手県,岩手県 TikTokコンサルティング会社 -おすすめ -比較 -ランキング -求人 -まとめ
Green Carbon株式 会社 はネイチャーベースのJ-クレジット創出に ...,http://green-carbon.co.jp/iwateginkou/,,,,岩手県,岩手県 TikTokコンサルティング会社 -おすすめ -比較 -ランキング -求人 -まとめ
Yanagihara Kento,https://jp.linkedin.com/in/yanagihara-kento-216357317,,,,岩手県,岩手県 TikTokコンサルティング会社 -おすすめ -比較 -ランキング -求人 -まとめ
カタリバ,https://www.katariba.or.jp/wp-content/themes/katariba2019/pdf/ar2019.pdf,,,,岩手県,岩手県 TikTokコンサルティング会社 -おすすめ -比較 -ランキング -求人 -まとめ
SNS運用 ・WEB広告,https://www.ni-connect.co.jp/service/snsweb/,,,,岩手県,岩手県 SNS撮影運用代行会社 -おすすめ -比較 -ランキング -求人 -まとめ
事業者向け SNS 活用セミナー「最新の SNS 動向と動画コンテンツの ...,https://ib-takizawa.jp/event/473/,,,,岩手県,岩手県 SNS撮影運用代行会社 -おすすめ -比較 -ランキング -求人 -まとめ
etel,https://minpaku.reinn.jp/agency/etel,,,,岩手県,岩手県 SNS撮影運用代行会社 -おすすめ -比較 -ランキング -求人 -まとめ
花巻のWEB制作・ 動画 制作・SNS 運用,https://belion.online/digital/,,,,岩手県,岩手県 リール動画運用代行会社 -おすすめ -比較 -ランキング -求人 -まとめ
iii株式 会社,https://iii-k.co.jp/,,,,宮城県,宮城県 TikTokコンサルティング会社 -おすすめ -比較 -ランキング -求人 -まとめ
カイカ,https://www.kai-ka.jp/,,,,宮城県,宮城県 TikTokコンサルティング会社 -おすすめ -比較 -ランキング -求人 -まとめ
TikTok を伸ばして収益を得ませんか？【完全無償です】,https://cinepu.com/cast/7lfAqApFAS/,,,,宮城県,宮城県 TikTokコンサルティング会社 -おすすめ -比較 -ランキング -求人 -まとめ
会社 情報,https://betrading.jp/companyinfo/,,,,宮城県,宮城県 TikTokコンサルティング会社 -おすすめ -比較 -ランキング -求人 -まとめ
#ｷﾞｮｰﾚﾂｸﾞﾗﾑ,https://www.0neway.com/,,,,宮城県,宮城県 Instagramコンサルティング会社 -おすすめ -比較 -ランキング -求人 -まとめ
SNS,https://rifumatsu.or.jp/wp-content/uploads/2024/05/%E5%88%A5%E6%B7%BB%EF%BC%93-SNS%E6%B4%BB%E7%94%A8%E3%82%BB%E3%83%9F%E3%83%8A%E3%83%BC%EF%BC%886.19%E6%B0%B4%E9%96%8B%E5%82%AC%EF%BC%89%EF%BC%88PDF%EF%BC%89.pdf,,,,宮城県,宮城県 Instagramコンサルティング会社 -おすすめ -比較 -ランキング -求人 -まとめ
Instagram で物件紹介！！,https://www.takkan.co.jp/-aaa/,,,,宮城県,宮城県 Instagramコンサルティング会社 -おすすめ -比較 -ランキング -求人 -まとめ
株式 会社 トリガー コンサルティング （ 宮城県 ）の企業情報・プレス ...,https://www.innovations-i.com/is/20022.html,,,,宮城県,宮城県 Instagramコンサルティング会社 -おすすめ -比較 -ランキング -求人 -まとめ
株式 会社 リオ・ コンサルティング のレンタルスペース・貸し会議室,https://www.instabase.jp/owners/1426620886,,,,宮城県,宮城県 Instagramコンサルティング会社 -おすすめ -比較 -ランキング -求人 -まとめ
SNSの力で地方企業の価値を未来へ――SNSの右腕が描く地域 ...,https://kei-do.com/interview2/02737/,,,,宮城県,宮城県 Instagramコンサルティング会社 -おすすめ -比較 -ランキング -求人 -まとめ
Instagram 運用代行,https://insta.master-plan.co.jp/,,,,宮城県,宮城県 リール動画運用代行会社 -おすすめ -比較 -ランキング -求人 -まとめ
仙台の 動画 制作,https://sendai.beak-promo.jp/solution/video/,,,,宮城県,宮城県 リール動画運用代行会社 -おすすめ -比較 -ランキング -求人 -まとめ
仙台N美容クリニック_SNS,https://unihack.jp/work/%E4%BB%99%E5%8F%B0n%E7%BE%8E%E5%AE%B9%E3%82%AF%E3%83%AA%E3%83%8B%E3%83%83%E3%82%AF_sns/,,,,宮城県,宮城県 リール動画運用代行会社 -おすすめ -比較 -ランキング -求人 -まとめ
商工会活用術 金融編,https://www.m-sensci.or.jp/katsuyou/kinyu_oto.html,,,,宮城県,宮城県 リール動画運用代行会社 -おすすめ -比較 -ランキング -求人 -まとめ
&life's,https://www.andlifes.co.jp/,,,,宮城県,宮城県 SNS撮影運用代行会社 -おすすめ -比較 -ランキング -求人 -まとめ
仙台 SNS運用 会社 として注目のキングプロテアが本格サービス提供 ...,https://www.dreamnews.jp/press/0000350857,,,,宮城県,宮城県 SNS撮影運用代行会社 -おすすめ -比較 -ランキング -求人 -まとめ
株式 会社 MakeBoom,https://www.foriio.com/makeboom,,,,宮城県,宮城県 SNS撮影運用代行会社 -おすすめ -比較 -ランキング -求人 -まとめ
東北のSNSマーケティングのプロチーム,https://chazzsns.com/,,,,秋田県,秋田県 Instagramコンサルティング会社 -おすすめ -比較 -ランキング -求人 -まとめ
M-s Lab,https://www.zehitomo.com/profile/%E4%BD%90%E3%80%85%E6%9C%A8-%E6%AD%A3%E6%A8%B9-u7Y_Erxvp/pro,,,,秋田県,秋田県 Instagramコンサルティング会社 -おすすめ -比較 -ランキング -求人 -まとめ
【 秋田県 × eiicon company】秋田4エリアをデジタル技術で&#8221 ...,https://www.persol-innovation.co.jp/news/2022-1206-5,,,,秋田県,秋田県 TikTokコンサルティング会社 -おすすめ -比較 -ランキング -求人 -まとめ
株式 会社 ハイブリッジマネジメント – あらゆるギャップとの架け橋 ...,https://high-bridge.co.jp/,,,,秋田県,秋田県 TikTokコンサルティング会社 -おすすめ -比較 -ランキング -求人 -まとめ
認定SEOコンサルタント：黒澤 沙織,https://www.ajsa-seo.org/kurosawasaori/,,,,秋田県,秋田県 TikTokコンサルティング会社 -おすすめ -比較 -ランキング -求人 -まとめ
SNS ・動画 運用代行 サービス: 株式 会社 ネクシス,https://nexis-sns.com/,,,,秋田県,秋田県 SNS撮影運用代行会社 -おすすめ -比較 -ランキング -求人 -まとめ
ゆるぐクリエイト,https://yurugu.jp/,,,,秋田県,秋田県 SNS撮影運用代行会社 -おすすめ -比較 -ランキング -求人 -まとめ
SNS キャンペーン・ SNS 広告・ 運用代行 は【TOPPANクロレ ...,https://www.uniworx.co.jp/sns-marketing,,,,秋田県,秋田県 SNS撮影運用代行会社 -おすすめ -比較 -ランキング -求人 -まとめ
企業情報,https://home-play-ful.jp/company/,,,,秋田県,秋田県 SNS撮影運用代行会社 -おすすめ -比較 -ランキング -求人 -まとめ
SERVICE,https://circularthanks.com/services/,,,,山形県,山形県 Instagramコンサルティング会社 -おすすめ -比較 -ランキング -求人 -まとめ
過去の研修実績（～2024年）,https://icpconsul.jimdofree.com/%E3%83%9B%E3%83%BC%E3%83%A0-1/%E9%81%8E%E5%8E%BB%E3%81%AE%E7%A0%94%E4%BF%AE%E5%AE%9F%E7%B8%BE/,,,,山形県,山形県 Instagramコンサルティング会社 -おすすめ -比較 -ランキング -求人 -まとめ
山形 の税理士,https://inouekaikei-cpa.com/,,,,山形県,山形県 Instagramコンサルティング会社 -おすすめ -比較 -ランキング -求人 -まとめ
山形県 宅建協会で講師を務めました。,https://www.kconsulting.co.jp/information/3444,,,,山形県,山形県 Instagramコンサルティング会社 -おすすめ -比較 -ランキング -求人 -まとめ
(株)高田地研の2027年度 会社 概要,https://job.mynavi.jp/28/pc/search/corp207342/outline.html,,,,山形県,山形県 TikTokコンサルティング会社 -おすすめ -比較 -ランキング -求人 -まとめ
山形県 山形市のSNSマーケティング: 株式 会社 ARISEARISE,https://www.arise-y.com/,,,,山形県,山形県 TikTokコンサルティング会社 -おすすめ -比較 -ランキング -求人 -まとめ
コンサルタントや講習会,https://bskplanning.jp/consultant-2,,,,山形県,山形県 TikTokコンサルティング会社 -おすすめ -比較 -ランキング -求人 -まとめ
狩野高光（かの たかみつ） 店舗 コンサル ・プロデュース・食育,https://koremane.com/member/kanotakamitu/,,,,山形県,山形県 TikTokコンサルティング会社 -おすすめ -比較 -ランキング -求人 -まとめ
一社)ヤマガタアスリートラボ（ 山形県 ）,https://r-body.com/cases/12429/,,,,山形県,山形県 TikTokコンサルティング会社 -おすすめ -比較 -ランキング -求人 -まとめ
山形 の SNS運用代行 はサーキュラーサンクス,https://yamagatasns.studio.site/,,,,山形県,山形県 SNS撮影運用代行会社 -おすすめ -比較 -ランキング -求人 -まとめ
HinomeSNS 運用代行,https://service.hinome.app/hinome-daikou,,,,山形県,山形県 SNS撮影運用代行会社 -おすすめ -比較 -ランキング -求人 -まとめ
SNS運用,https://www.screen-anjo.com/sns,,,,山形県,山形県 SNS撮影運用代行会社 -おすすめ -比較 -ランキング -求人 -まとめ
山形県 の SNS マーケティングなら「MSBY（ムスビー）」,https://msby.work/,,,,山形県,山形県 SNS撮影運用代行会社 -おすすめ -比較 -ランキング -求人 -まとめ
ベトナムの SNS マーケティング・ SNS運用 ならアビリブベトナム,https://www.abilive.vn/service/sns/,,,,山形県,山形県 SNS撮影運用代行会社 -おすすめ -比較 -ランキング -求人 -まとめ
山形 県政150周年記念『真 山形 』Instagramハッシュタグ＃投稿 ...,https://www.pref.yamagata.jp/020026/150anniversary/150instagram.html,,,,山形県,山形県 リール動画運用代行会社 -おすすめ -比較 -ランキング -求人 -まとめ
コンサルタント紹介,https://www.fsrt.jp/consultant,,,,福島県,福島県 Instagramコンサルティング会社 -おすすめ -比較 -ランキング -求人 -まとめ
【いわき】 インスタ グラマーに学ぶ販路開拓セミナー（2018/11/27 ...,https://keiei.do-fukushima.or.jp/seminar/2018instagram.html,,,,福島県,福島県 Instagramコンサルティング会社 -おすすめ -比較 -ランキング -求人 -まとめ
アアルト コンサルティング,https://showcase.studio.design/ja/website/aalto-consulting,,,,福島県,福島県 Instagramコンサルティング会社 -おすすめ -比較 -ランキング -求人 -まとめ
会社 概要,https://hnsv.co.jp/company01.html,,,,福島県,福島県 Instagramコンサルティング会社 -おすすめ -比較 -ランキング -求人 -まとめ
TikTok で日本ブランドを世界へ。地方創生を動かすプロデューサー,https://listen-web.com/story/yamashita-tomohiro,,,,福島県,福島県 TikTokコンサルティング会社 -おすすめ -比較 -ランキング -求人 -まとめ
衆議院小選挙区選出議員選挙選挙公報,https://www.pref.fukushima.lg.jp/uploaded/attachment/724626.pdf,,,,福島県,福島県 TikTokコンサルティング会社 -おすすめ -比較 -ランキング -求人 -まとめ
SGMアクティブライフ コンサルティング,https://curama.jp/771336343/,,,,福島県,福島県 TikTokコンサルティング会社 -おすすめ -比較 -ランキング -求人 -まとめ
事業案内 – ネット通販・ECサイト制作・ TikTok Shop運用販売 ...,https://skb-pure.com/service/,,,,福島県,福島県 TikTokコンサルティング会社 -おすすめ -比較 -ランキング -求人 -まとめ
浜通り地域 フォトスポット 撮影 ・写真納品,https://tokyocameraclub.com/localgov/project044.php,,,,福島県,福島県 SNS撮影運用代行会社 -おすすめ -比較 -ランキング -求人 -まとめ
STARS TECH,https://stars-tech.jp/media-lp/,,,,福島県,福島県 SNS撮影運用代行会社 -おすすめ -比較 -ランキング -求人 -まとめ
縦型 ショート ドラマ制作サービス【タテカチ】,https://tatekachi.com/,,,,福島県,福島県 リール動画運用代行会社 -おすすめ -比較 -ランキング -求人 -まとめ
自分の得意を増やそう！ 多様な働き方・再就職に役立つ ...,https://www.city.fukushima.fukushima.jp/material/files/group/3/2025-07-15-3.pdf,,,,福島県,福島県 リール動画運用代行会社 -おすすめ -比較 -ランキング -求人 -まとめ
【開催報告】自分の得意を増やそう！多様な働き方・再就職に ...,https://tenten-f.info/event/5313/,,,,福島県,福島県 リール動画運用代行会社 -おすすめ -比較 -ランキング -求人 -まとめ
Instagramのフィード投稿の作成や リール の作成をしました ...,https://www.lancers.jp/profile/eri_083/portfolio_popup/716811?srsltid=AfmBOoqcnU1c6sXuF2HPxwjECV20Y0YCrGexr7VqYmRAS6uglDgnuv9a,,,,福島県,福島県 リール動画運用代行会社 -おすすめ -比較 -ランキング -求人 -まとめ
写真コンテスト,https://www.vill.otama.fukushima.jp/kankou_shiseki/photocontest/,,,,福島県,福島県 リール動画運用代行会社 -おすすめ -比較 -ランキング -求人 -まとめ
Instagram を活用した販路開拓セミナー,https://jairo.co.jp/reports/16943/,,,,茨城県,茨城県 Instagramコンサルティング会社 -おすすめ -比較 -ランキング -求人 -まとめ
お問い合わせ,https://ushioda-consults.com/contact/,,,,茨城県,茨城県 Instagramコンサルティング会社 -おすすめ -比較 -ランキング -求人 -まとめ
コンサルティング 事業（Consulting）のご相談は、 茨城県 日立市,https://www.emmagination.jp/consulting/,,,,茨城県,茨城県 Instagramコンサルティング会社 -おすすめ -比較 -ランキング -求人 -まとめ
いいとこ発信隊5期生大募集,https://www.city.hitachinaka.lg.jp/hitachinakalife/l_iitoko/1015378/1015382.html,,,,茨城県,茨城県 Instagramコンサルティング会社 -おすすめ -比較 -ランキング -求人 -まとめ
リンク,https://i-takken.or.jp/about/link,,,,茨城県,茨城県 Instagramコンサルティング会社 -おすすめ -比較 -ランキング -求人 -まとめ
TikTok 、京都市と共催で地域企業向けショート動画活用 ...,https://www.jt-tsushin.jp/articles/event/platform-tiktok-20241107,,,,茨城県,茨城県 TikTokコンサルティング会社 -おすすめ -比較 -ランキング -求人 -まとめ
印刷物 / SNS運用代行 / イベント企画・運営,https://gaben.co.jp/pop_sns_event/,,,,茨城県,茨城県 TikTokコンサルティング会社 -おすすめ -比較 -ランキング -求人 -まとめ
コンサルティング,https://waninaru-project.com/business-consulting/,,,,茨城県,茨城県 TikTokコンサルティング会社 -おすすめ -比較 -ランキング -求人 -まとめ
コンサルティング （集客・販促）,https://www.hypermedia-marketing.com/consulting/,,,,茨城県,茨城県 TikTokコンサルティング会社 -おすすめ -比較 -ランキング -求人 -まとめ
SNS 事業,https://essence-lab.jp/business/sns.html,,,,茨城県,茨城県 SNS撮影運用代行会社 -おすすめ -比較 -ランキング -求人 -まとめ
COMPANY,https://www.headroom.jp/company/,,,,茨城県,茨城県 SNS撮影運用代行会社 -おすすめ -比較 -ランキング -求人 -まとめ
【栃木県小山市】田村写真館様「年間宣伝費の管理,https://www.akebono-print.co.jp/case/tenshinomori/,,,,茨城県,茨城県 SNS撮影運用代行会社 -おすすめ -比較 -ランキング -求人 -まとめ
Youtube動画制作・ 運用代行,https://seikohsya.co.jp/service/youtube/,,,,茨城県,茨城県 SNS撮影運用代行会社 -おすすめ -比較 -ランキング -求人 -まとめ
会社 概要-東京・福岡・大阪のパンフレット制作xWEB制作x 動画 制作 ...,https://artandasahi.co.jp/history.html,,,,茨城県,茨城県 リール動画運用代行会社 -おすすめ -比較 -ランキング -求人 -まとめ
Instagram 集客の注意点,https://tetsukabiz.com/archives/7368,,,,栃木県,栃木県 Instagramコンサルティング会社 -おすすめ -比較 -ランキング -求人 -まとめ
WEBマーケティング,https://angel-holdings.com/service/web-marketing/,,,,栃木県,栃木県 TikTokコンサルティング会社 -おすすめ -比較 -ランキング -求人 -まとめ
コンサルティング 業×東京都×その他条件のM&A・事業承継,https://batonz.jp/sell_cases/bk_3200000/bk_3203006/pref_15/?transfer_value_ranges%5B%5D=20m_30m,,,,栃木県,栃木県 TikTokコンサルティング会社 -おすすめ -比較 -ランキング -求人 -まとめ
栃木県でSNS運用代行・ホームページ制作にお困り ...,https://ryoshitu-webline.com/sns,,,,栃木県,栃木県 SNS撮影運用代行会社 -おすすめ -比較 -ランキング -求人 -まとめ
サービス,https://curiver.com/service/,,,,栃木県,栃木県 SNS撮影運用代行会社 -おすすめ -比較 -ランキング -求人 -まとめ
溝口みき,https://pochiplus.com/,,,,栃木県,栃木県 SNS撮影運用代行会社 -おすすめ -比較 -ランキング -求人 -まとめ
映像、SNSを活用した認知拡大 黒﨑 諒,https://www.u-agrinet.jp/member/574,,,,栃木県,栃木県 リール動画運用代行会社 -おすすめ -比較 -ランキング -求人 -まとめ
たあまな,https://www.localink.co.jp/influencer/taamana/,,,,栃木県,栃木県 リール動画運用代行会社 -おすすめ -比較 -ランキング -求人 -まとめ
SNSマーケティング事業,http://sunlion-llc.com/?page_id=23,,,,群馬県,群馬県 Instagramコンサルティング会社 -おすすめ -比較 -ランキング -求人 -まとめ
CONSULTING,https://plaisir2004.jp/consulting/,,,,群馬県,群馬県 Instagramコンサルティング会社 -おすすめ -比較 -ランキング -求人 -まとめ
只今お客様の声レポート準備中です,https://improve-consulting-team.com/real-voice/%E5%A3%B2%E3%82%8A%E4%B8%8A%E3%81%92%E3%81%8C%E3%81%8A%E9%A1%98%E3%81%84%E3%81%97%E3%81%9F%E5%88%9D%E6%9C%88%E3%81%8B%E3%82%89%E3%81%84%E3%81%8D%E3%81%AA%E3%82%8A100%E4%B8%87%E3%82%A2%E3%83%83-4/,,,,群馬県,群馬県 TikTokコンサルティング会社 -おすすめ -比較 -ランキング -求人 -まとめ
湯けむりフォーラム企画,https://www.pref.gunma.jp/uploaded/life/611987_617077_misc.pdf,,,,群馬県,群馬県 TikTokコンサルティング会社 -おすすめ -比較 -ランキング -求人 -まとめ
企業情報,https://t2c-inc.com/company/,,,,群馬県,群馬県 TikTokコンサルティング会社 -おすすめ -比較 -ランキング -求人 -まとめ
SNS運用代行 は、 撮影 やバナー制作だけ依頼することもできますか？,https://connect-design.biz/news/sns%E9%81%8B%E7%94%A8%E4%BB%A3%E8%A1%8C%E3%81%AF%E3%80%81%E6%92%AE%E5%BD%B1%E3%82%84%E3%83%90%E3%83%8A%E3%83%BC%E5%88%B6%E4%BD%9C%E3%81%A0%E3%81%91%E4%BE%9D%E9%A0%BC%E3%81%99%E3%82%8B%E3%81%93/,,,,群馬県,群馬県 SNS撮影運用代行会社 -おすすめ -比較 -ランキング -求人 -まとめ
【 群馬県 出張カメラマン 撮影代行 サービス】企業・法人・事業者 ...,https://photography.idea-ep.com/,,,,群馬県,群馬県 SNS撮影運用代行会社 -おすすめ -比較 -ランキング -求人 -まとめ
群馬 のホームページ制作 会社 ​プラスモーションスタジオ,https://www.plusmotion.net/websitedesign,,,,群馬県,群馬県 SNS撮影運用代行会社 -おすすめ -比較 -ランキング -求人 -まとめ
サービス内容,https://kokohareru-film.com/service/,,,,群馬県,群馬県 SNS撮影運用代行会社 -おすすめ -比較 -ランキング -求人 -まとめ
サービス紹介,https://www.d-ic.com/service,,,,群馬県,群馬県 SNS撮影運用代行会社 -おすすめ -比較 -ランキング -求人 -まとめ
サービス,https://miali.co.jp/services/,,,,群馬県,群馬県 リール動画運用代行会社 -おすすめ -比較 -ランキング -求人 -まとめ
SNS運用（X、 Instagram ）をはじめました。,https://okita-office.com/news/sns%E9%81%8B%E7%94%A8%EF%BC%88x%E3%80%81instagram%EF%BC%89%E3%82%92%E3%81%AF%E3%81%98%E3%82%81%E3%81%BE%E3%81%97%E3%81%9F%E3%80%82/,,,,埼玉県,埼玉県 Instagramコンサルティング会社 -おすすめ -比較 -ランキング -求人 -まとめ
地域デザインラボ さいたま の Instagram 公式アカウント開設について,https://www.resona-gr.co.jp/holdings/news/newsrelease/detail/20220628_2600.html,,,,埼玉県,埼玉県 Instagramコンサルティング会社 -おすすめ -比較 -ランキング -求人 -まとめ
サービス案内,https://www.glowbera.jp/?page_id=9,,,,埼玉県,埼玉県 Instagramコンサルティング会社 -おすすめ -比較 -ランキング -求人 -まとめ
かめい経営研究所,https://kamei-mgmt-labo.jp/,,,,埼玉県,埼玉県 Instagramコンサルティング会社 -おすすめ -比較 -ランキング -求人 -まとめ
会社 概要,https://mediad.jp/%E4%BC%9A%E7%A4%BE%E6%A6%82%E8%A6%81/,,,,埼玉県,埼玉県 TikTokコンサルティング会社 -おすすめ -比較 -ランキング -求人 -まとめ
埼玉県 /Marche Dor公式アンバサダー TikTok 厳選クリエイター 青木 ...,https://bolides.co.jp/marche-dor-ambassador-vol-10/,,,,埼玉県,埼玉県 TikTokコンサルティング会社 -おすすめ -比較 -ランキング -求人 -まとめ
さいたまコンサルティング,https://ictbrain.net/,,,,埼玉県,埼玉県 TikTokコンサルティング会社 -おすすめ -比較 -ランキング -求人 -まとめ
SERVICE,https://kanagu-inc.jp/service/,,,,埼玉県,埼玉県 SNS撮影運用代行会社 -おすすめ -比較 -ランキング -求人 -まとめ
nao,https://snaplace.biz/nao/,,,,埼玉県,埼玉県 SNS撮影運用代行会社 -おすすめ -比較 -ランキング -求人 -まとめ
MetaGate株式 会社 の共創プロフィール,https://auba.eiicon.net/projects/33729,,,,埼玉県,埼玉県 SNS撮影運用代行会社 -おすすめ -比較 -ランキング -求人 -まとめ
COMPANY,https://force-behind.com/company/,,,,埼玉県,埼玉県 SNS撮影運用代行会社 -おすすめ -比較 -ランキング -求人 -まとめ
Service,https://funny-creat.com/services/,,,,埼玉県,埼玉県 リール動画運用代行会社 -おすすめ -比較 -ランキング -求人 -まとめ
価格,https://wca11.net/price/,,,,埼玉県,埼玉県 リール動画運用代行会社 -おすすめ -比較 -ランキング -求人 -まとめ
インスタグラム初級セミナー,https://resona-kawagoebase-plus.com/events/event-20260212/,,,,埼玉県,埼玉県 リール動画運用代行会社 -おすすめ -比較 -ランキング -求人 -まとめ
最新情報と楽曲制作のお知らせ,https://originalpv.com/news/,,,,埼玉県,埼玉県 リール動画運用代行会社 -おすすめ -比較 -ランキング -求人 -まとめ
動画 ・映像制作の企画書・企画提案書を無料で作成いたします,https://sheepluck.com/proposal-free/,,,,埼玉県,埼玉県 リール動画運用代行会社 -おすすめ -比較 -ランキング -求人 -まとめ
サービス紹介,https://www.infinity-group.co.jp/service/,,,,千葉県,千葉県 TikTokコンサルティング会社 -おすすめ -比較 -ランキング -求人 -まとめ
SNSマーケティング事業のLP,https://liberadiant-webpartner.com/sns%E3%83%9E%E3%83%BC%E3%82%B1%E3%83%86%E3%82%A3%E3%83%B3%E3%82%B0%E4%BA%8B%E6%A5%AD%E3%81%AElp/,,,,千葉県,千葉県 TikTokコンサルティング会社 -おすすめ -比較 -ランキング -求人 -まとめ
TikTok EC プラットフォーム ブランドサービスパートナー,https://www.beegogroup.com/docs/ja.pdf,,,,千葉県,千葉県 TikTokコンサルティング会社 -おすすめ -比較 -ランキング -求人 -まとめ
チバテレ稼ぐ力養成講座 講座会員活用事例インタビュー,https://www.chiba-tv.com/bizseminar/customer_voice.html,,,,千葉県,千葉県 TikTokコンサルティング会社 -おすすめ -比較 -ランキング -求人 -まとめ
高品ハウジング 公式 インスタ グラム開設のお知らせ,https://www.takashinahousing.com/pages/268/,,,,千葉県,千葉県 Instagramコンサルティング会社 -おすすめ -比較 -ランキング -求人 -まとめ
株式 会社 IXMILE,https://ixmile.jp/2024/07/08/%E6%A0%AA%E5%BC%8F%E4%BC%9A%E7%A4%BEainak%E3%81%A8%E3%81%AE%E9%80%A3%E6%90%BA%E9%96%8B%E5%A7%8B/,,,,千葉県,千葉県 Instagramコンサルティング会社 -おすすめ -比較 -ランキング -求人 -まとめ
2027年新卒採用就活サイト NK コンサルティング 株式 会社 について,https://www.nk-consul.co.jp/recruit_new/company.html,,,,千葉県,千葉県 Instagramコンサルティング会社 -おすすめ -比較 -ランキング -求人 -まとめ
【9/13開催】第8期第5回定例富谷塾「プロが教える！ インスタ 運用 ...,https://tomiyajuku.studio.site/posts/teirei_20250913,,,,千葉県,千葉県 Instagramコンサルティング会社 -おすすめ -比較 -ランキング -求人 -まとめ
【Instagram リール 】喋るのが苦手でもTOP営業マンになれますか？,https://fine-production.co.jp/production-portfolio-47/,,,,千葉県,千葉県 リール動画運用代行会社 -おすすめ -比較 -ランキング -求人 -まとめ
実写映像制作 東京・千代田区,https://sevenseaspictures.com/video,,,,千葉県,千葉県 リール動画運用代行会社 -おすすめ -比較 -ランキング -求人 -まとめ
就労継続支援B型「ドリームクエスト津田沼」、利用者20名体制の ...,https://adv.tokyo-np.co.jp/prtimes/article113692/,,,,千葉県,千葉県 リール動画運用代行会社 -おすすめ -比較 -ランキング -求人 -まとめ
SNS運用代行,https://chibaschoolstudio.jp/sns,,,,千葉県,千葉県 SNS撮影運用代行会社 -おすすめ -比較 -ランキング -求人 -まとめ
SNS運用,https://satochu.jp/category/sns/,,,,千葉県,千葉県 SNS撮影運用代行会社 -おすすめ -比較 -ランキング -求人 -まとめ
SERVICE,https://www.ultra-will.com/service-1,,,,千葉県,千葉県 SNS撮影運用代行会社 -おすすめ -比較 -ランキング -求人 -まとめ
BUSINESS,https://m2dk.jp/business.html,,,,東京都,東京都 TikTokコンサルティング会社 -おすすめ -比較 -ランキング -求人 -まとめ
ABOUT 会社 概要,https://reactofficial.jp/about/,,,,東京都,東京都 TikTokコンサルティング会社 -おすすめ -比較 -ランキング -求人 -まとめ
TikTok （ティックトック）運用代行,https://ps-vision.com/?m=home&c=Lists&a=index&tid=9,,,,東京都,東京都 TikTokコンサルティング会社 -おすすめ -比較 -ランキング -求人 -まとめ
TikTok ライブコマース事業,https://lapilapi.biz/youtube,,,,東京都,東京都 TikTokコンサルティング会社 -おすすめ -比較 -ランキング -求人 -まとめ
株式 会社 サイバーティカルが TikTok 内のEコマース「 TikTok Shop ...,https://www.cyberagent.co.jp/news/detail/id=31944,,,,東京都,東京都 TikTokコンサルティング会社 -おすすめ -比較 -ランキング -求人 -まとめ
インスタ グラムでの運用 コンサルティング,https://www.conema.link/jobs/view/33920.html,,,,東京都,東京都 Instagramコンサルティング会社 -おすすめ -比較 -ランキング -求人 -まとめ
Instagram 広告,https://sbmconsul.co.jp/web/instagram/,,,,東京都,東京都 Instagramコンサルティング会社 -おすすめ -比較 -ランキング -求人 -まとめ
Instagram 運用代行 / 実績,https://www.waps-t.com/archives/350,,,,東京都,東京都 Instagramコンサルティング会社 -おすすめ -比較 -ランキング -求人 -まとめ
operation 投稿・運用代行運用 コンサルティング,https://sns-pro.info/operation.html,,,,東京都,東京都 Instagramコンサルティング会社 -おすすめ -比較 -ランキング -求人 -まとめ
SNS運用代行,https://www.plf-entertainment.com/sns-proxy-operation,,,,東京都,東京都 SNS撮影運用代行会社 -おすすめ -比較 -ランキング -求人 -まとめ
SNS運用代行 の費用は 東京 でいくら？相場と選び方,https://noktoa.com/lp/sns-unyo-daiko-tokyo-hiyo/,,,,東京都,東京都 SNS撮影運用代行会社 -おすすめ -比較 -ランキング -求人 -まとめ
採用特化型 SNS運用代行 事業,https://cross-over.co.jp/servicelist/scouting/,,,,東京都,東京都 SNS撮影運用代行会社 -おすすめ -比較 -ランキング -求人 -まとめ
SNS運用 サポート,https://www.tbp.co.jp/snslp/,,,,東京都,東京都 SNS撮影運用代行会社 -おすすめ -比較 -ランキング -求人 -まとめ
SNS マーケティング,https://www.adwise.co.jp/service/marketing/,,,,東京都,東京都 SNS撮影運用代行会社 -おすすめ -比較 -ランキング -求人 -まとめ
SNS運用代行 サービス,https://www.daiki-sound.jp/information/21672/,,,,東京都,東京都 SNS撮影運用代行会社 -おすすめ -比較 -ランキング -求人 -まとめ
保育園の採用・集客につながる SNS運用 支援,https://cumcreate-sns.hp.peraichi.com/,,,,東京都,東京都 SNS撮影運用代行会社 -おすすめ -比較 -ランキング -求人 -まとめ
Instagram リール動画 制作サービス,https://gaiax-socialmedialab.jp/contact-1/download_reels/,,,,東京都,東京都 リール動画運用代行会社 -おすすめ -比較 -ランキング -求人 -まとめ
サービス,https://www.jimpuku.co.jp/sns,,,,東京都,東京都 リール動画運用代行会社 -おすすめ -比較 -ランキング -求人 -まとめ
【SNS 運用 】ショート 動画 ・Instagram リール 活用で企業の ...,https://newscast.jp/smart/news/5653398,,,,東京都,東京都 リール動画運用代行会社 -おすすめ -比較 -ランキング -求人 -まとめ
TikTok・Instagram 運用 ディレクター募集,https://talent.direct.hipro-job.jp/talent/issue/18711/,,,,東京都,東京都 リール動画運用代行会社 -おすすめ -比較 -ランキング -求人 -まとめ
サービス – Instagram 運用支援,https://sankyaku.com/service-instagram/,,,,神奈川県,神奈川県 Instagramコンサルティング会社 -おすすめ -比較 -ランキング -求人 -まとめ
インスタ グラム,https://hutamatagawa-sharoushi.jp/sns.html,,,,神奈川県,神奈川県 Instagramコンサルティング会社 -おすすめ -比較 -ランキング -求人 -まとめ
Instagram /TikTokマーケティング,https://makelead.co.jp/instagram-tiktok,,,,神奈川県,神奈川県 Instagramコンサルティング会社 -おすすめ -比較 -ランキング -求人 -まとめ
Bn's コンサルティング,http://binzconsul.com/,,,,神奈川県,神奈川県 Instagramコンサルティング会社 -おすすめ -比較 -ランキング -求人 -まとめ
"総フォロワー数2,000万人超のインフルエンサーが所属する TikTok ...",https://www.adish.co.jp/news/20240418_moni/,,,,神奈川県,神奈川県 TikTokコンサルティング会社 -おすすめ -比較 -ランキング -求人 -まとめ
NE株式 会社 、6500社以上が導入する「ネクストエンジン」と TikTok ...,https://ne-inc.jp/news/article/ne_tiktokshop_2508/,,,,神奈川県,神奈川県 TikTokコンサルティング会社 -おすすめ -比較 -ランキング -求人 -まとめ
サンキャク株式 会社 ( 神奈川県 横浜市中区),https://cloud.sogyotecho.jp/1266,,,,神奈川県,神奈川県 TikTokコンサルティング会社 -おすすめ -比較 -ランキング -求人 -まとめ
運用型広告レポート作成支援システム「glu」が TikTok に対応,https://glu.atara.co.jp/news/news-1578/,,,,神奈川県,神奈川県 TikTokコンサルティング会社 -おすすめ -比較 -ランキング -求人 -まとめ
SERVICE,https://key-partners.jp/service/,,,,神奈川県,神奈川県 SNS撮影運用代行会社 -おすすめ -比較 -ランキング -求人 -まとめ
SNS 企業アカウント 運用代行 サービス,https://www.bostudio.co.jp/_sns/,,,,神奈川県,神奈川県 SNS撮影運用代行会社 -おすすめ -比較 -ランキング -求人 -まとめ
会社 概要,https://wadona.com/%E4%BC%9A%E7%A4%BE%E6%A6%82%E8%A6%81/,,,,神奈川県,神奈川県 SNS撮影運用代行会社 -おすすめ -比較 -ランキング -求人 -まとめ
在宅ワークスクール加賀,https://nextwel.co.jp/work_lp/article/zaitaku-kaga,,,,神奈川県,神奈川県 リール動画運用代行会社 -おすすめ -比較 -ランキング -求人 -まとめ
株式 会社 アイストリーク,https://istorique-japan.com/,,,,神奈川県,神奈川県 リール動画運用代行会社 -おすすめ -比較 -ランキング -求人 -まとめ
株式 会社 エムジー コンサルティング – マルソーグループ,https://www.maruso-group.co.jp/group/%E6%A0%AA%E5%BC%8F%E4%BC%9A%E7%A4%BE%E3%82%A8%E3%83%A0%E3%82%B8%E3%83%BC%E3%82%B3%E3%83%B3%E3%82%B5%E3%83%AB%E3%83%86%E3%82%A3%E3%83%B3%E3%82%B0/,,,,新潟県,新潟県 Instagramコンサルティング会社 -おすすめ -比較 -ランキング -求人 -まとめ
Webとマーケティングで経営支援: 新潟県 の上越・妙高エリアを中心 ...,https://www.hiroyukisenoo.com/,,,,新潟県,新潟県 TikTokコンサルティング会社 -おすすめ -比較 -ランキング -求人 -まとめ
COMG!の TikTok 動画が600万回再生を突破！ 新潟 県内でスマホ情報 ...,http://localpress.jp/niigata/detail.php?id=1196&s=1&c=0&free=&i=0&a=,,,,新潟県,新潟県 TikTokコンサルティング会社 -おすすめ -比較 -ランキング -求人 -まとめ
新潟県 様主催ウェビナーイベントに入社1年目の ...,https://n-oyanagi.com/information/13973/%E6%96%B0%E6%BD%9F%E7%9C%8C%E6%A7%98%E4%B8%BB%E5%82%AC%E3%82%A6%E3%82%A7%E3%83%93%E3%83%8A%E3%83%BC%E3%82%A4%E3%83%99%E3%83%B3%E3%83%88%E3%81%AB%E5%85%A5%E7%A4%BE1%E5%B9%B4%E7%9B%AE%E3%81%AE%E9%BD%8B/,,,,新潟県,新潟県 TikTokコンサルティング会社 -おすすめ -比較 -ランキング -求人 -まとめ
新潟県 で SNS運用代行 します   冬季、半額で承っております！ 写真 ...,https://www.threads.com/@hirobenz250/post/DTKXII9EsEF/%E6%96%B0%E6%BD%9F%E7%9C%8C%E3%81%A7sns%E9%81%8B%E7%94%A8%E4%BB%A3%E8%A1%8C%E3%81%97%E3%81%BE%E3%81%99%E5%86%AC%E5%AD%A3%E5%8D%8A%E9%A1%8D%E3%81%A7%E6%89%BF%E3%81%A3%E3%81%A6%E3%81%8A%E3%82%8A%E3%81%BE%E3%81%99%E5%86%99%E7%9C%9F%E6%92%AE%E5%BD%B1%E5%8B%95%E7%94%BB%E6%92%AE%E5%BD%B1%E7%B7%A8%E9%9B%86%E3%81%8B%E3%82%89%E6%8A%95%E7%A8%BF%E3%81%BE%E3%81%A7%E3%82%B9%E3%83%94%E3%83%BC%E3%83%87%E3%82%A3%E3%83%BC%E3%81%AB%E8%A1%8C%E3%81%84%E3%81%BE%E3%81%99%E3%81%8A%E6%B0%97%E8%BB%BD%E3%81%AB%E3%81%8A%E5%95%8F%E5%90%88%E3%81%9B%E3%81%8F%E3%81%A0%E3%81%95%E3%81%84,,,,新潟県,新潟県 SNS撮影運用代行会社 -おすすめ -比較 -ランキング -求人 -まとめ
株式 会社 シロカラ（団体ID：1137286314）／団体情報,https://fields.canpan.info/organization/detail/1137286314?view=pc,,,,新潟県,新潟県 SNS撮影運用代行会社 -おすすめ -比較 -ランキング -求人 -まとめ
SATORI FILM,https://satorifilm.com/,,,,新潟県,新潟県 SNS撮影運用代行会社 -おすすめ -比較 -ランキング -求人 -まとめ
富山県,https://asakura-mie.com/case-area/%E5%AF%8C%E5%B1%B1%E7%9C%8C/,,,,富山県,富山県 Instagramコンサルティング会社 -おすすめ -比較 -ランキング -求人 -まとめ
髙井 洋之,https://toyama.doyu.jp/member/001135.php,,,,富山県,富山県 Instagramコンサルティング会社 -おすすめ -比較 -ランキング -求人 -まとめ
【募集】Googleマップや Instagram を活用して集客＆売上アップ ...,https://kurobe.ccis-toyama.or.jp/%E3%80%90%E5%8B%9F%E9%9B%86%E3%80%91google%E3%83%9E%E3%83%83%E3%83%97%E3%82%84instagram%E3%82%92%E6%B4%BB%E7%94%A8%E3%81%97%E3%81%A6%E9%9B%86%E5%AE%A2%EF%BC%86%E5%A3%B2%E4%B8%8A%E3%82%A2%E3%83%83/,,,,富山県,富山県 Instagramコンサルティング会社 -おすすめ -比較 -ランキング -求人 -まとめ
SNS・Webマーケティングの コンサルティング,https://shinkin-connect.jp/search2/?mode=disp&key=8732,,,,富山県,富山県 Instagramコンサルティング会社 -おすすめ -比較 -ランキング -求人 -まとめ
経営 コンサルティング サービス,https://yagiya.co.jp/service/business-consulting/,,,,富山県,富山県 Instagramコンサルティング会社 -おすすめ -比較 -ランキング -求人 -まとめ
第38回・第39回Himi-Bizセミナー「SNSで魅せるテクニック,https://www2.tonio.or.jp/e.phtml?i=fc21a6352c6ad0b8db3273bc0984f960,,,,富山県,富山県 TikTokコンサルティング会社 -おすすめ -比較 -ランキング -求人 -まとめ
株式 会社 ビーライン様オフィシャルパートナー 契約締結 (新規),https://www.kataller.co.jp/all/press-release/24jt4bk/,,,,富山県,富山県 TikTokコンサルティング会社 -おすすめ -比較 -ランキング -求人 -まとめ
SNS を社内で内製化,https://designtoyama.com/service/consulting,,,,富山県,富山県 SNS撮影運用代行会社 -おすすめ -比較 -ランキング -求人 -まとめ
SNS運用 ・ SNS 広告 代行,https://movie-mobile.jp/sns/,,,,富山県,富山県 SNS撮影運用代行会社 -おすすめ -比較 -ランキング -求人 -まとめ
令和8年度 SNS マーケティングに基づいた SNS 動画発信 ...,https://www.pref.toyama.jp/810111/press/2026sns.html,,,,富山県,富山県 SNS撮影運用代行会社 -おすすめ -比較 -ランキング -求人 -まとめ
ユニスポット,https://creators-navi.jp/archives/3403,,,,富山県,富山県 SNS撮影運用代行会社 -おすすめ -比較 -ランキング -求人 -まとめ
富山県 氷見市 動画 制作,https://www.variousleap.com/,,,,富山県,富山県 リール動画運用代行会社 -おすすめ -比較 -ランキング -求人 -まとめ
人材情報,https://www.isico.or.jp/specialist/?offset=60,,,,石川県,石川県 TikTokコンサルティング会社 -おすすめ -比較 -ランキング -求人 -まとめ
TikTok 広告運用代行,https://kanazawa.ai/service/sns%E5%BA%83%E5%91%8A%E9%81%8B%E7%94%A8%E4%BB%A3%E8%A1%8C-tiktok%E5%BA%83%E5%91%8A/,,,,石川県,石川県 TikTokコンサルティング会社 -おすすめ -比較 -ランキング -求人 -まとめ
クラスコ大感謝祭（ 石川県 金沢市）にて親子大道芸ショー,https://www.yoshida-daidogei.com/post/%E7%9F%B3%E5%B7%9D%E7%9C%8C%E5%A4%A7%E9%81%93%E8%8A%B8,,,,石川県,石川県 TikTokコンサルティング会社 -おすすめ -比較 -ランキング -求人 -まとめ
株式 会社 プロジェクトタネ,https://www.in-fra.jp/long-internships/companies/4777,,,,石川県,石川県 Instagramコンサルティング会社 -おすすめ -比較 -ランキング -求人 -まとめ
石川県 金沢市のIT経営 コンサルティング会社 : クラウドERP「GEN ...,https://idea-corp.jp/,,,,石川県,石川県 Instagramコンサルティング会社 -おすすめ -比較 -ランキング -求人 -まとめ
Untitled,https://togi.shoko.or.jp/uploads/download/ElnYKAVAA,,,,石川県,石川県 Instagramコンサルティング会社 -おすすめ -比較 -ランキング -求人 -まとめ
石川県 のマーケティングの専門家・コンサルタント,https://mbp-japan.com/ishikawa/search/area:17/genre:8:8002/,,,,石川県,石川県 Instagramコンサルティング会社 -おすすめ -比較 -ランキング -求人 -まとめ
石川県 金沢市の SNS運用 ならBoooM Japan,https://booom.site/,,,,石川県,石川県 SNS撮影運用代行会社 -おすすめ -比較 -ランキング -求人 -まとめ
TScreate,https://www.tscreate-office.net/service/,,,,石川県,石川県 SNS撮影運用代行会社 -おすすめ -比較 -ランキング -求人 -まとめ
LIGHT UP 詳細ページ,https://tsunaweb.book.mynavi.jp/tsunaweb/company/detail/id=3214,,,,石川県,石川県 SNS撮影運用代行会社 -おすすめ -比較 -ランキング -求人 -まとめ
石川県 の動画制作・YouTube 運用,https://www.tscreate-office.com/,,,,石川県,石川県 SNS撮影運用代行会社 -おすすめ -比較 -ランキング -求人 -まとめ
インフルエンサーPR,https://kanazawa-rimipo.com/services/influencer/,,,,石川県,石川県 SNS撮影運用代行会社 -おすすめ -比較 -ランキング -求人 -まとめ
SERVICE – Agent Stock,https://www.agentstock.net/service/,,,,石川県,石川県 リール動画運用代行会社 -おすすめ -比較 -ランキング -求人 -まとめ
韓国・台湾インフルエンサーを招請し、 石川県 の魅力を東アジア ...,https://asia-is.com/works/ishikawa-eastasia2026/,,,,石川県,石川県 リール動画運用代行会社 -おすすめ -比較 -ランキング -求人 -まとめ
金沢市玉鉾からサービスを提供,https://tscreate-office.jp/about/,,,,石川県,石川県 リール動画運用代行会社 -おすすめ -比較 -ランキング -求人 -まとめ
株式 会社 Ex SATOYAMA,https://www.big-advance.site/c/163/1371,,,,福井県,福井県 Instagramコンサルティング会社 -おすすめ -比較 -ランキング -求人 -まとめ
福井 でWeb コンサルティング を始めた経緯,https://www.exness.co.jp/blog-and-column/background-becoming-a-web-consultant,,,,福井県,福井県 Instagramコンサルティング会社 -おすすめ -比較 -ランキング -求人 -まとめ
ともに経営 コンサル 事務所,https://tomoni-fukui.com/,,,,福井県,福井県 Instagramコンサルティング会社 -おすすめ -比較 -ランキング -求人 -まとめ
TikTok 支援を得意とするmeme（ミーム）と資本業務提携へ,https://www.nihon-ma.co.jp/news/20221116_9254/,,,,福井県,福井県 TikTokコンサルティング会社 -おすすめ -比較 -ランキング -求人 -まとめ
ついに、始めました,https://kawakami-c.co.jp/2023/06/09/%E3%81%A4%E3%81%84%E3%81%AB%E3%80%81%E5%A7%8B%E3%82%81%E3%81%BE%E3%81%97%E3%81%9F/,,,,福井県,福井県 TikTokコンサルティング会社 -おすすめ -比較 -ランキング -求人 -まとめ
コーディネーター紹介,https://yorozu-fukui.go.jp/coordinator/,,,,福井県,福井県 TikTokコンサルティング会社 -おすすめ -比較 -ランキング -求人 -まとめ
［お名前非公開］/SNSマーケティング,https://kenjins.jp/adviser/detail/8656,,,,福井県,福井県 TikTokコンサルティング会社 -おすすめ -比較 -ランキング -求人 -まとめ
【3.11】創業者向けSNS活用セミナー,https://www.s-project.biz/seminar/2021-3-11,,,,福井県,福井県 TikTokコンサルティング会社 -おすすめ -比較 -ランキング -求人 -まとめ
TikTok 支援のmemeと資本業務提携,https://www.ma-cp.com/news/9229/,,,,福井県,福井県 TikTokコンサルティング会社 -おすすめ -比較 -ランキング -求人 -まとめ
株式 会社 Lien,https://www.lien-fukui.com/,,,,福井県,福井県 SNS撮影運用代行会社 -おすすめ -比較 -ランキング -求人 -まとめ
Instagram 運用 アドバイス・スマホ 撮影 講師,https://www.fukui-pr.com/%E3%82%A4%E3%83%B3%E3%82%B9%E3%82%BF%E3%82%B0%E3%83%A9%E3%83%A0%E7%99%BA%E4%BF%A1-%E3%82%B9%E3%83%9E%E3%83%9B%E6%92%AE%E5%BD%B1/,,,,福井県,福井県 SNS撮影運用代行会社 -おすすめ -比較 -ランキング -求人 -まとめ
Instagram 運用代行,https://tono-webmarketing.com/account/,,,,福井県,福井県 リール動画運用代行会社 -おすすめ -比較 -ランキング -求人 -まとめ
はんてん,https://hanten-sns.com/,,,,福井県,福井県 リール動画運用代行会社 -おすすめ -比較 -ランキング -求人 -まとめ
わたしたちについて,https://habanero.works/about,,,,山梨県,山梨県 Instagramコンサルティング会社 -おすすめ -比較 -ランキング -求人 -まとめ
JEWELRY VALLEY,https://www.jewelryvalley.jp/view/company,,,,山梨県,山梨県 Instagramコンサルティング会社 -おすすめ -比較 -ランキング -求人 -まとめ
ITによる地域社会課題解決・伴走型専門家支援事業,https://www.media-b.com/business/,,,,山梨県,山梨県 Instagramコンサルティング会社 -おすすめ -比較 -ランキング -求人 -まとめ
Cross Talk 私らしい働き方,https://recruit.yamanashibank.co.jp/crosstalk/,,,,山梨県,山梨県 TikTokコンサルティング会社 -おすすめ -比較 -ランキング -求人 -まとめ
TikTok for BusinessとPLAN-Bの連動企画カンファレンス開催!,https://www.plan-b.co.jp/solution/compass/2024-winter/compass-illuminate/wP86718adcd16b92/,,,,山梨県,山梨県 TikTokコンサルティング会社 -おすすめ -比較 -ランキング -求人 -まとめ
僕なりのオンリーワン戦略 村で“たったひとり”のITコンサルタント ...,https://socialvalue.jp/graduate/mori_hiroyuki,,,,山梨県,山梨県 TikTokコンサルティング会社 -おすすめ -比較 -ランキング -求人 -まとめ
12月6日,https://www.yamanashi-keikyo.jp/sys_file/upload/files/20251206SNS%E6%B4%BB%E7%94%A8%E8%AC%9B%E5%BA%A7%E3%83%81%E3%83%A9%E3%82%B7.pdf,,,,山梨県,山梨県 TikTokコンサルティング会社 -おすすめ -比較 -ランキング -求人 -まとめ
山梨 でYouTubeの戦略から映像 撮影 、編集依頼ができます,https://fuzzy-room.jp/video_production1/20220405173025/,,,,山梨県,山梨県 SNS撮影運用代行会社 -おすすめ -比較 -ランキング -求人 -まとめ
インスタグラム 運用 サポート,https://dev.tankdesign.jp/looseleaf/www/instagram.html,,,,山梨県,山梨県 リール動画運用代行会社 -おすすめ -比較 -ランキング -求人 -まとめ
建築映像制作・インタビュー 動画 撮影,https://www.kenchiku.photo/price/kenchikueizou.html,,,,山梨県,山梨県 リール動画運用代行会社 -おすすめ -比較 -ランキング -求人 -まとめ
お知らせ,https://tfc-suwa.com/info/,,,,長野県,長野県 TikTokコンサルティング会社 -おすすめ -比較 -ランキング -求人 -まとめ
会社 情報,https://fir-st.co.jp/company/,,,,長野県,長野県 TikTokコンサルティング会社 -おすすめ -比較 -ランキング -求人 -まとめ
企業情報 – 株式 会社 アスト・ コンサルティング,https://nagano-sdgs.com/company/263/profile/,,,,長野県,長野県 Instagramコンサルティング会社 -おすすめ -比較 -ランキング -求人 -まとめ
人材ビジネス事業者,https://www.nagano-pro.com/jigyosyalist.html,,,,長野県,長野県 Instagramコンサルティング会社 -おすすめ -比較 -ランキング -求人 -まとめ
長野 技研コンサルタント株式 会社 （公式ホームページ）,https://ngc-kk.jp/,,,,長野県,長野県 Instagramコンサルティング会社 -おすすめ -比較 -ランキング -求人 -まとめ
ウェブ コンサルティング,https://atfnagano.co.jp/consultants-work/marketing/web-consulting/,,,,長野県,長野県 Instagramコンサルティング会社 -おすすめ -比較 -ランキング -求人 -まとめ
お問い合わせ,https://s-d-lab.jp/contact/,,,,長野県,長野県 Instagramコンサルティング会社 -おすすめ -比較 -ランキング -求人 -まとめ
株式 会社 B.A.D_ リスティング・ SNS 広告 運用代行 サービス資料,https://www.bad-corp.com/webmarketing/ag,,,,長野県,長野県 SNS撮影運用代行会社 -おすすめ -比較 -ランキング -求人 -まとめ
ホームページ・ SNS の更新運営 代行,https://joynt.work/%E9%81%8B%E5%96%B6%E4%BB%A3%E8%A1%8C/,,,,長野県,長野県 SNS撮影運用代行会社 -おすすめ -比較 -ランキング -求人 -まとめ
SNS 企画・運営,https://www.willmedia.jp/service/sns/,,,,長野県,長野県 SNS撮影運用代行会社 -おすすめ -比較 -ランキング -求人 -まとめ
映像制作,https://www.minami-web.com/eizo/,,,,長野県,長野県 リール動画運用代行会社 -おすすめ -比較 -ランキング -求人 -まとめ
株式 会社 ミナミ 映像制作事業部,https://minami-eizo.hirameki7.site/,,,,長野県,長野県 リール動画運用代行会社 -おすすめ -比較 -ランキング -求人 -まとめ
インスタ グラム運用代行,https://star-lift.co.jp/service/instagram/,,,,岐阜県,岐阜県 Instagramコンサルティング会社 -おすすめ -比較 -ランキング -求人 -まとめ
岐阜 のSNSマーケティングなら株式 会社 MR,https://mr-marketing.jp/,,,,岐阜県,岐阜県 Instagramコンサルティング会社 -おすすめ -比較 -ランキング -求人 -まとめ
会社 案内,http://8en.jp/company/,,,,岐阜県,岐阜県 TikTokコンサルティング会社 -おすすめ -比較 -ランキング -求人 -まとめ
長良川の鮎、鵜飼,https://go-centraljapan.jp/ja/aboutus/files/prlist230403.pdf,,,,岐阜県,岐阜県 TikTokコンサルティング会社 -おすすめ -比較 -ランキング -求人 -まとめ
オール 岐阜 ・企業フェス ・オンライン,https://www.gifu-kaigo.jp/lsc/upfile/info/03/06/306_1_file.pdf,,,,岐阜県,岐阜県 TikTokコンサルティング会社 -おすすめ -比較 -ランキング -求人 -まとめ
事業内容,https://juei-s.co.jp/business/,,,,岐阜県,岐阜県 TikTokコンサルティング会社 -おすすめ -比較 -ランキング -求人 -まとめ
SNS運用代行・LINE集客支援なら,https://rysrealize.com/service/snspromotuionpr,,,,岐阜県,岐阜県 TikTokコンサルティング会社 -おすすめ -比較 -ランキング -求人 -まとめ
映像制作・ コンサルティング 株式 会社 ツードットブイ【2dot V inc.】,https://2dotv-jp.com/company,,,,岐阜県,岐阜県 TikTokコンサルティング会社 -おすすめ -比較 -ランキング -求人 -まとめ
SNS 活用支援,https://www.lcreator.co.jp/service/sns/,,,,岐阜県,岐阜県 SNS撮影運用代行会社 -おすすめ -比較 -ランキング -求人 -まとめ
動画配信・ SNS サポート MITEKU（ミテク）,http://online.miroku.bz/index.html,,,,岐阜県,岐阜県 SNS撮影運用代行会社 -おすすめ -比較 -ランキング -求人 -まとめ
ムービースタイル株式 会社,http://www.shokawa.net/tour-guide/7230,,,,岐阜県,岐阜県 リール動画運用代行会社 -おすすめ -比較 -ランキング -求人 -まとめ
インスタ相談会（三浦氏・2026年7月）,https://www.seki-biz.net/2025/06/03/%E3%82%A4%E3%83%B3%E3%82%B9%E3%82%BF%E7%9B%B8%E8%AB%87%E4%BC%9A-%E4%B8%89%E6%B5%A6%E6%B0%8F-2025%E5%B9%B46%E6%9C%88/,,,,岐阜県,岐阜県 リール動画運用代行会社 -おすすめ -比較 -ランキング -求人 -まとめ
制作実績,https://linkpath.jp/work/,,,,岐阜県,岐阜県 リール動画運用代行会社 -おすすめ -比較 -ランキング -求人 -まとめ
CCCクリエイティブスタディ「ネタ切れ知らずの Instagram 運用へ ...,https://www.c-c-c.or.jp/schedule/creativestudy313,,,,静岡県,静岡県 Instagramコンサルティング会社 -おすすめ -比較 -ランキング -求人 -まとめ
SNS運用,https://seamans.jp/instagram,,,,静岡県,静岡県 Instagramコンサルティング会社 -おすすめ -比較 -ランキング -求人 -まとめ
Instagram （ ｲﾝｽﾀ ｸﾞﾗﾑ) セミナー開催のお知らせ,http://www.atamicci.or.jp/information/1398/,,,,静岡県,静岡県 Instagramコンサルティング会社 -おすすめ -比較 -ランキング -求人 -まとめ
静岡 配属を自ら選んだ。途上国支援を志した私がコンサルタントに ...,https://www.talent-book.jp/lt-s/stories/62858,,,,静岡県,静岡県 Instagramコンサルティング会社 -おすすめ -比較 -ランキング -求人 -まとめ
WEBマーケティング相談,https://www.b-nest.jp/soudan/madoguchi/websoudan/,,,,静岡県,静岡県 Instagramコンサルティング会社 -おすすめ -比較 -ランキング -求人 -まとめ
（有）トップ コンサルティング静岡,https://ican88.org/shop/3686/,,,,静岡県,静岡県 TikTokコンサルティング会社 -おすすめ -比較 -ランキング -求人 -まとめ
Service,https://gaaboo.jp/service/,,,,静岡県,静岡県 TikTokコンサルティング会社 -おすすめ -比較 -ランキング -求人 -まとめ
SNS マーケティング – makida合同 会社,https://makidai.world/snsmarketing/,,,,静岡県,静岡県 SNS撮影運用代行会社 -おすすめ -比較 -ランキング -求人 -まとめ
フルーツバスケット 様（函南町）加工食品 会社,https://nextfuture2016.com/works/works-2987/,,,,静岡県,静岡県 リール動画運用代行会社 -おすすめ -比較 -ランキング -求人 -まとめ
カチカSNS ショート動画 サービスサイト,https://it.cachica.co.jp/sns/,,,,静岡県,静岡県 リール動画運用代行会社 -おすすめ -比較 -ランキング -求人 -まとめ
名古屋でSNS運用代行・ コンサルティング のサポートなら「合同 ...,https://www.libero-tk.com/,,,,愛知県,愛知県 Instagramコンサルティング会社 -おすすめ -比較 -ランキング -求人 -まとめ
Instagram （ インスタ グラム）広告運用代行,https://listing-partners.com/listing/instagram/,,,,愛知県,愛知県 Instagramコンサルティング会社 -おすすめ -比較 -ランキング -求人 -まとめ
Instagram 運用,https://www.machizukuriwork.com/%E4%BC%9A%E7%A4%BE%E7%B4%B9%E4%BB%8B,,,,愛知県,愛知県 Instagramコンサルティング会社 -おすすめ -比較 -ランキング -求人 -まとめ
Instagram 運用,https://gi-c.biz/service/instagram/,,,,愛知県,愛知県 Instagramコンサルティング会社 -おすすめ -比較 -ランキング -求人 -まとめ
会社 情報,https://www.nationalgreen.info/about,,,,愛知県,愛知県 Instagramコンサルティング会社 -おすすめ -比較 -ランキング -求人 -まとめ
TikTok 運用,https://crazyzero.jp/category/tiktok_operation/,,,,愛知県,愛知県 TikTokコンサルティング会社 -おすすめ -比較 -ランキング -求人 -まとめ
株式 会社 HAYATAKU,https://hayataku.live/,,,,愛知県,愛知県 TikTokコンサルティング会社 -おすすめ -比較 -ランキング -求人 -まとめ
フランチャイズ,https://rehappiness.com/franchise/,,,,愛知県,愛知県 TikTokコンサルティング会社 -おすすめ -比較 -ランキング -求人 -まとめ
SNS 運用代行 お試しキャンペーン,https://nanoact.jp/sns-campaign/,,,,愛知県,愛知県 リール動画運用代行会社 -おすすめ -比較 -ランキング -求人 -まとめ
広報・SNS 運用代行 サービス,https://www.minabe-k.jp/service/outsourcing/kids-pr/,,,,愛知県,愛知県 リール動画運用代行会社 -おすすめ -比較 -ランキング -求人 -まとめ
C-ENT,https://www.c-ent.jp/business?tab=sns,,,,愛知県,愛知県 リール動画運用代行会社 -おすすめ -比較 -ランキング -求人 -まとめ
サービス,https://puzzlink.jp/service/,,,,愛知県,愛知県 SNS撮影運用代行会社 -おすすめ -比較 -ランキング -求人 -まとめ
SNS 代行,https://www.avimo.jp/services/sns%E4%BB%A3%E8%A1%8C/,,,,愛知県,愛知県 SNS撮影運用代行会社 -おすすめ -比較 -ランキング -求人 -まとめ
SNS運用 にお困りなら名古屋 SNS 更新 代行 にお任せください ...,https://nagoya.sns-nagoya.com/,,,,愛知県,愛知県 SNS撮影運用代行会社 -おすすめ -比較 -ランキング -求人 -まとめ
アイガの SNS代行 サービス【アクサポ -AKUSAPO】,https://aiga.jp/akusapo/,,,,愛知県,愛知県 SNS撮影運用代行会社 -おすすめ -比較 -ランキング -求人 -まとめ
SNS 広告 運用 なら株式 会社 バイ・ステップ,https://bystep.co.jp/,,,,愛知県,愛知県 SNS撮影運用代行会社 -おすすめ -比較 -ランキング -求人 -まとめ
愛知 ・名古屋の SNS運用代行,https://www.niji-sns.com/,,,,愛知県,愛知県 SNS撮影運用代行会社 -おすすめ -比較 -ランキング -求人 -まとめ
動画マーケティング,https://www.it-shindanshi.com/service/video/,,,,三重県,三重県 TikTokコンサルティング会社 -おすすめ -比較 -ランキング -求人 -まとめ
採用コンセプト,https://www.ootsuya.co.jp/recruit/message/index.html,,,,三重県,三重県 TikTokコンサルティング会社 -おすすめ -比較 -ランキング -求人 -まとめ
三重県 企業のココだけの話が聞ける合説 '26,https://www.mieplus.jp/event/jobfair-secret-260614/,,,,三重県,三重県 TikTokコンサルティング会社 -おすすめ -比較 -ランキング -求人 -まとめ
【チラシ】RECRUITERS SALON2022,https://www.pref.mie.lg.jp/common/content/001040283.pdf,,,,三重県,三重県 TikTokコンサルティング会社 -おすすめ -比較 -ランキング -求人 -まとめ
WEBマーケティング・ブランディングのコンサルタント 三重 /番頭 ...,https://www.bantousya.jp/,,,,三重県,三重県 Instagramコンサルティング会社 -おすすめ -比較 -ランキング -求人 -まとめ
三重総合文化センターにて商談会( 三重県 委託事業),https://www.banrai-tc.co.jp/archives/574,,,,三重県,三重県 Instagramコンサルティング会社 -おすすめ -比較 -ランキング -求人 -まとめ
SNS 広告 運用代行,https://quickly.co.jp/service/sns-advertising/,,,,三重県,三重県 SNS撮影運用代行会社 -おすすめ -比較 -ランキング -求人 -まとめ
三重県 で SNS マーケティング用の写真 撮影 依頼が可能なカメラマン,https://www.delta.photo/photographers/search/mie-sns-marketing,,,,三重県,三重県 SNS撮影運用代行会社 -おすすめ -比較 -ランキング -求人 -まとめ
ReCM,https://www.recm.jp/,,,,三重県,三重県 SNS撮影運用代行会社 -おすすめ -比較 -ランキング -求人 -まとめ
Instagramフォロワー数1600人突破！副業人材と進めた 三重県 東員町 ...,https://lotsful.jp/biz/case/3805,,,,三重県,三重県 SNS撮影運用代行会社 -おすすめ -比較 -ランキング -求人 -まとめ
SNS 採用動画 運用 実績,https://videntry.net/achievements/,,,,三重県,三重県 SNS撮影運用代行会社 -おすすめ -比較 -ランキング -求人 -まとめ
OfficeClover,https://cloverhomep.com/,,,,三重県,三重県 リール動画運用代行会社 -おすすめ -比較 -ランキング -求人 -まとめ
Kinakoko55さんのプロフィール,https://app.shufti.jp/users/profile/635370,,,,三重県,三重県 リール動画運用代行会社 -おすすめ -比較 -ランキング -求人 -まとめ
2023進行中プロジェクト・制作実績,https://mill-inc.co.jp/project/,,,,三重県,三重県 リール動画運用代行会社 -おすすめ -比較 -ランキング -求人 -まとめ
会社 概要 – 滋賀県 の建設コンサルタント 会社 株式 会社 エフ ...,https://fwater-mgt.co.jp/about/,,,,滋賀県,滋賀県 TikTokコンサルティング会社 -おすすめ -比較 -ランキング -求人 -まとめ
PROUD LAKE,https://www.proudlake.co.jp/,,,,滋賀県,滋賀県 TikTokコンサルティング会社 -おすすめ -比較 -ランキング -求人 -まとめ
【地域貢献活動】 滋賀県 「企業版ふるさと納税」への寄附および ...,https://www.shikishima-j.co.jp/news/9393/,,,,滋賀県,滋賀県 TikTokコンサルティング会社 -おすすめ -比較 -ランキング -求人 -まとめ
動画共有サービス『 TikTok 』を始めました,https://www.kawai-g.com/info/2211tikotok/,,,,滋賀県,滋賀県 TikTokコンサルティング会社 -おすすめ -比較 -ランキング -求人 -まとめ
インスタ グラムでお役立ち情報発信！,https://line-lead.com/2023/10/04/70/,,,,滋賀県,滋賀県 Instagramコンサルティング会社 -おすすめ -比較 -ランキング -求人 -まとめ
2/26 Instagram 攻略セミナー【湖南地域観光振興協議会からの ...,https://moriyama-cci.or.jp/2026/02/17/r7kokanshin_semi/,,,,滋賀県,滋賀県 Instagramコンサルティング会社 -おすすめ -比較 -ランキング -求人 -まとめ
クロダプランニングについて,https://www.96planning.com/%E3%82%AF%E3%83%AD%E3%83%80%E3%83%97%E3%83%A9%E3%83%B3%E3%83%8B%E3%83%B3%E3%82%B0%E3%81%AB%E3%81%A4%E3%81%84%E3%81%A6,,,,滋賀県,滋賀県 Instagramコンサルティング会社 -おすすめ -比較 -ランキング -求人 -まとめ
SNS導入,https://web.tsukuredasu.com/sns/,,,,滋賀県,滋賀県 Instagramコンサルティング会社 -おすすめ -比較 -ランキング -求人 -まとめ
最新 会社 情報 – お知らせ,https://keiji-c.jp/information/category/company/,,,,滋賀県,滋賀県 Instagramコンサルティング会社 -おすすめ -比較 -ランキング -求人 -まとめ
パシフィックコンサルタンツ株式 会社,https://www.pref.shiga.lg.jp/ippan/shigotosangyou/shigoto/17598.html,,,,滋賀県,滋賀県 Instagramコンサルティング会社 -おすすめ -比較 -ランキング -求人 -まとめ
会社 概要・スタッフ,https://www.starbride.jp/about/,,,,滋賀県,滋賀県 Instagramコンサルティング会社 -おすすめ -比較 -ランキング -求人 -まとめ
株式 会社 たしざん WORK,https://www.tashizan.jp/sns-management,,,,滋賀県,滋賀県 SNS撮影運用代行会社 -おすすめ -比較 -ランキング -求人 -まとめ
Omusubi Film,https://www.omusubifilm-japan.com/,,,,滋賀県,滋賀県 SNS撮影運用代行会社 -おすすめ -比較 -ランキング -求人 -まとめ
オオツカラボ,https://ohtsukalab.com/,,,,滋賀県,滋賀県 SNS撮影運用代行会社 -おすすめ -比較 -ランキング -求人 -まとめ
投稿外注の費用【1本3000円〜】 SNS ・ブログ別料金,https://dp-guild.com/blog/toukougaichuhi01,,,,滋賀県,滋賀県 SNS撮影運用代行会社 -おすすめ -比較 -ランキング -求人 -まとめ
Works,https://mogrow-inc.com/works/,,,,滋賀県,滋賀県 リール動画運用代行会社 -おすすめ -比較 -ランキング -求人 -まとめ
【 京都府 (京都保育の魅力発信キャンペーン)】令和 5 年度京都保育の ...,https://poteto.media/achievement-article/kyoto-hoiku-pr/,,,,京都府,京都府 Instagramコンサルティング会社 -おすすめ -比較 -ランキング -求人 -まとめ
【ホテル業界のSNS活用】リーガロイヤルホテル 京都 でメンション ...,https://any-ware.jp/2025/03/16/%E3%80%90%E3%83%9B%E3%83%86%E3%83%AB%E6%A5%AD%E7%95%8C%E3%81%AEsns%E6%B4%BB%E7%94%A8%E3%80%91%E3%83%AA%E3%83%BC%E3%82%AC%E3%83%AD%E3%82%A4%E3%83%A4%E3%83%AB%E3%83%9B%E3%83%86%E3%83%AB%E4%BA%AC/,,,,京都府,京都府 Instagramコンサルティング会社 -おすすめ -比較 -ランキング -求人 -まとめ
2020年度第1回技術研究会「もっと高めたい！企業・団体の ...,https://www.kiia.kyoto/news/2020/3693/,,,,京都府,京都府 Instagramコンサルティング会社 -おすすめ -比較 -ランキング -求人 -まとめ
INSTORY,https://www.wealcraft.net/instory/,,,,京都府,京都府 Instagramコンサルティング会社 -おすすめ -比較 -ランキング -求人 -まとめ
TikTok コンサルタントのことなら【KUROKO】にお任せください！,https://www.dance-alive.com/kuroko/,,,,京都府,京都府 TikTokコンサルティング会社 -おすすめ -比較 -ランキング -求人 -まとめ
篠崎彩奈さんが株式 会社 エスユーエスのイメージキャラクターに ...,https://www.sus-g.co.jp/2025/06/12981/,,,,京都府,京都府 TikTokコンサルティング会社 -おすすめ -比較 -ランキング -求人 -まとめ
【 撮影 ・編集込み】 SNS運用代行 サービス,https://enlink-kyoto.co.jp/services/sns-management/,,,,京都府,京都府 SNS撮影運用代行会社 -おすすめ -比較 -ランキング -求人 -まとめ
京都 ・大阪で SNS 広告 運用代行 ならPrime SEO+,https://primeseo.jp/service/sns-advertisement/,,,,京都府,京都府 SNS撮影運用代行会社 -おすすめ -比較 -ランキング -求人 -まとめ
SNS運用代行,https://maria-comm.co.jp/service/sns/,,,,京都府,京都府 SNS撮影運用代行会社 -おすすめ -比較 -ランキング -求人 -まとめ
写真・動画 撮影,https://shopserve.estore.jp/creative-partner/category/photo-video/,,,,京都府,京都府 SNS撮影運用代行会社 -おすすめ -比較 -ランキング -求人 -まとめ
SNS・オウンドメディア 運用,https://owlet.kansaipado.co.jp/ownedmedia/,,,,京都府,京都府 リール動画運用代行会社 -おすすめ -比較 -ランキング -求人 -まとめ
ADELEC,https://adelec-inc.com/business,,,,京都府,京都府 リール動画運用代行会社 -おすすめ -比較 -ランキング -求人 -まとめ
成果を生む Instagram 運用 コンサルティング 女性経営者を応援わくらく,https://wakrak.com/contents_1294.html,,,,大阪府,大阪府 Instagramコンサルティング会社 -おすすめ -比較 -ランキング -求人 -まとめ
【起業準備セミナー】 スマホ1台でここまでできる！起業家のための ...,https://ebis.obda.or.jp/service/47133/detail,,,,大阪府,大阪府 Instagramコンサルティング会社 -おすすめ -比較 -ランキング -求人 -まとめ
株式 会社 CHOKOKU,https://www.kansai-ap.biz/kigyo/%E6%A0%AA%E5%BC%8F%E4%BC%9A%E7%A4%BEchokoku,,,,大阪府,大阪府 Instagramコンサルティング会社 -おすすめ -比較 -ランキング -求人 -まとめ
大阪 の TikTok 運用代行サービス,https://tiktok.branding-c.com/,,,,大阪府,大阪府 TikTokコンサルティング会社 -おすすめ -比較 -ランキング -求人 -まとめ
SNS運用・ TikTok Shop・SEO・Webツール開発,https://www.finora.jp/works,,,,大阪府,大阪府 TikTokコンサルティング会社 -おすすめ -比較 -ランキング -求人 -まとめ
SNS運用代行 及び運用研修,https://neit.jp/living-environment/,,,,大阪府,大阪府 SNS撮影運用代行会社 -おすすめ -比較 -ランキング -求人 -まとめ
SNS AGENCY,https://archives-co.jp/service/sns-agency,,,,大阪府,大阪府 SNS撮影運用代行会社 -おすすめ -比較 -ランキング -求人 -まとめ
SNS運用 サポートサービス,https://newspo.co.jp/sns-support-service/,,,,大阪府,大阪府 SNS撮影運用代行会社 -おすすめ -比較 -ランキング -求人 -まとめ
大阪 の SNS運用代行 ・ホームページ制作,https://coralreef.co.jp/,,,,大阪府,大阪府 SNS撮影運用代行会社 -おすすめ -比較 -ランキング -求人 -まとめ
株式 会社 Rize SNSマーケティング,https://rize-sns-marketing.com/,,,,大阪府,大阪府 リール動画運用代行会社 -おすすめ -比較 -ランキング -求人 -まとめ
大阪,https://rocksss.com/videoproduction/,,,,大阪府,大阪府 リール動画運用代行会社 -おすすめ -比較 -ランキング -求人 -まとめ
大阪 で採用 動画 ・企業PR・ 会社 説明の 動画 制作なら,https://rhinoscompany.com/service/,,,,大阪府,大阪府 リール動画運用代行会社 -おすすめ -比較 -ランキング -求人 -まとめ
link × link,https://www.linklink.cloud/,,,,兵庫県,兵庫県 TikTokコンサルティング会社 -おすすめ -比較 -ランキング -求人 -まとめ
大丸松坂屋百貨店／お菓子食べすぎ会社員 TikTok コンサル サービス ...,https://www.ryutsuu.biz/it/o110742.html,,,,兵庫県,兵庫県 TikTokコンサルティング会社 -おすすめ -比較 -ランキング -求人 -まとめ
“バズる”を目指して 平均年齢61歳のおじさんTikTokerが制作 企業の ...,https://www.ktv.jp/news/feature/22013111/,,,,兵庫県,兵庫県 TikTokコンサルティング会社 -おすすめ -比較 -ランキング -求人 -まとめ
WEB コンサルティング 、EC支援をお探しならキール運営ネット ...,https://keel-web.com/shop/,,,,兵庫県,兵庫県 Instagramコンサルティング会社 -おすすめ -比較 -ランキング -求人 -まとめ
コンサルティング サービス,https://10doorsconsulting.com/consulting_service/,,,,兵庫県,兵庫県 Instagramコンサルティング会社 -おすすめ -比較 -ランキング -求人 -まとめ
合同 会社 makoto,https://mmakoto-llc-sassa.cloud/,,,,兵庫県,兵庫県 リール動画運用代行会社 -おすすめ -比較 -ランキング -求人 -まとめ
SNS代行,https://caelma.net/feature/SNS%E4%BB%A3%E8%A1%8C/,,,,兵庫県,兵庫県 SNS撮影運用代行会社 -おすすめ -比較 -ランキング -求人 -まとめ
SNS マーケティング,https://ari-ka.co.jp/service/sns-marketing/,,,,兵庫県,兵庫県 SNS撮影運用代行会社 -おすすめ -比較 -ランキング -求人 -まとめ
Instagramコンサルティング ・運用代行,https://growthseed.jp/service/sns-instagram/,,,,奈良県,奈良県 Instagramコンサルティング会社 -おすすめ -比較 -ランキング -求人 -まとめ
インスタ グラム運用の販売代理店パートナーを募集,https://instagram.cin-group.com/agency-partner/,,,,奈良県,奈良県 Instagramコンサルティング会社 -おすすめ -比較 -ランキング -求人 -まとめ
Instagram 運用支援,https://startinnovation.jp/business/instagram/,,,,奈良県,奈良県 Instagramコンサルティング会社 -おすすめ -比較 -ランキング -求人 -まとめ
Instagram,https://braintrust-fp.jp/instagram/,,,,奈良県,奈良県 Instagramコンサルティング会社 -おすすめ -比較 -ランキング -求人 -まとめ
TikTok マーケティング事業,https://h-rent.com/service/marketing/,,,,奈良県,奈良県 TikTokコンサルティング会社 -おすすめ -比較 -ランキング -求人 -まとめ
SNS運用代行 サービス,https://andshare.ne.jp/,,,,奈良県,奈良県 SNS撮影運用代行会社 -おすすめ -比較 -ランキング -求人 -まとめ
SNS 採用 運用代行,https://hypex.jp/solution/sns,,,,奈良県,奈良県 SNS撮影運用代行会社 -おすすめ -比較 -ランキング -求人 -まとめ
Instagram広告 代行 /アプリ作成,https://www.shittoru-seo-app.com/instagram-service-and-appli,,,,奈良県,奈良県 リール動画運用代行会社 -おすすめ -比較 -ランキング -求人 -まとめ
SNS運用,https://hdw.jp/sns.html,,,,和歌山県,和歌山県 Instagramコンサルティング会社 -おすすめ -比較 -ランキング -求人 -まとめ
Instagram,https://earth-consul.com/instagram/,,,,和歌山県,和歌山県 Instagramコンサルティング会社 -おすすめ -比較 -ランキング -求人 -まとめ
和歌山県 よろず支援拠点セミナー『SNS×EC 初心者のための ...,https://yarukiouendan.or.jp/waka-cheer/event/event-15335/,,,,和歌山県,和歌山県 Instagramコンサルティング会社 -おすすめ -比較 -ランキング -求人 -まとめ
SNS×EC無料セミナー 「初心者のための Instagram ショッピング入門 ...,https://yorozuw.go.jp/seminar/202602mtsm/,,,,和歌山県,和歌山県 Instagramコンサルティング会社 -おすすめ -比較 -ランキング -求人 -まとめ
マルコーホーム 和歌山 ・奈良・千葉・名古屋の注文住宅・新築,https://www.maruko-home.co.jp/events/%E3%83%A9%E3%82%B8%E3%82%AA%E7%95%AA%E7%B5%84%E3%81%AB%E5%BC%8A%E7%A4%BE%E4%BB%A3%E8%A1%A8%E5%87%BA%E6%BC%94%EF%BC%81%EF%BC%81/,,,,和歌山県,和歌山県 TikTokコンサルティング会社 -おすすめ -比較 -ランキング -求人 -まとめ
未公開事例連発30選～デジタル集客セミナー,https://gamechange.co.jp/seminar/seminar-007/,,,,和歌山県,和歌山県 TikTokコンサルティング会社 -おすすめ -比較 -ランキング -求人 -まとめ
株式 会社 Alpha.,https://lit.link/alphainc,,,,和歌山県,和歌山県 SNS撮影運用代行会社 -おすすめ -比較 -ランキング -求人 -まとめ
食品・飲料メーカーの SNS運用代行 ならアイランド,https://www.ai-land.co.jp/snsmanagement/,,,,和歌山県,和歌山県 SNS撮影運用代行会社 -おすすめ -比較 -ランキング -求人 -まとめ
「アドベンチャーワールド」（ 和歌山県 白浜町）の中国 SNS 動画 ...,https://touchtv.jp/news/1/,,,,和歌山県,和歌山県 SNS撮影運用代行会社 -おすすめ -比較 -ランキング -求人 -まとめ
あああつし,https://aaatsushi.com/,,,,和歌山県,和歌山県 リール動画運用代行会社 -おすすめ -比較 -ランキング -求人 -まとめ
SNS運用プロデュース/運用代行,https://www.team-yonago.jp/store/175,,,,鳥取県,鳥取県 Instagramコンサルティング会社 -おすすめ -比較 -ランキング -求人 -まとめ
「 インスタ グラム動画活用セミナー」の開催のお知らせ【終了】,https://torinishi.tori-skr.jp/info/6256458,,,,鳥取県,鳥取県 Instagramコンサルティング会社 -おすすめ -比較 -ランキング -求人 -まとめ
9/26 鳥取県 日南町役場様主催「 Instagram を活用したSNSワーク ...,https://cometrees.jp/archives/4930,,,,鳥取県,鳥取県 Instagramコンサルティング会社 -おすすめ -比較 -ランキング -求人 -まとめ
Instagram 運用代行サービス,https://asonus.net/instagram_plan/,,,,鳥取県,鳥取県 Instagramコンサルティング会社 -おすすめ -比較 -ランキング -求人 -まとめ
「AI事業部」の新設ならびに、AIを活用したサービス提供開始の ...,https://lifefix.co.jp/cat-news/1764/,,,,鳥取県,鳥取県 Instagramコンサルティング会社 -おすすめ -比較 -ランキング -求人 -まとめ
モジョ コンサルティング 合同 会社,https://mojo.co.jp/,,,,鳥取県,鳥取県 TikTokコンサルティング会社 -おすすめ -比較 -ランキング -求人 -まとめ
J-Startup WEST 第3次選定企業,https://www.chugoku.meti.go.jp/r7fy/saitaku/innovation/pdf/260122_1.pdf,,,,鳥取県,鳥取県 TikTokコンサルティング会社 -おすすめ -比較 -ランキング -求人 -まとめ
事例紹介,https://tooou.co.jp/works,,,,鳥取県,鳥取県 SNS撮影運用代行会社 -おすすめ -比較 -ランキング -求人 -まとめ
Untitled,https://www.pref.tottori.lg.jp/secure/1427876/R8_DegiChirashi.pdf,,,,鳥取県,鳥取県 リール動画運用代行会社 -おすすめ -比較 -ランキング -求人 -まとめ
ホーム NPO法人 鳥取県 障がい者就労事業振興センター,https://sinko-tori.com/,,,,鳥取県,鳥取県 リール動画運用代行会社 -おすすめ -比較 -ランキング -求人 -まとめ
二木拓磨,https://www.yorozu-shimane.go.jp/coordinators/c004,,,,島根県,島根県 Instagramコンサルティング会社 -おすすめ -比較 -ランキング -求人 -まとめ
システム開発や交通 ...,https://www.vitallead.co.jp/companyprofile/,,,,島根県,島根県 Instagramコンサルティング会社 -おすすめ -比較 -ランキング -求人 -まとめ
有限 会社 Willさんいん川本町,https://www.oochi-sakurae-koyou.com/members/kawamoto-552/,,,,島根県,島根県 Instagramコンサルティング会社 -おすすめ -比較 -ランキング -求人 -まとめ
SNS広告運用代行,https://likg.co.jp/service/sns-ads/,,,,島根県,島根県 TikTokコンサルティング会社 -おすすめ -比較 -ランキング -求人 -まとめ
令和元年度補正予算 小規模事業者持続化補助金＜一般型＞（第6回 ...,https://r1.jizokukahojokin.info/saitaku/doc/r1i_6_chuugoku.pdf,,,,島根県,島根県 TikTokコンサルティング会社 -おすすめ -比較 -ランキング -求人 -まとめ
【松江】Youtubeの運営・動画 撮影 ・編集・投稿 代行,https://www.bsd3.jp/%E3%82%B5%E3%83%BC%E3%83%93%E3%82%B9%E6%A1%88%E5%86%85/2019081007/,,,,島根県,島根県 SNS撮影運用代行会社 -おすすめ -比較 -ランキング -求人 -まとめ
StArt,https://start-shimane.com/,,,,島根県,島根県 SNS撮影運用代行会社 -おすすめ -比較 -ランキング -求人 -まとめ
SNS を活用した 情報発信,https://www3.jeed.go.jp/shimane/poly/tsattg0000004ecw-att/tsattg0000004eiy.pdf,,,,島根県,島根県 SNS撮影運用代行会社 -おすすめ -比較 -ランキング -求人 -まとめ
AI検索時代の情報配信をワンストップで支援する『 SNS 投稿・ 運用 ...,https://www.ntt-tp.co.jp/news/service-news/release251209.html,,,,島根県,島根県 SNS撮影運用代行会社 -おすすめ -比較 -ランキング -求人 -まとめ
新規顧客獲得＆客単価アップを実現するSNS見直し・活用セミナー,https://www.okayama-kenren.or.jp/%E6%96%B0%E7%9D%80%E6%83%85%E5%A0%B1/%E6%96%B0%E8%A6%8F%E9%A1%A7%E5%AE%A2%E7%8D%B2%E5%BE%97-%E5%AE%A2%E5%8D%98%E4%BE%A1%E3%82%A2%E3%83%83%E3%83%97%E3%82%92%E5%AE%9F%E7%8F%BE%E3%81%99%E3%82%8Bsns%E8%A6%8B%E7%9B%B4%E3%81%97-%E6%B4%BB%E7%94%A8%E3%82%BB%E3%83%9F%E3%83%8A%E3%83%BC/,,,,岡山県,岡山県 Instagramコンサルティング会社 -おすすめ -比較 -ランキング -求人 -まとめ
Selfimについて  株式 会社 Selfim,https://selfim.co.jp/,,,,岡山県,岡山県 Instagramコンサルティング会社 -おすすめ -比較 -ランキング -求人 -まとめ
組織図,https://www.okayama-zeimu.com/company/company-2/,,,,岡山県,岡山県 Instagramコンサルティング会社 -おすすめ -比較 -ランキング -求人 -まとめ
おかやま子育て応援宣言企業「株式 会社 システムタイズ ...,https://www.pref.okayama.jp/page/981725.html,,,,岡山県,岡山県 Instagramコンサルティング会社 -おすすめ -比較 -ランキング -求人 -まとめ
Instagram （ インスタ グラム）の紹介。,https://mrie.co.jp/news/2461/,,,,岡山県,岡山県 Instagramコンサルティング会社 -おすすめ -比較 -ランキング -求人 -まとめ
株式 会社 優計コンサルタント,https://webcourse.jp/okayama/articles/845,,,,岡山県,岡山県 TikTokコンサルティング会社 -おすすめ -比較 -ランキング -求人 -まとめ
SNS・WEB コンサルティング,https://ma44.co.jp/web-consult/,,,,岡山県,岡山県 TikTokコンサルティング会社 -おすすめ -比較 -ランキング -求人 -まとめ
映像制作STORY – 企業向け映像制作、 SNS運用代行 、医療福祉向け ...,https://eizostory.com/,,,,岡山県,岡山県 SNS撮影運用代行会社 -おすすめ -比較 -ランキング -求人 -まとめ
サンプル,https://teleoka.com/demo/company/,,,,岡山県,岡山県 SNS撮影運用代行会社 -おすすめ -比較 -ランキング -求人 -まとめ
清水 陽子,https://www.optic.or.jp/navi_senmonka/professional_detail/index/900.html,,,,岡山県,岡山県 SNS撮影運用代行会社 -おすすめ -比較 -ランキング -求人 -まとめ
専門家派遣事業,https://www.okasci.or.jp/~keieishien/senmonka/search/index.cgi?c=zoom&pk=1396,,,,岡山県,岡山県 SNS撮影運用代行会社 -おすすめ -比較 -ランキング -求人 -まとめ
動画 制作,https://livemore.jp/service/movies/,,,,岡山県,岡山県 リール動画運用代行会社 -おすすめ -比較 -ランキング -求人 -まとめ
リバカン,https://www.tcwc.info/price,,,,岡山県,岡山県 リール動画運用代行会社 -おすすめ -比較 -ランキング -求人 -まとめ
広島インスタ 講座 竹網あや,https://insutaaya.com/,,,,広島県,広島県 Instagramコンサルティング会社 -おすすめ -比較 -ランキング -求人 -まとめ
Instagram 運用,https://web-hiroshima.com/sns-marketing/instagram/,,,,広島県,広島県 Instagramコンサルティング会社 -おすすめ -比較 -ランキング -求人 -まとめ
Instagram,https://smile-hd-ma.com/instagram/,,,,広島県,広島県 Instagramコンサルティング会社 -おすすめ -比較 -ランキング -求人 -まとめ
LINE× Instagram で(株)TrustLeadと業務提携,https://givertakeall.com/b3fdea42f1cf4006b55df917612d4f30,,,,広島県,広島県 Instagramコンサルティング会社 -おすすめ -比較 -ランキング -求人 -まとめ
バレットグループ株式 会社 による開発ラボ「COCODEMO ...,https://www.city.etajima.hiroshima.jp/cms/articles/show/7741,,,,広島県,広島県 TikTokコンサルティング会社 -おすすめ -比較 -ランキング -求人 -まとめ
株式 会社 剣,https://tsurugi-corp.co.jp/,,,,広島県,広島県 TikTokコンサルティング会社 -おすすめ -比較 -ランキング -求人 -まとめ
SNS 運用代行,https://nexum.co.jp/sns/,,,,広島県,広島県 TikTokコンサルティング会社 -おすすめ -比較 -ランキング -求人 -まとめ
SNS 運用代行,https://bash-room.com/sns/,,,,広島県,広島県 リール動画運用代行会社 -おすすめ -比較 -ランキング -求人 -まとめ
オウンドメディア 運用代行,https://m-hands.net/service/marketing/owned-media/,,,,広島県,広島県 リール動画運用代行会社 -おすすめ -比較 -ランキング -求人 -まとめ
SNS・ 動画 ・クリエイティブ事業,https://www.peekaboo.co.jp/service-promotion/,,,,広島県,広島県 リール動画運用代行会社 -おすすめ -比較 -ランキング -求人 -まとめ
ヒカリノハコー 広島 の SNS運用代行 ー,https://hikarinohako.jp/,,,,広島県,広島県 SNS撮影運用代行会社 -おすすめ -比較 -ランキング -求人 -まとめ
SNS 動画制作,https://evisionfilm.com/sns,,,,広島県,広島県 SNS撮影運用代行会社 -おすすめ -比較 -ランキング -求人 -まとめ
オフィス概要– 広島 市・呉市・東 広島 市の企業を支えるWeb制作 ...,https://pazoom.jp/company/,,,,広島県,広島県 SNS撮影運用代行会社 -おすすめ -比較 -ランキング -求人 -まとめ
インスタ グラム,https://www.forest-ayumi.com/2022/10/25/2975/,,,,山口県,山口県 Instagramコンサルティング会社 -おすすめ -比較 -ランキング -求人 -まとめ
松村 昌典,https://yamaguchi-shokokai.or.jp/cp_expert/cp_expert-4818,,,,山口県,山口県 Instagramコンサルティング会社 -おすすめ -比較 -ランキング -求人 -まとめ
税理士として 山口 県域の事業承継に貢献します,https://jidaio.com/company/,,,,山口県,山口県 Instagramコンサルティング会社 -おすすめ -比較 -ランキング -求人 -まとめ
会社 概要,https://taskbreak.jp/office,,,,山口県,山口県 Instagramコンサルティング会社 -おすすめ -比較 -ランキング -求人 -まとめ
【若手社員向け】キャリアデザインワークショップを開催します,https://yamagucheers.com/news/ycsem2506_young/,,,,山口県,山口県 Instagramコンサルティング会社 -おすすめ -比較 -ランキング -求人 -まとめ
eachvista株式 会社,https://itlink-yamaguchi.info/company/eachvista%E6%A0%AA%E5%BC%8F%E4%BC%9A%E7%A4%BE/,,,,山口県,山口県 TikTokコンサルティング会社 -おすすめ -比較 -ランキング -求人 -まとめ
ミラクルONEエージェント株式 会社,https://www.shunan-marketing.jp/make_pdf.php?cci=1&manage=2493,,,,山口県,山口県 TikTokコンサルティング会社 -おすすめ -比較 -ランキング -求人 -まとめ
地域経済システム研究所（RIRE）と協定を締結 ～プロスポーツを用 ...,https://www.renofa.com/archives/80858/,,,,山口県,山口県 TikTokコンサルティング会社 -おすすめ -比較 -ランキング -求人 -まとめ
環境経営レポート,https://www.ea21.jp/list/pdfn/0002843.pdf,,,,山口県,山口県 TikTokコンサルティング会社 -おすすめ -比較 -ランキング -求人 -まとめ
株式 会社 ctow,https://morningpitch.com/startups/29887/,,,,山口県,山口県 TikTokコンサルティング会社 -おすすめ -比較 -ランキング -求人 -まとめ
インスタ、T i k T o kからの集客に成功！賃貸契約数が前年比200%UP,https://yorozu-yamaguchi.go.jp/case/case_2025_05-2-2/index.html,,,,山口県,山口県 TikTokコンサルティング会社 -おすすめ -比較 -ランキング -求人 -まとめ
Instagram 運用代行,https://i-rink.jp/agency/,,,,山口県,山口県 SNS撮影運用代行会社 -おすすめ -比較 -ランキング -求人 -まとめ
【 法人様向けオンライン SNS運用代行 サービス 6/17 開始の ...,https://www.applied-g.jp/wp-content/uploads/2021/06/e18244ef3a915b8122b9cefb35ef45e6.pdf,,,,山口県,山口県 SNS撮影運用代行会社 -おすすめ -比較 -ランキング -求人 -まとめ
会社 概要,https://miraicamera.co.jp/company/,,,,山口県,山口県 SNS撮影運用代行会社 -おすすめ -比較 -ランキング -求人 -まとめ
NEO福岡 応援カイギ #9,https://neotown.net/event/neo%E7%A6%8F%E5%B2%A1%E3%80%80%E5%BF%9C%E6%8F%B4%E3%82%AB%E3%82%A4%E3%82%AE%E3%80%809/,,,,山口県,山口県 リール動画運用代行会社 -おすすめ -比較 -ランキング -求人 -まとめ
不動産 コンサルティング,https://www.relation-style.com/estate-consulting,,,,徳島県,徳島県 Instagramコンサルティング会社 -おすすめ -比較 -ランキング -求人 -まとめ
ブランディングを促進,https://eldorado358.jp/corporate_consulting1/lp2/,,,,徳島県,徳島県 Instagramコンサルティング会社 -おすすめ -比較 -ランキング -求人 -まとめ
コンサルティング,https://www.tokushimaheroes.jp/tag-company/%E3%82%B3%E3%83%B3%E3%82%B5%E3%83%AB%E3%83%86%E3%82%A3%E3%83%B3%E3%82%B0/,,,,徳島県,徳島県 Instagramコンサルティング会社 -おすすめ -比較 -ランキング -求人 -まとめ
徳島県 より、魅力ある職場環境整備補助金のお知らせ／,https://www.city.komatsushima.lg.jp/docs/5819946.html,,,,徳島県,徳島県 Instagramコンサルティング会社 -おすすめ -比較 -ランキング -求人 -まとめ
球団パーパス策定のお知らせ,https://indigo-socks.com/news/team/3103/,,,,徳島県,徳島県 TikTokコンサルティング会社 -おすすめ -比較 -ランキング -求人 -まとめ
ずシオマネキキャラ「名前決定投票」10月1日より ...,https://toku-sc.com/activities/473/,,,,徳島県,徳島県 TikTokコンサルティング会社 -おすすめ -比較 -ランキング -求人 -まとめ
株式 会社 エンターラル,https://enterral.com/,,,,徳島県,徳島県 SNS撮影運用代行会社 -おすすめ -比較 -ランキング -求人 -まとめ
できること,https://gloadd.co.jp/service/,,,,徳島県,徳島県 SNS撮影運用代行会社 -おすすめ -比較 -ランキング -求人 -まとめ
SNS の 運用,https://aqua-715.com/branding1/lp5/,,,,徳島県,徳島県 SNS撮影運用代行会社 -おすすめ -比較 -ランキング -求人 -まとめ
サイト運用・ネット広告・企業研修,https://www.web-analytics.pro/,,,,香川県,香川県 Instagramコンサルティング会社 -おすすめ -比較 -ランキング -求人 -まとめ
香川県 高松市の介護 コンサル なら経営改善支援のonefuter,https://one-futer.com/,,,,香川県,香川県 Instagramコンサルティング会社 -おすすめ -比較 -ランキング -求人 -まとめ
瀬戸内イノベータートークvol.5 プレ配信「海外×起業という生き方 ...,https://setouchiibase.jp/pub/event/detail/f57ab0virk9jz4edwq,,,,香川県,香川県 Instagramコンサルティング会社 -おすすめ -比較 -ランキング -求人 -まとめ
会社 概要・アクセス,https://ashimira.jp/about/profile/,,,,香川県,香川県 Instagramコンサルティング会社 -おすすめ -比較 -ランキング -求人 -まとめ
岡 真一郎,https://www.i-u.ac.jp/academics/faculty/shinichirooka/,,,,香川県,香川県 TikTokコンサルティング会社 -おすすめ -比較 -ランキング -求人 -まとめ
香川県 スタートアップアクセラレーターについて,https://www.pref.kagawa.lg.jp/sangyo/shinki/accelerator.html,,,,香川県,香川県 TikTokコンサルティング会社 -おすすめ -比較 -ランキング -求人 -まとめ
SNS運用代行,https://kagawalab.jaybe.co.jp/sns/,,,,香川県,香川県 SNS撮影運用代行会社 -おすすめ -比較 -ランキング -求人 -まとめ
SNS運用,https://www.gofield.co.jp/marketing/sns/,,,,香川県,香川県 SNS撮影運用代行会社 -おすすめ -比較 -ランキング -求人 -まとめ
株式 会社 一誠社 動画制作事業,https://isseisha.co.jp/kagawakentakamatsushimovie/,,,,香川県,香川県 SNS撮影運用代行会社 -おすすめ -比較 -ランキング -求人 -まとめ
香川県 琴平町「NINE STORIES HOTEL」 SNS運用,https://apollone.jp/archive/ninestoriessns/,,,,香川県,香川県 SNS撮影運用代行会社 -おすすめ -比較 -ランキング -求人 -まとめ
広報業務の効率化による マーケティング 強化,https://www.pref.ehime.jp/uploaded/attachment/143972.pdf,,,,愛媛県,愛媛県 Instagramコンサルティング会社 -おすすめ -比較 -ランキング -求人 -まとめ
施工事例( 愛媛県 ),https://www.daiken.jp/buildingmaterials/publiccase/?f=C38,,,,愛媛県,愛媛県 TikTokコンサルティング会社 -おすすめ -比較 -ランキング -求人 -まとめ
松山市・ 愛媛県 の SNS運用代行 ・インスタ 運用代行,https://unit-net.co.jp/lp/ehime/sns-marketing.html,,,,愛媛県,愛媛県 SNS撮影運用代行会社 -おすすめ -比較 -ランキング -求人 -まとめ
松山市でPR動画、広告 撮影 や映像制作なら『R design lab』: HOME,https://r-design-lab15.com/,,,,愛媛県,愛媛県 SNS撮影運用代行会社 -おすすめ -比較 -ランキング -求人 -まとめ
愛媛県,https://www.creators-station.jp/category/interview/legends/chushikoku/ehime,,,,愛媛県,愛媛県 SNS撮影運用代行会社 -おすすめ -比較 -ランキング -求人 -まとめ
【参加費無料】(県内事業者様向け)スマホで簡単！『売れるショート ...,https://ehime-hyakka.com/news/260610/,,,,愛媛県,愛媛県 リール動画運用代行会社 -おすすめ -比較 -ランキング -求人 -まとめ
【参加費無料】 愛媛県 ×楽天グループ『スマホで簡単！売れる ...,https://jp.surveymonkey.com/r/ZBK9D36,,,,愛媛県,愛媛県 リール動画運用代行会社 -おすすめ -比較 -ランキング -求人 -まとめ
Instagramを活用した情報発信,https://www.city.matsuyama.ehime.jp/shisei/koho/sns/instagram.html,,,,愛媛県,愛媛県 リール動画運用代行会社 -おすすめ -比較 -ランキング -求人 -まとめ
愛媛県 観光写真大賞2026,https://tsukaretara-ehime.jp/post.html,,,,愛媛県,愛媛県 リール動画運用代行会社 -おすすめ -比較 -ランキング -求人 -まとめ
旭 コンサルティング プラザ,https://www.kochi-bank.co.jp/atm/012328.html,,,,高知県,高知県 Instagramコンサルティング会社 -おすすめ -比較 -ランキング -求人 -まとめ
企業支援プロジェクト,http://csconsulting.co.jp/wp-content/uploads/2021/12/sales.pdf,,,,高知県,高知県 Instagramコンサルティング会社 -おすすめ -比較 -ランキング -求人 -まとめ
働き方改革普及促進事業（「 高知県 登録働き方改革コンサルタント ...,https://www.pref.kochi.lg.jp/doc/2025070100281/,,,,高知県,高知県 TikTokコンサルティング会社 -おすすめ -比較 -ランキング -求人 -まとめ
高知県 の働き方改革に コンサル会社 を活用 短時間勤務職員枠の新設 ...,https://www.sunsuntv.co.jp/news/2025/09/2758061,,,,高知県,高知県 TikTokコンサルティング会社 -おすすめ -比較 -ランキング -求人 -まとめ
生成AI×SNS活用セミナー,https://joho-kochi.or.jp/seminar/pdf/20260114.pdf,,,,高知県,高知県 TikTokコンサルティング会社 -おすすめ -比較 -ランキング -求人 -まとめ
Instagram 運用,https://www.vlancyhub.com/,,,,高知県,高知県 SNS撮影運用代行会社 -おすすめ -比較 -ランキング -求人 -まとめ
NEOBU,https://neobu.jp/,,,,高知県,高知県 SNS撮影運用代行会社 -おすすめ -比較 -ランキング -求人 -まとめ
私の活動・できること,https://www.city.takahashi.lg.jp/uploaded/attachment/31895.pdf,,,,高知県,高知県 SNS撮影運用代行会社 -おすすめ -比較 -ランキング -求人 -まとめ
フィッシングトップ,https://www.miyaepoch.jp/,,,,高知県,高知県 リール動画運用代行会社 -おすすめ -比較 -ランキング -求人 -まとめ
SNS事業,https://punctual.co.jp/sns/,,,,高知県,高知県 リール動画運用代行会社 -おすすめ -比較 -ランキング -求人 -まとめ
TakeC INC.,https://fukuoka.take-c.co.jp/sns.html,,,,福岡県,福岡県 Instagramコンサルティング会社 -おすすめ -比較 -ランキング -求人 -まとめ
SNS運用 コンサルティング （ Instagram 運用・集客相談）,https://www.ilj.jp/marketing/sns_consulting.php,,,,福岡県,福岡県 Instagramコンサルティング会社 -おすすめ -比較 -ランキング -求人 -まとめ
Instagram 運用代行,https://t-1.co.jp/SERVICE/Instagram/,,,,福岡県,福岡県 Instagramコンサルティング会社 -おすすめ -比較 -ランキング -求人 -まとめ
Instagram,https://cj-con.jp/instagram/,,,,福岡県,福岡県 Instagramコンサルティング会社 -おすすめ -比較 -ランキング -求人 -まとめ
今こそやるべき！ TikTok 集客講座〜入門編,https://yorozu-fukuoka.go.jp/tiktokshukyaku-nyumon/,,,,福岡県,福岡県 TikTokコンサルティング会社 -おすすめ -比較 -ランキング -求人 -まとめ
SNS運用代行,https://heurithm-service.com/SNSsuport,,,,福岡県,福岡県 SNS撮影運用代行会社 -おすすめ -比較 -ランキング -求人 -まとめ
【 SNS運用代行 】Junpei Tsutsumi,https://www.junpeitsutsumi.com/operation.php,,,,福岡県,福岡県 SNS撮影運用代行会社 -おすすめ -比較 -ランキング -求人 -まとめ
福岡SNS くん,https://fukuoka-ai-lab.com/services/sns/,,,,福岡県,福岡県 SNS撮影運用代行会社 -おすすめ -比較 -ランキング -求人 -まとめ
シティ情報ふくおか インスタ 運用,https://www.fukuoka-navi.jp/ad/insta.html,,,,福岡県,福岡県 SNS撮影運用代行会社 -おすすめ -比較 -ランキング -求人 -まとめ
リフォーム 会社 イベントInstagram リール 広告 動画 制作,https://inqua.jp/works/moriplus-6/,,,,福岡県,福岡県 リール動画運用代行会社 -おすすめ -比較 -ランキング -求人 -まとめ
株式 会社 Noah Nine,https://ec.tsuku2.jp/shop/0000283643,,,,福岡県,福岡県 リール動画運用代行会社 -おすすめ -比較 -ランキング -求人 -まとめ
株式 会社 Carry On,https://www.morikawakaito.org/team/6105/,,,,佐賀県,佐賀県 Instagramコンサルティング会社 -おすすめ -比較 -ランキング -求人 -まとめ
オタク コンサル 合同 会社,https://www.saga-smart.jp/support/otaku-consulting/,,,,佐賀県,佐賀県 Instagramコンサルティング会社 -おすすめ -比較 -ランキング -求人 -まとめ
2020年3月2日｢さが土産品開発第3期 コンサルティング 成果発表会 ...,https://www.arita.jp/news/3831.html,,,,佐賀県,佐賀県 Instagramコンサルティング会社 -おすすめ -比較 -ランキング -求人 -まとめ
佐賀県 「佐賀ものづくりチャンネル」県内の就職率向上のため,https://www.onemedia.jp/works/sagaken,,,,佐賀県,佐賀県 TikTokコンサルティング会社 -おすすめ -比較 -ランキング -求人 -まとめ
お問い合わせ,https://www.kwm.co.jp/contact/,,,,佐賀県,佐賀県 TikTokコンサルティング会社 -おすすめ -比較 -ランキング -求人 -まとめ
ビジョン・組織図・ 会社 概要,https://alphabet-hd.jp/about-us/outline/,,,,佐賀県,佐賀県 TikTokコンサルティング会社 -おすすめ -比較 -ランキング -求人 -まとめ
SNS媒体資料,https://www.nagasaki-press.com/press/wp-content/uploads/2023/06/20230222-sns-baitai.pdf,,,,佐賀県,佐賀県 リール動画運用代行会社 -おすすめ -比較 -ランキング -求人 -まとめ
佐賀県 観光連盟 HP「あそぼーさが」公式ライター募集要項,https://www.asobo-saga.jp/files/uploads/news/%E3%80%8C%E3%81%82%E3%81%9D%E3%81%BC%E3%83%BC%E3%81%95%E3%81%8C%E3%83%A9%E3%82%A4%E3%82%BF%E3%83%BC%E3%80%8D%E5%8B%9F%E9%9B%86%E8%A6%81%E9%A0%85_1.pdf,,,,佐賀県,佐賀県 リール動画運用代行会社 -おすすめ -比較 -ランキング -求人 -まとめ
SNS運用 担当者,https://engawa.global/recruit/sns-assistantdirector/,,,,佐賀県,佐賀県 SNS撮影運用代行会社 -おすすめ -比較 -ランキング -求人 -まとめ
SNS運用代行,https://linxtakeo.com/support/sns,,,,佐賀県,佐賀県 SNS撮影運用代行会社 -おすすめ -比較 -ランキング -求人 -まとめ
2022年10月3日「NAVICUS九州」 長崎 で設立,https://navicus-kyushu.com/posts/NAVICUSKYUSHU,,,,長崎県,長崎県 Instagramコンサルティング会社 -おすすめ -比較 -ランキング -求人 -まとめ
実績,https://www.tabiiroad.net/achievements/,,,,長崎県,長崎県 Instagramコンサルティング会社 -おすすめ -比較 -ランキング -求人 -まとめ
a,https://www.asplanned.net/,,,,長崎県,長崎県 TikTokコンサルティング会社 -おすすめ -比較 -ランキング -求人 -まとめ
自社に合ったSNSの活用,https://www.syousai-support.jp/archives/3544,,,,長崎県,長崎県 TikTokコンサルティング会社 -おすすめ -比較 -ランキング -求人 -まとめ
運営 会社,https://www.ari-l.net/company/,,,,長崎県,長崎県 TikTokコンサルティング会社 -おすすめ -比較 -ランキング -求人 -まとめ
Webマーケティング,https://in-tex.co.jp/service/webmarketing.html,,,,長崎県,長崎県 SNS撮影運用代行会社 -おすすめ -比較 -ランキング -求人 -まとめ
Evoliv,https://evolivision.studio.site/,,,,熊本県,熊本県 Instagramコンサルティング会社 -おすすめ -比較 -ランキング -求人 -まとめ
お知らせ,https://www.gravity-fudosan.com/news/news-instagram/,,,,熊本県,熊本県 Instagramコンサルティング会社 -おすすめ -比較 -ランキング -求人 -まとめ
ベルシステム24、レイヤーズ・ コンサルティング の合弁 会社 である ...,https://www.layers.co.jp/news/n20240214/,,,,熊本県,熊本県 Instagramコンサルティング会社 -おすすめ -比較 -ランキング -求人 -まとめ
インスタ グラム開設いたしました,https://elaa.co.jp/post-1715876391/,,,,熊本県,熊本県 Instagramコンサルティング会社 -おすすめ -比較 -ランキング -求人 -まとめ
株式 会社 Evoliv,https://hirogaru.jp/bizboost/article_view.php?id=2145,,,,熊本県,熊本県 TikTokコンサルティング会社 -おすすめ -比較 -ランキング -求人 -まとめ
積算〜請求まで一気通貫のシステムを実現,https://flyke.co.jp/project/nasc/,,,,熊本県,熊本県 TikTokコンサルティング会社 -おすすめ -比較 -ランキング -求人 -まとめ
動画 制作,https://aqm.jp/service/movie/,,,,熊本県,熊本県 リール動画運用代行会社 -おすすめ -比較 -ランキング -求人 -まとめ
ターゲット層へ効果的にアプローチ！広報代理店「いっしょに ...,https://koho-dairiten.com/blog/customer-case9/,,,,熊本県,熊本県 リール動画運用代行会社 -おすすめ -比較 -ランキング -求人 -まとめ
SNS 運用 、もう手詰まり？ 熊本 で売上を伸ばすYouTubeの新常識,https://etsuzan.co.jp/ai-knowledge/youtube-sns-kumamoto-sales,,,,熊本県,熊本県 リール動画運用代行会社 -おすすめ -比較 -ランキング -求人 -まとめ
広報・PR・ SNS運用 支援,https://child-hood.jp/service,,,,熊本県,熊本県 SNS撮影運用代行会社 -おすすめ -比較 -ランキング -求人 -まとめ
自治体向け SNS運用,https://www.dessun.jp/sns,,,,熊本県,熊本県 SNS撮影運用代行会社 -おすすめ -比較 -ランキング -求人 -まとめ
幅広いサービスを提供しています,https://nexzon-inc.com/service/,,,,熊本県,熊本県 SNS撮影運用代行会社 -おすすめ -比較 -ランキング -求人 -まとめ
今長 学,https://www.design-oita.jp/members/559,,,,大分県,大分県 Instagramコンサルティング会社 -おすすめ -比較 -ランキング -求人 -まとめ
会社 概要,https://toa-consultant.co.jp/company,,,,大分県,大分県 Instagramコンサルティング会社 -おすすめ -比較 -ランキング -求人 -まとめ
【8月7日開催】基礎力向上セミナー第9回 SNSマーケティング ...,https://nohaku-manegement.com/2026/07/23/%E3%80%908%E6%9C%887%E6%97%A5%E9%96%8B%E5%82%AC%E3%80%91%E5%9F%BA%E7%A4%8E%E5%8A%9B%E5%90%91%E4%B8%8A%E3%82%BB%E3%83%9F%E3%83%8A%E3%83%BC%E7%AC%AC9%E5%9B%9E-sns%E3%83%9E%E3%83%BC%E3%82%B1%E3%83%86/,,,,大分県,大分県 TikTokコンサルティング会社 -おすすめ -比較 -ランキング -求人 -まとめ
3SEEDS株式 会社 様,https://www.ideasoken.or.jp/voice/change-of-tax-accountant/p5867/,,,,大分県,大分県 TikTokコンサルティング会社 -おすすめ -比較 -ランキング -求人 -まとめ
スポンサー,https://oitacamp.com/sponsor.html,,,,大分県,大分県 TikTokコンサルティング会社 -おすすめ -比較 -ランキング -求人 -まとめ
SNS運用 ・広告支援,https://c-side.co.jp/service/snssupport/,,,,大分県,大分県 SNS撮影運用代行会社 -おすすめ -比較 -ランキング -求人 -まとめ
【イベント告知】その場で学べる！ リール動画 制作ワークショップ ...,https://01village.jp/blogs/20251107,,,,大分県,大分県 リール動画運用代行会社 -おすすめ -比較 -ランキング -求人 -まとめ
SNSの運用代行サービス及び コンサルティング,https://well-style.jp/service/sns/,,,,宮崎県,宮崎県 Instagramコンサルティング会社 -おすすめ -比較 -ランキング -求人 -まとめ
私たちについて,https://www.k-kouei.co.jp/about,,,,宮崎県,宮崎県 Instagramコンサルティング会社 -おすすめ -比較 -ランキング -求人 -まとめ
hicre design studio,https://hicre.websozai.jp/,,,,宮崎県,宮崎県 Instagramコンサルティング会社 -おすすめ -比較 -ランキング -求人 -まとめ
SERVICE,https://hug-biyou.com/page,,,,宮崎県,宮崎県 Instagramコンサルティング会社 -おすすめ -比較 -ランキング -求人 -まとめ
株式 会社宮崎 本店様,https://xn--tcke6n4a0148a05f128e45l.jp/2026/06/19/%E6%A0%AA%E5%BC%8F%E4%BC%9A%E7%A4%BE%E5%AE%AE%E5%B4%8E%E6%9C%AC%E5%BA%97%E6%A7%98-2/,,,,宮崎県,宮崎県 TikTokコンサルティング会社 -おすすめ -比較 -ランキング -求人 -まとめ
宮崎 ・高鍋町でAR/VRコンテンツ開発エンジンのトレーニング事業 ...,https://cts.dospara.co.jp/5press/share_info.php?id=1443,,,,宮崎県,宮崎県 TikTokコンサルティング会社 -おすすめ -比較 -ランキング -求人 -まとめ
第98回 全国高等学校野球選手権 宮崎 大会生中継のご協力・ご協賛の ...,https://www.wainet.co.jp/information/10052/,,,,宮崎県,宮崎県 TikTokコンサルティング会社 -おすすめ -比較 -ランキング -求人 -まとめ
会社 概要,https://net-nbs.com/about/,,,,宮崎県,宮崎県 TikTokコンサルティング会社 -おすすめ -比較 -ランキング -求人 -まとめ
サービス・料金,https://utsusu.jp/service.html,,,,宮崎県,宮崎県 SNS撮影運用代行会社 -おすすめ -比較 -ランキング -求人 -まとめ
株式 会社 ヒザシテラス,https://hizashiterrace.com/,,,,宮崎県,宮崎県 SNS撮影運用代行会社 -おすすめ -比較 -ランキング -求人 -まとめ
SNS 運用代行 サービス,https://sns-manage.hanabiya-lp.jp/,,,,宮崎県,宮崎県 リール動画運用代行会社 -おすすめ -比較 -ランキング -求人 -まとめ
Instagram,https://katacon.jp/instagram/,,,,鹿児島県,鹿児島県 Instagramコンサルティング会社 -おすすめ -比較 -ランキング -求人 -まとめ
国境離島革命団 BII Inc.,https://bii.asia/,,,,鹿児島県,鹿児島県 Instagramコンサルティング会社 -おすすめ -比較 -ランキング -求人 -まとめ
県とPwC コンサルティング 合同 会社 が，人材確保・育成に関する ...,https://www.kagoshima-iju.jp/event/6543/,,,,鹿児島県,鹿児島県 Instagramコンサルティング会社 -おすすめ -比較 -ランキング -求人 -まとめ
ビジネスQ＆A「お店で インスタ グラムを始めましたが,https://www.hr-trust.jp/news/9998/,,,,鹿児島県,鹿児島県 Instagramコンサルティング会社 -おすすめ -比較 -ランキング -求人 -まとめ
会社 概要,https://corporate.room-consul.co.jp/company/,,,,鹿児島県,鹿児島県 TikTokコンサルティング会社 -おすすめ -比較 -ランキング -求人 -まとめ
SNS運用 ・動画制作,https://kenjii-no-mori.com/sns,,,,鹿児島県,鹿児島県 SNS撮影運用代行会社 -おすすめ -比較 -ランキング -求人 -まとめ
映像制作,https://www.toruas.co.jp/service/service-production/,,,,鹿児島県,鹿児島県 リール動画運用代行会社 -おすすめ -比較 -ランキング -求人 -まとめ
沖縄 イチ愛のある【 インスタ 集客】運用,https://www.livno.co.jp/igconsulting,,,,沖縄県,沖縄県 Instagramコンサルティング会社 -おすすめ -比較 -ランキング -求人 -まとめ
サービス,https://omoro-kikaku.net/service/,,,,沖縄県,沖縄県 Instagramコンサルティング会社 -おすすめ -比較 -ランキング -求人 -まとめ
[SNS広告運用代理店]アーガイル株式 会社 X=Twitter広告,https://argyle.jp/sns_ad/,,,,沖縄県,沖縄県 Instagramコンサルティング会社 -おすすめ -比較 -ランキング -求人 -まとめ
沖縄 ウェブ集客 コンサルティング 2025,https://www.ing-host.jp/?page_id=1219,,,,沖縄県,沖縄県 Instagramコンサルティング会社 -おすすめ -比較 -ランキング -求人 -まとめ
[NEWS＆TOPICS]こちらから事業 第三回セミナー【SNS活用】,https://bluemoon-p.com/news_topics/%E3%81%93%E3%81%A1%E3%82%89%E3%81%8B%E3%82%89%E4%BA%8B%E6%A5%AD%E3%80%80%E7%AC%AC%E4%B8%89%E5%9B%9E%E3%82%BB%E3%83%9F%E3%83%8A%E3%83%BC%E3%80%90sns%E6%B4%BB%E7%94%A8%E3%80%91/,,,,沖縄県,沖縄県 Instagramコンサルティング会社 -おすすめ -比較 -ランキング -求人 -まとめ
株式 会社 アンカーリングジャパン,https://kankoujinzai-okinawa.com/company/1440,,,,沖縄県,沖縄県 TikTokコンサルティング会社 -おすすめ -比較 -ランキング -求人 -まとめ
合同 会社 Z,https://z-llc-okinawa.com/,,,,沖縄県,沖縄県 TikTokコンサルティング会社 -おすすめ -比較 -ランキング -求人 -まとめ
SNS運用 サービス,https://www.shimakyari.com/sns_service.php,,,,沖縄県,沖縄県 SNS撮影運用代行会社 -おすすめ -比較 -ランキング -求人 -まとめ
SNS運用代行,https://lacks-japan.co.jp/sns/,,,,沖縄県,沖縄県 SNS撮影運用代行会社 -おすすめ -比較 -ランキング -求人 -まとめ
SNS マーケティング・ 運用代行 ・代理店,https://panaceaokinawa.com/snsmarketing,,,,沖縄県,沖縄県 SNS撮影運用代行会社 -おすすめ -比較 -ランキング -求人 -まとめ
沖縄 の映像制作 SNS運用 サービス,https://mice.okinawastory.jp/service/%E3%81%9D%E3%81%AE%E4%BB%96%E3%82%B5%E3%83%BC%E3%83%93%E3%82%B9/s-49498/,,,,沖縄県,沖縄県 SNS撮影運用代行会社 -おすすめ -比較 -ランキング -求人 -まとめ
「 SNS の大切さはわかる。でも時間がない、相談したい」そのお ...,https://www.sawagani-dw.com/,,,,沖縄県,沖縄県 SNS撮影運用代行会社 -おすすめ -比較 -ランキング -求人 -まとめ
沖縄県 伊江村のInstagram（インスタグラム） 運用 業務をサポート,https://boo-oki.com/%E8%87%AA%E6%B2%BB%E4%BD%93%E3%81%AE%E3%82%A4%E3%83%B3%E3%82%B9%E3%82%BF%E3%82%B0%E3%83%A9%E3%83%A0%E9%81%8B%E7%94%A8%E3%82%92%E4%BB%A3%E8%A1%8C/,,,,沖縄県,沖縄県 リール動画運用代行会社 -おすすめ -比較 -ランキング -求人 -まとめ
ショート 動画 屋さん 那覇支店,https://www.ea-marketing.com/,,,,沖縄県,沖縄県 リール動画運用代行会社 -おすすめ -比較 -ランキング -求人 -まとめ
SNS・オンライン広告 運用 サポート・ 代行,https://www.ipocket-okinawa.co.jp/sns/,,,,沖縄県,沖縄県 リール動画運用代行会社 -おすすめ -比較 -ランキング -求人 -まとめ
