company_name,url,address,phone,maps_url,service_evidence,pages_checked
プライバシーポリシー,https://www.lycorp.co.jp/ja/company/privacypolicy/,〒102-8282 東京都千代田区紀尾井町1,,,SNS platform + operation service,https://www.lycorp.co.jp/ja/company/privacypolicy/ | https://www.lycorp.co.jp/ja/company/ | https://www.lycorp.co.jp/en/company/privacypolicy/ | https://www.lycorp.co.jp/ko/company/privacypolicy/
SNS運用 業務,https://guts-work.com/continuing_employment_support_type_a/lp3/,〒486-0842 愛知県春日井市 六軒屋町６,0568-20-1111,,SNS運用 / SNSマーケティング,https://guts-work.com/continuing_employment_support_type_a/lp3/ | https://guts-work.com/access/ | https://guts-work.com/contact/
株式 会社 オー・プラン,http://joseisien.jp/archives/kigyo/o-plan,〒047-0031 北海道小樽市色内1,0134-29-1003,,SNS platform + operation service,http://joseisien.jp/archives/kigyo/o-plan | http://joseisien.jp/contact | http://joseisien.jp/about_website
studio15、 小樽 観光協会と連携し地方創生プロジェクトを開始 ...,https://ceres-inc.jp/news/detail/20260423-2/,〒150-6221 東京都渋谷区桜丘町1,,,SNS platform + operation service,https://ceres-inc.jp/news/detail/20260423-2/ | https://ceres-inc.jp/company/ | https://ceres-inc.jp/company/message/ | https://ceres-inc.jp/company/vision/
インターネット 広告代理店 企業の売上規模などの情報を検索する,https://biz-maps.com/s/prefs/1/m-inds/474,〒064-0805 北海道札幌市中央区南五条西1,,,SNS広告運用 / SNS運用代行 / SNSマーケティング,https://biz-maps.com/s/prefs/1/m-inds/474 | https://biz-maps.com/contact
7月9日(水) 小樽市 で開催！「Rethink Creator PROJECT」 小樽 ...,https://c-m.co.jp/information/thinc-growth/2079/,〒047-8520 北海道小樽市稲穂2,03-5308-1145,,SNS platform + operation service,https://c-m.co.jp/information/thinc-growth/2079/ | https://c-m.co.jp/service/ | https://c-m.co.jp/about/ | https://c-m.co.jp/contact/
苫小牧 イノベーションマッチング（TIM2019）の開催について,https://www.city.tomakomai.hokkaido.jp/shisei/shisei/shiseihoshin/senryaku/TIM2019.html,〒053-8722 北海道苫小牧市旭町4,0144-78-3500,,SNS platform + operation service,https://www.city.tomakomai.hokkaido.jp/shisei/shisei/shiseihoshin/senryaku/TIM2019.html | https://www.city.tomakomai.hokkaido.jp/contact.html | https://www.city.tomakomai.hokkaido.jp/about_mylist.html | https://www.city.tomakomai.hokkaido.jp/accessibility.html
売れるしくみづくりを追及する マーケティング ディレクター 碇谷堅 ...,https://blog.directorbank.co.jp/k_ikariya,〒150-0002 東京都渋谷区渋谷2,,,Instagram運用,https://blog.directorbank.co.jp/k_ikariya
コンサルティングサービス詳細・実績,https://eek.co.jp/services,〒060-0005 北海道札幌市中央区北5,011-522-9215,,SNS platform + operation service,https://eek.co.jp/services | https://eek.co.jp/company | https://eek.co.jp/contact | https://eek.co.jp/contact_athlete
岡山商事,https://okayamacorporation.com/,〒053-0015 北海道苫小牧市本幸町2,0144-33-6018,,SNS運用代行 / SNS運用,https://okayamacorporation.com/ | https://okayamacorporation.com/service/ | https://okayamacorporation.com/about/ | https://okayamacorporation.com/contact/
苫小牧市 でホームページ制作なら,https://reber.jp/,〒160-0022 東京都新宿区新宿1,,,SNS platform + operation service,https://reber.jp/ | https://reber.jp/company/ | https://reber.jp/service/ | https://reber.jp/contact/
会社 情報,https://north-ad-research.com/company/,〒053-0014 北海道苫小牧市浜町２,,,SNS platform + operation service,https://north-ad-research.com/company/ | https://north-ad-research.com/contact/
関係機関からの情報 » 一般社団法人 北海道 中小企業 家同友会 しり ...,https://doyuotaru.jp/attention/,〒047-0031 北海道小樽市色内1,0134-25-9191,,SNS platform + operation service,https://doyuotaru.jp/attention/ | https://doyuotaru.jp/about/ | https://doyuotaru.jp/2026/07/29/%E4%BC%9A%E5%93%A1%E4%BC%81%E6%A5%AD%E3%83%88%E3%83%94%E3%83%83%E3%82%AF%E3%82%B9%EF%BC%88%EF%BC%88%E6%A0%AA%EF%BC%89dazzling-plus%EF%BC%89/
高度外国人材関心企業株式 会社 OTis,https://www.jetro.go.jp/hrportal/company/detail/100075.html,〒053-0802 東京都千代田区大手町1,03-6821-1889,,SNS platform + operation service,https://www.jetro.go.jp/hrportal/company/detail/100075.html | https://www.jetro.go.jp/contact/ | https://www.jetro.go.jp/hrportal/forcompanies/about.html | https://www.jetro.go.jp/hrportal/company/
YouTubeにアップするための 動画 制作も対応 ...,https://kansha-media.jp/video_production2/lp8/,〒151-0066 東京都渋谷区西原3,050-8884-3021,,SNS platform + operation service,https://kansha-media.jp/video_production2/lp8/ | https://kansha-media.jp/contact/ | https://kansha-media.jp/company/
SNS 動画 制作・運用代行の依頼Fムービーにおまかせ,https://fine-production.jp/video_production/lp5/,〒270-0034 千葉県松戸市新松戸1,080-4673-7022,,SNS運用代行 / YouTube運用 / Instagram運用 / TikTok運用 / SNS運用,https://fine-production.jp/video_production/lp5/ | https://fine-production.jp/company/ | https://fine-production.jp/contact/ | https://fine-production.jp/
Company,https://clemore.net/company/,〒183-0027 東京都府中市本町1,042-318-0609,,SNS platform + operation service,https://clemore.net/company/ | https://clemore.net/agents/ | http://clemore.net/company/about-sales/
苫小牧市 空き 店舗 活用補助金＆イベント助成制度,https://v-spirits.com/%E6%9C%AA%E5%88%86%E9%A1%9E/%E3%80%8C%E8%8B%AB%E5%B0%8F%E7%89%A7%E5%B8%82%E3%81%AE%E6%94%AF%E6%8F%B4%E5%88%B6%E5%BA%A6%E3%81%A7%E3%83%93%E3%82%B8%E3%83%8D%E3%82%B9%E3%83%81%E3%83%A3%E3%83%B3%E3%82%B9%E3%82%92%E5%BA%83%E3%81%92,〒170-0013 東京都豊島区東池袋1,0120-335-523,,SNS platform + operation service,https://v-spirits.com/%E6%9C%AA%E5%88%86%E9%A1%9E/%E3%80%8C%E8%8B%AB%E5%B0%8F%E7%89%A7%E5%B8%82%E3%81%AE%E6%94%AF%E6%8F%B4%E5%88%B6%E5%BA%A6%E3%81%A7%E3%83%93%E3%82%B8%E3%83%8D%E3%82%B9%E3%83%81%E3%83%A3%E3%83%B3%E3%82%B9%E3%82%92%E5%BA%83%E3%81%92 | https://v-spirits.com/contacts | https://v-spirits.com/service | https://v-spirits.com/company
【No.204】はじめての営業活動の進め方（ 苫小牧 開催）,https://www.smrj.go.jp/institute/asahikawa/training/sme/2026/AS262040.html,〒078-8555 北海道旭川市緑が丘東3,0144-32-6436,,SNS platform + operation service,https://www.smrj.go.jp/institute/asahikawa/training/sme/2026/AS262040.html | https://www.smrj.go.jp/service/index.html | https://www.smrj.go.jp/org/about/index.html | https://www.smrj.go.jp/institute/asahikawa/about/index.html
十勝・ 帯広 エリア最大級のホームページ制作実績,https://obihiro.maybmarch.com/,〒080-0111 北海道河東郡音更町木野大通東2,0155-66-5757,,SNS platform + operation service,https://obihiro.maybmarch.com/
会社 概要,http://www.glossy.co.jp/outline/,〒080-0011 北海道帯広市西1,,,SNS platform + operation service,http://www.glossy.co.jp/outline/ | http://www.glossy.co.jp/inquiry/ | http://www.glossy.co.jp/service/
【飲食店の売り上げアップ 支援 ! 5店舗限定】 LINE公式 アカウント ...,https://gourmetpress.net/384483/,〒153-0063 東京都目黒区目黒1,03-6417-9657,,LINE公式アカウント運用,https://gourmetpress.net/384483/ | https://gourmetpress.net/about/ | https://gourmetpress.net/contact/
【北海道十勝 帯広市 音更町】ホームページ作成・MEO対策・LP作成 ...,https://stswiden.jp/hp%E4%BD%9C%E6%88%90%E3%83%BBmeo%E5%AF%BE%E7%AD%96/,〒080-2463 北海道帯広市西２,070-8560-5295,,SNS platform + operation service,https://stswiden.jp/hp%E4%BD%9C%E6%88%90%E3%83%BBmeo%E5%AF%BE%E7%AD%96/ | https://stswiden.jp/profile/ | https://stswiden.jp/inquiry/
じゃぱにうむ事例集 テーマ別,https://www.jfpi.or.jp/topics_detail6/id=4898,〒104-0041 東京都中央区新富1,03-3553-6051,,SNS platform + operation service,https://www.jfpi.or.jp/topics_detail6/id=4898 | https://www.jfpi.or.jp/outline/map/index.html | https://www.jfpi.or.jp/inquiry/ | https://www.jfpi.or.jp/topics/detail/id=763
NLCC,https://nkinter.co.jp/nlcc/,〒080-0803 北海道帯広市東3,0155-27-6888,,SNS platform + operation service,https://nkinter.co.jp/nlcc/ | https://nkinter.co.jp/contact/
帯広 ・十勝の 動画 編集・映像制作なら Make-In,https://make-in.work/,〒089-1242 北海道帯広市大正町基線5,,,SNS platform + operation service,https://make-in.work/ | https://make-in.work/service-2/ | https://make-in.work/top/
実績紹介,https://nzambi.com/pf_list.php,〒080-0810 北海道帯広市東1,0155-66-4645,,SNS platform + operation service,https://nzambi.com/pf_list.php | https://nzambi.com/service.php | https://nzambi.com/company.php | https://nzambi.com/contact.php
釧路 と帯広を中心に管理戸数6500戸超えのセムスが、「いえらぶBB ...,https://www.ielove-group.jp/news/detail-1420,〒160-0023 東京都新宿区西新宿2,03-6911-3955,,SNSマーケティング,https://www.ielove-group.jp/news/detail-1420 | https://www.ielove-group.jp/company/ | https://www.ielove-group.jp/company/group/ | https://www.ielove-group.jp/service/
釧路 事務所概要,https://shiodome.co.jp/kushiro/,〒085-0015 北海道釧路市北大通3,,,SNS運用,https://shiodome.co.jp/kushiro/ | https://shiodome.co.jp/services/tax-accounting/ | https://shiodome.co.jp/services/tax-accounting/accounting/ | https://shiodome.co.jp/services/tax-accounting/tax/
企業版ふるさと納税,https://www.city.kushiro.lg.jp/machi/1009997/1006997.html,〒085-8505 北海道釧路市黒金町7,0154-68-5949,,SNS platform + operation service,https://www.city.kushiro.lg.jp/machi/1009997/1006997.html | https://www.city.kushiro.lg.jp/about/foreignlanguage.html | https://www.city.kushiro.lg.jp/about/site/usability.html | https://www.city.kushiro.lg.jp/about/site/search.html
事業内容,https://tokkaido.co.jp/service/,〒085-0046 北海道釧路市新橋大通1,0154-64-9160,,SNS広告運用,https://tokkaido.co.jp/service/ | https://tokkaido.co.jp/company/ | https://tokkaido.co.jp/contact/
会社 概要,https://joinus-group.co.jp/top/aboutus/,〒085-0014 北海道釧路市末広町7,,,SNS platform + operation service,https://joinus-group.co.jp/top/aboutus/ | https://joinus-group.co.jp/
株式 会社 セクト（ 北見市 ）がDX推進のため,https://www.es-service.net/topics/20210112-2/,〒106-0047 東京都港区南麻布5,,,SNS platform + operation service,https://www.es-service.net/topics/20210112-2/ | https://www.es-service.net/ | https://www.es-service.net/?s=%E3%83%A9%E3%83%B3%E3%82%B5%E3%83%A0%E3%82%A6%E3%82%A7%E3%82%A2%20%E8%A2%AB%E5%AE%B3 | https://www.es-service.net/?s=AI
(株)伝書鳩 会社案内／事業内容,https://denshobato.com/hato_profile/jigyou.php,〒090-0036 北海道北見市幸町2,0157-23-4362,,SNS platform + operation service,https://denshobato.com/hato_profile/jigyou.php | https://denshobato.com/hato_profile/index.php | https://denshobato.com/hato_profile/koukoku.php | https://denshobato.com/hato_profile/area.php
DM CORPORATION,http://www.dm-corporation.info/,〒090-0052 北海道北見市北進1,090-7055-0184,,SNS platform + operation service,http://www.dm-corporation.info/
北映 Northern Films,https://northern-films.com/,〒090-0042 北海道北見市北2,0157-57-1137,,SNS platform + operation service,https://northern-films.com/ | https://northern-films.com/about/ | https://northern-films.com/contact/
北海道 北見市,https://mediall.jp/_shikicyouson/12084,〒101-0024 東京都千代田区神田和泉町1,03-5809-2668,,SNS運用,https://mediall.jp/_shikicyouson/12084 | https://mediall.jp/category/local-support-company | https://mediall.jp/local-support-company/89671 | https://mediall.jp/local-support-company/29987
企業プロモーション 動画 が完成しました。,https://www.kawaken.biz/news/news-1500.html,〒090-0066 北海道北見市花月町6,0157-61-3101,,SNS platform + operation service,https://www.kawaken.biz/news/news-1500.html | https://www.kawaken.biz/about/ | https://www.kawaken.biz/service/ | https://www.kawaken.biz/group/
会社 概要,http://dotemachi.com/web/company.html,〒036-8182 青森県弘前市土手町3,0172-31-5755,,SNS platform + operation service,http://dotemachi.com/web/company.html | http://dotemachi.com/web/access.html | http://dotemachi.com/web/mailto/contact.html
〈東京都杉並区〉株式 会社 SHO-SAN,https://app.vachanavi.com/articles/sho-san,〒166-0004 東京都杉並区阿佐谷南1,,,SNS運用代行 / SNSマーケティング,https://app.vachanavi.com/articles/sho-san | https://app.vachanavi.com/terms-of-service | https://app.vachanavi.com/client-terms-of-service
フォーエイチ,https://for-h.jp/,〒036-8041 青森県弘前市大字俵元1,,,SNS platform + operation service,https://for-h.jp/ | https://for-h.jp/service/ | https://for-h.jp/arservice/ | https://for-h.jp/about-us/
エキスパート講師リスト,https://www.aomorishokoren.or.jp/other/expert.html,〒030-0801 青森県青森市新町2,017-734-3394,,SNS運用,https://www.aomorishokoren.or.jp/other/expert.html | https://www.aomorishokoren.or.jp/about/
メンバー紹介,https://aoit.jp/about/member,〒030-0862 青森県青森市古川1,017-718-0207,,SNS運用,https://aoit.jp/about/member | https://aoit.jp/about | https://aoit.jp/about/organization | https://aoit.jp/about/subcommittee
【青森移住×創業】Uターン創業で叶えるボーダレスな働き方,https://turns.jp/67774,〒100-0006 東京都千代田区有楽町2,03-6269-9732,,SNS platform + operation service,https://turns.jp/67774 | https://turns.jp/about | https://turns.jp/contact | https://turns.jp/56829
リアル× デジタル販促 ソリューション,https://ism-corp.jp/media_contents/,〒135-0016 東京都江東区東陽７,0586-51-1380,,SNS platform + operation service,https://ism-corp.jp/media_contents/ | https://ism-corp.jp/about/ | https://ism-corp.jp/works/ | https://ism-corp.jp/form/
HIROMAGA更新！【卒業生インタビューvol.22】瀬戸 紀龍さん,https://www.hirosaki-u.ac.jp/topics/113790/,〒036-8560 青森県弘前市文京町一番地,0172-36-2111,,SNS platform + operation service,https://www.hirosaki-u.ac.jp/topics/113790/ | https://www.hirosaki-u.ac.jp/info/access/ | https://www.hirosaki-u.ac.jp/info/contact/madoguchi/ | https://www.hirosaki-u.ac.jp/info/contact/
Replanフォーラム2024 in 青森『選ばれるは、つくれる。』,https://replan.co.jp/1747,〒063-0004 北海道札幌市西区山の手4,011-641-7855,,SNS platform + operation service,https://replan.co.jp/1747 | https://replan.co.jp/about | https://replan.co.jp/contact | https://replan.co.jp/contact-ad
HARO. web,https://www.zehitomo.com/profile/%E4%B8%AD%E6%9D%91-%E5%8F%8B%E4%BA%BA-0wRLCtiC4/pro,〒141-0031 東京都品川区西五反田7,,,SNSマーケティング,https://www.zehitomo.com/profile/%E4%B8%AD%E6%9D%91-%E5%8F%8B%E4%BA%BA-0wRLCtiC4/pro | https://www.zehitomo.com/service-list | https://www.zehitomo.com/about
業務案内・実績,https://www.itbnet.jp/work.html,〒036-8102 青森県弘前市大字小比内４,0172-28-5656,,SNS platform + operation service,https://www.itbnet.jp/work.html | https://www.itbnet.jp/com.html | https://www.itbnet.jp/acesse.html
株式 会社 木くづ,https://kikudu.com/,〒034-0011 青森県十和田市東二三番,,,SNS運用,https://kikudu.com/ | https://kikudu.com/about.html | https://kikudu.com/contact.html
三沢市・ 十和田市 近郊の 広告 （ポスター、パンフレット）関連業務,http://www.y-and-i.co.jp/print/,〒033-0021 青森県三沢市岡三沢8,0176-58-7920,,SNS platform + operation service,http://www.y-and-i.co.jp/print/ | http://www.y-and-i.co.jp/company/index.html | http://www.y-and-i.co.jp/contact/index.html
八戸市 LINE公式 アカウントが生まれ変わりました！,https://www.city.hachinohe.aomori.jp/soshikikarasagasu/johosystemka/kurashi_tetsuzuki/20340.html,〒031-8686 青森県八戸市内丸一丁目,0178-43-2124,,LINE公式アカウント運用,https://www.city.hachinohe.aomori.jp/soshikikarasagasu/johosystemka/kurashi_tetsuzuki/20340.html | https://www.city.hachinohe.aomori.jp/cgi-bin/inquiry.php/17?page_no=20340 | https://www.city.hachinohe.aomori.jp/soshikikarasagasu/gyoseikanrika/1/6359.html
東奥日報,https://geelee.co.jp/14163/,〒151-0053 東京都渋谷区代々木1,02-2711-4266,,SNS platform + operation service,https://geelee.co.jp/14163/ | https://geelee.co.jp/aboutus/ | https://geelee.co.jp/contact/ | https://geelee.co.jp/contact/
株式 会社 アッツ,https://towada-dance.info/atz/,〒034-0084 青森県十和田市西四番,0176-27-6575,,SNS platform + operation service,https://towada-dance.info/atz/ | https://towada-dance.info/about/ | https://towada-dance.info/inquiry/
故郷・ 一関 に帰り、地元の Webマーケティング に貢献したい,https://berkiefer.jp/blog/service/ichinoseki/,〒153-0063 東京都目黒区目黒2,,,SNS広告運用,https://berkiefer.jp/blog/service/ichinoseki/ | https://berkiefer.jp/service/ | https://berkiefer.jp/profile/ | https://berkiefer.jp/contact/
WEB コンサルティング,https://iwate.ibsolution.jp/consul/,〒989-3201 宮城県仙台市青葉区国見ヶ丘5,,,SNS platform + operation service,https://iwate.ibsolution.jp/consul/ | https://iwate.ibsolution.jp/web/ | https://iwate.ibsolution.jp/seo/ | https://iwate.ibsolution.jp/company/
MESSAGE,https://wi-t.co.jp/recruit/service.html,〒569-0071 大阪府高槻市城北町一丁目,072-668-3275,,SNS platform + operation service,https://wi-t.co.jp/recruit/service.html | https://wi-t.co.jp/recruit/application/ | https://wi-t.co.jp/outline/sales_promotion.html | https://wi-t.co.jp/outline/recruit_promotion.html
北上市 公式LINE アカウント 運用 方針,https://www.city.kitakami.iwate.jp/life/soshikikarasagasu/toshipromotionka/toshibrandsenryakukakari/5/kitakamiiline/23256.html,〒024-8501 岩手県北上市芳町1,0197-72-8308,,SNS platform + operation service,https://www.city.kitakami.iwate.jp/life/soshikikarasagasu/toshipromotionka/toshibrandsenryakukakari/5/kitakamiiline/23256.html | https://www.city.kitakami.iwate.jp/cgi-bin/inquiry.php/3?page_no=23256 | https://www.city.kitakami.iwate.jp/life/soshikikarasagasu/seisakukikakuka/gyoseikeieikakari/soshiki/5661.html | https://www.city.kitakami.iwate.jp/life/search/inquiry/index.html
岩手県 でSEO対策に強い ウェブマーケティング会社 ならオーパス ...,https://opus-plan.net/area/iwate/,〒020-8507 岩手県盛岡市清水町１,,,SNS運用代行,https://opus-plan.net/area/iwate/ | https://opus-plan.net/aboutus/ | https://opus-plan.net/services/
ウェブサポ,https://r-handman.com/,〒103-0027 東京都中央区日本橋2,,,インスタグラム運用 / SNS運用,https://r-handman.com/ | https://r-handman.com/contact/ | https://r-handman.com/profile/
株式 会社 ビーコーズ（Be-Cause Inc.）,https://innovation-net-aomori.ina.pref.aomori.lg.jp/portal/company/%E6%A0%AA%E5%BC%8F%E4%BC%9A%E7%A4%BE%E3%83%93%E3%83%BC%E3%82%B3%E3%83%BC%E3%82%BA%EF%BC%88be-cause-inc-%EF%BC%89/,〒030-8570 青森県青森市長島一丁目,0176-66-4033,,SNS platform + operation service,https://innovation-net-aomori.ina.pref.aomori.lg.jp/portal/company/%E6%A0%AA%E5%BC%8F%E4%BC%9A%E7%A4%BE%E3%83%93%E3%83%BC%E3%82%B3%E3%83%BC%E3%82%BA%EF%BC%88be-cause-inc-%EF%BC%89/ | https://innovation-net-aomori.ina.pref.aomori.lg.jp/portal/company.php | https://innovation-net-aomori.ina.pref.aomori.lg.jp/portal/inquiry.php | https://innovation-net-aomori.ina.pref.aomori.lg.jp/portal/company/
株式 会社 サンレグ,https://sanreg.net/,〒023-0824 岩手県奥州市水沢泉町1,090-6787-5894,,SNS運用,https://sanreg.net/ | https://sanreg.net/company/ | https://sanreg.net/service/ | https://sanreg.net/contact/
会員紹介,https://iwateadc.net/wp1/member,〒020-0871 岩手県盛岡市中ノ橋通1,019-604-5060,,SNS platform + operation service,https://iwateadc.net/wp1/member | https://iwateadc.net/wp1/about | https://iwateadc.net/wp1/contact | https://iwateadc.net/wp1/about
公式 SNS運用 方針,https://www.catv-mic.ne.jp/snspolicy/,〒023-0003 岩手県奥州市水沢佐倉河字石橋2,0197-22-6060,,SNS運用,https://www.catv-mic.ne.jp/snspolicy/ | https://www.catv-mic.ne.jp/aboutus/ | https://www.catv-mic.ne.jp/servicearea/ | https://www.catv-mic.ne.jp/contact/
由利本荘市 LINE公式 アカウント 友だち募集中！,https://www.city.yurihonjo.lg.jp/1001506/1001553/1004127.html,〒015-8501 秋田県由利本荘市尾崎1,0184-24-6237,,LINE公式アカウント運用,https://www.city.yurihonjo.lg.jp/1001506/1001553/1004127.html | https://www.city.yurihonjo.lg.jp/about/foreignlanguage.html | https://www.city.yurihonjo.lg.jp/about/site/usability.html
「釜石市 LINE 」情報発信中！,https://www.city.kamaishi.iwate.jp/docs/2020051400077/,〒026-8686 岩手県釜石市只越町3,0193-27-8413,,LINE公式アカウント運用,https://www.city.kamaishi.iwate.jp/docs/2020051400077/ | https://www.city.kamaishi.iwate.jp/docs/2014062700035/ | https://www.city.kamaishi.iwate.jp/form/inquiry/
会社 概要,https://www.most8.jp/company.html,〒023-0062 岩手県奥州市水沢字小石田1,,,SNS platform + operation service,https://www.most8.jp/company.html | https://www.most8.jp/contact.php
【 SNS マーケ】「食」への影響力絶大!あなたの力で企業向け SNS ...,https://www.project-index.jp/intern/27438,〒150-0011 東京都渋谷区東1,050-1743-6743,,SNS運用,https://www.project-index.jp/intern/27438 | https://www.project-index.jp/contact | https://www.project-index.jp/about
株式 会社 ピクシス 板橋 翼,https://www.tokyo-cci.or.jp/shachonet/profile/2676.html,〒100-0005 東京都千代田区丸の内3,03-3283-7500,,SNS platform + operation service,https://www.tokyo-cci.or.jp/shachonet/profile/2676.html | https://www.tokyo-cci.or.jp/about/map/ | https://www.tokyo-cci.or.jp/clubcci/ | https://www.tokyo-cci.or.jp/about/merumaga/
『デジタルプレス』Digital Press PR,https://digital-press.net/,〒158-0087 東京都世田谷区玉堤1,03-5459-6660,,SNS platform + operation service,https://digital-press.net/ | https://digital-press.net/about | https://digital-press.net/contact | https://digital-press.net/company
IT活用による生産性向上,https://yorozu-miyagi.go.jp/support_cat/bunya03/,〒393-8045 宮城県商工振興センター 〒9,022-393-8044,,SNS platform + operation service,https://yorozu-miyagi.go.jp/support_cat/bunya03/ | https://yorozu-miyagi.go.jp/about/ | https://yorozu-miyagi.go.jp/contact/ | https://yorozu-miyagi.go.jp/mailcontact.html
NEWS 創業45周年を迎えました！,https://to-pla.com/news/2025-04-05.html,〒986-0814 宮城県石巻市南中里４,0225-95-0352,,SNS platform + operation service,https://to-pla.com/news/2025-04-05.html | https://to-pla.com/ | https://to-pla.com/contact.html
塩竈市 ホームページ バナー 広告 募集,https://www.city.shiogama.miyagi.jp/soshiki/7/2376.html,〒985-0002 宮城県塩竈市海岸通8,022-363-3781,,SNS platform + operation service,https://www.city.shiogama.miyagi.jp/soshiki/7/2376.html | https://www.city.shiogama.miyagi.jp/form/detail.php?sec_sec1=7&inq=02&lif_id=2108&check | https://www.city.shiogama.miyagi.jp/soshiki/48/41623.html
動画 制作,https://onkokenshin.co.jp/movie/,〒980-0821 宮城県仙台市青葉区春日町9,,,SNS platform + operation service,https://onkokenshin.co.jp/movie/ | https://onkokenshin.co.jp/company/ | https://onkokenshin.co.jp/contact/ | https://onkokenshin.co.jp/works/821/
会社 概要,https://www.stabilizer.co.jp/company/about/,〒141-0021 東京都品川区上大崎3,,,SNS platform + operation service,https://www.stabilizer.co.jp/company/about/ | https://www.stabilizer.co.jp/service/ | https://www.stabilizer.co.jp/service/marketing/ | https://www.stabilizer.co.jp/service/website/
I-Bizとは – I-Biz 石巻 地域企業の総合 支援 無料相談窓口,https://www.iss-net.jp/guide/,〒986-0032 宮城県石巻市開成1,0225-98-8782,,SNS運用,https://www.iss-net.jp/guide/ | https://www.iss-net.jp/company/ | https://www.iss-net.jp/access/ | https://www.iss-net.jp/company/
デジマール(株)／ デジマールリンクス(株)の2027年度 会社 概要,https://job.mynavi.jp/28/pc/search/corp272733/outline.html,〒141-0022 東京都品川区東五反田2,03-6910-4770,,SNS platform + operation service,https://job.mynavi.jp/28/pc/search/corp272733/outline.html | https://job.mynavi.jp/28/pc/search/corp258087/outline.html?func=corpinfo | https://job.mynavi.jp/28/pc/search/corp223985/outline.html?func=corpinfo | https://job.mynavi.jp/28/pc/search/corp73985/outline.html?func=corpinfo
総合防災情報システム EYE-BOUSAI+™,https://www.nttdata-kansai.co.jp/eye-bousai/,〒530-0003 大阪府大阪市北区堂島3,,,SNS platform + operation service,https://www.nttdata-kansai.co.jp/eye-bousai/ | https://www.nttdata-kansai.co.jp/form/inquiry/ | https://www.nttdata-kansai.co.jp/service/ | https://www.nttdata-kansai.co.jp/company/
デザインの力で「つくる」と「売る」を 支援 する～ブルーファーム ...,https://www.mit.pref.miyagi.jp/services/voice/bluefarm/,〒989-6446 宮城県大崎市岩出山大学町1,0229-25-5442,,SNS platform + operation service,https://www.mit.pref.miyagi.jp/services/voice/bluefarm/ | https://www.mit.pref.miyagi.jp/services/%E3%82%88%E3%81%8F%E3%81%82%E3%82%8B%E3%81%94%E8%B3%AA%E5%95%8Ffaq/ | https://www.mit.pref.miyagi.jp/about/location/access/ | https://www.mit.pref.miyagi.jp/services/
第一エージェンシーの WEB 戦略,https://daiichi-ag.co.jp/digital-ads/operation/,〒810-0004 福岡県福岡市中央区渡辺通4,092-741-6585,,SNS platform + operation service,https://daiichi-ag.co.jp/digital-ads/operation/ | https://daiichi-ag.co.jp/contact/ | https://daiichi-ag.co.jp/digital-ads/analysis/access/ | https://daiichi-ag.co.jp/company/
サービス業：アドバイザー検索,https://musashikoyama-sc.jp/adsearch/?category=15,〒142-0062 東京都品川区小山3,03-5749-4540,,SNS platform + operation service,https://musashikoyama-sc.jp/adsearch/?category=15 | https://musashikoyama-sc.jp/contact/ | https://musashikoyama-sc.jp/guide/ | https://musashikoyama-sc.jp/about/
会員紹介,https://shindan-miyagi.jp/members/,〒981-3133 宮城県仙台市泉区泉中... shindan-miyagi.jp 2,090-9749-2839,,SNS platform + operation service,https://shindan-miyagi.jp/members/ | https://shindan-miyagi.jp/about/ | https://shindan-miyagi.jp/contact/ | https://shindan-miyagi.jp/aonumayasuhiko/
[スペシャルコンテンツ]YOKOUN 物流サービス業 ヨコウン株式 会社,https://www.yokoun.co.jp/special/,〒013-0061 秋田県横手市横手町字大関越9,,,SNS platform + operation service,https://www.yokoun.co.jp/special/ | https://www.yokoun.co.jp/service/ | https://www.yokoun.co.jp/service/yuhaiso/ | https://www.yokoun.co.jp/service/international-logistics/
会社 案内,https://gelatocms.com/about/,〒541-0058 大阪府大阪市中央区南久宝寺町1,06-6777-3688,,SNS運用代行 / SNS運用,https://gelatocms.com/about/ | https://gelatocms.com/service/ | https://gelatocms.com/service/hpseisaku/ | https://gelatocms.com/service/maintenance/
大﨑 道雄,https://kakushin.biz/member_detail/Michio-Osaki,〒106-0041 東京都港区麻布台1,03-6869-5741,,SNS platform + operation service,https://kakushin.biz/member_detail/Michio-Osaki | https://kakushin.biz/service | https://kakushin.biz/service/sales | https://kakushin.biz/service/sales-mindset
オーナー様へ,https://www.liv-estate.jp/pg-owner/,〒017-0045 秋田県大館市中道１,0186-59-4701,,SNS platform + operation service,https://www.liv-estate.jp/pg-owner/ | https://www.liv-estate.jp/company/ | https://www.liv-estate.jp/contact/ | https://www.liv-estate.jp/contact/?companyId=26818
にかほ市、美郷町、湯沢市」との共創プロジェクトが始動！,https://www.persol-innovation.co.jp/news/2022-0926-2,〒010-0875 秋田県秋田市千秋明徳町3,03-6670-3273,,SNS platform + operation service,https://www.persol-innovation.co.jp/news/2022-0926-2 | https://www.persol-innovation.co.jp/about-us | https://www.persol-innovation.co.jp/service | https://www.persol-innovation.co.jp/contact
株式 会社 アイディア【公式サイト】,https://www.ai-dear.co.jp/,〒997-0028 山形県鶴岡市山王町9,0235-29-6188,,SNS platform + operation service,https://www.ai-dear.co.jp/ | https://www.ai-dear.co.jp/company/ | https://www.ai-dear.co.jp/company/companyprofile/ | https://www.ai-dear.co.jp/company/messagefromthepresident/
ABOUT USアド事業部について,https://www.shoko-corpo.jp/ad/about_us/,〒997-0031 山形県鶴岡市錦町2,0235-22-3777,,SNS platform + operation service,https://www.shoko-corpo.jp/ad/about_us/ | https://www.shoko-corpo.jp/ad/contact/
令和8年度寒河江市中小企業 販売促進 事業費補助金,https://www.city.sagae.yamagata.jp/jigyou/syogyou/hanbaisokushinhojo.html,〒991-8601 山形県寒河江市中央一丁目,0237-85-1492,,SNS platform + operation service,https://www.city.sagae.yamagata.jp/jigyou/syogyou/hanbaisokushinhojo.html | https://www.city.sagae.yamagata.jp/kenko_fukushi/kaigo/index.html | https://www.city.sagae.yamagata.jp/kanko/kankoinfo/access/access_annai.html | https://www.city.sagae.yamagata.jp/toiawase/tyokutuu.html
湯殿山エリアの企画・情報発信 鶴岡市 朝日 地域 地域おこし協力隊 ...,https://www.shonai-nippo.co.jp/cgi/ad/day.cgi?p=2026:03:01:15972,〒997-0035 山形県鶴岡市馬場町8,0235-22-1480,,SNS platform + operation service,https://www.shonai-nippo.co.jp/cgi/ad/day.cgi?p=2026:03:01:15972 | https://www.shonai-nippo.co.jp/cgi/form/contact.cgi | https://www.shonai-nippo.co.jp/corporate/
CEO塾,https://www.endo-ao.co.jp/ceo/,〒997-0042 山形県鶴岡市新形町2,0235-22-2884,,SNS platform + operation service,https://www.endo-ao.co.jp/ceo/ | https://www.endo-ao.co.jp/about/ | https://www.endo-ao.co.jp/access/
ORIDOGA,https://olivecinema.com/oridoga/,〒998-0864 山形県酒田市新橋1,0234-28-8469,,SNS platform + operation service,https://olivecinema.com/oridoga/ | https://olivecinema.com/service/ | https://olivecinema.com/company/ | https://olivecinema.com/contact/
中小企業 診断士サーチ.com,https://smeca-search.com/page/3/?search_element_0_7=67&search_element_0_cnt=14&search_element_1_cnt=48&search_element_3_cnt=13&search_element_4_cnt=8&searchbutton=+&csp=search_add&feadvns_max_line_1=6&fe_form_no=1%C3%97tamp=1772189936,〒168-0081 東京都杉並区宮前２,03-5806-0298,,SNS platform + operation service,https://smeca-search.com/page/3/?search_element_0_7=67&search_element_0_cnt=14&search_element_1_cnt=48&search_element_3_cnt=13&search_element_4_cnt=8&searchbutton=+&csp=search_add&feadvns_max_line_1=6&fe_form_no=1%C3%97tamp=1772189936 | https://smeca-search.com/about/ | https://smeca-search.com/service/ | https://smeca-search.com/contact/
広告ライブラリ,https://yamagata-suntec.co.jp/company/library/,〒997-0011 山形県鶴岡市宝田3,0235-23-0377,,SNS platform + operation service,https://yamagata-suntec.co.jp/company/library/ | https://yamagata-suntec.co.jp/company/ | https://yamagata-suntec.co.jp/company/outline/ | https://yamagata-suntec.co.jp/company/greeting/
PROJECT PORT TRY& サービスメニュー,https://tryand.dano.co.jp/tryand_service/,〒998-0864 山形県酒田市新橋2,0234-43-6858,,SNS platform + operation service,https://tryand.dano.co.jp/tryand_service/
えるぼし・くるみん認定企業,https://sakata-jibunouen.jp/ouen/company.html,〒998-8540 山形県酒田市本町二丁目,0234-22-7411,,SNS platform + operation service,https://sakata-jibunouen.jp/ouen/company.html
HiColor inc.,http://www.hicolor.co.jp/,〒998-0044 山形県酒田市中町1,0234-43-6478,,SNS platform + operation service,http://www.hicolor.co.jp/ | http://www.hicolor.co.jp/contact.php
DAZE,https://www.style-daze.com/,〒998-0828 山形県酒田市あきほ町6,0237-76-2103,,SNS platform + operation service,https://www.style-daze.com/
臼井 翼,https://www.fukushima-message.com/innovator/index.php?innovator_id=128,〒960-8042 福島県福島市荒町4,024-563-6230,,SNS運用,https://www.fukushima-message.com/innovator/index.php?innovator_id=128 | https://www.fukushima-message.com/access.html | https://www.fukushima-message.com/outline.html
コスモ石油 マーケティング 、福島県 会津若松市 で「環境価値の地域 ...,https://digital-shift.jp/flash_news/FN230731_6,〒102-0081 東京都千代田区四番,,,SNS platform + operation service,https://digital-shift.jp/flash_news/FN230731_6 | https://digital-shift.jp/about_digital-shift-times | https://digital-shift.jp/startup_technology/about_digital-shift | https://digital-shift.jp/company
「 会津 地域移住促進インスタグラム 運用支援 事業」業務委託 ...,https://www.pref.fukushima.lg.jp/sec/01240a/sns-shien.html,〒965-8501 福島県会津若松市追手町7,0242-29-5292,,インスタグラム運用支援,https://www.pref.fukushima.lg.jp/sec/01240a/sns-shien.html | https://www.pref.fukushima.lg.jp/form/detail.php?sec_sec1=26&inq=02&lif_id=909935&check | https://www.pref.fukushima.lg.jp/site/access/
「スマートシティ 会津若松 」のサービスを体験・活用しませんか？,https://www.city.aizuwakamatsu.fukushima.jp/docs/2023070600060/,〒965-8601 福島県会津若松市東栄町3,050-3528-8454,,SNS platform + operation service,https://www.city.aizuwakamatsu.fukushima.jp/docs/2023070600060/ | https://www.city.aizuwakamatsu.fukushima.jp/soshiki/
サンリキュールGrp SUNLIQUOR Inc.(山形県 酒田市 ),https://tgnr.jp/company/sunliqur/,〒998-0023 山形県酒田市幸町1,,,SNS platform + operation service,https://tgnr.jp/company/sunliqur/ | https://tgnr.jp/about-tgnr/ | https://tgnr.jp/contact/ | https://tgnr.jp/company/
郡山市産業雇用政策課（雇用・労働分野） LINE公式 アカウント,https://www.city.koriyama.lg.jp/soshiki/119/53663.html,〒963-8601 福島県郡山市朝日一丁目,024-924-2251,,LINE公式アカウント運用,https://www.city.koriyama.lg.jp/soshiki/119/53663.html
最新情報,https://aizu-keihin.jp/info/,〒965-8601 福島県会津若松市東栄町3,0242-39-1252,,SNS platform + operation service,https://aizu-keihin.jp/info/ | https://aizu-keihin.jp/about/ | https://aizu-keihin.jp/contact/
特定非営利活動法人 with IWAKI – NPO法人 with IWAKIは ...,https://with-iwaki.com/,〒970-0101 福島県いわき市小川町三島仲屋敷３,,,SNSマーケティング,https://with-iwaki.com/ | https://with-iwaki.com/contact/
「『 webマーケティング セミナー＆勉強会』～web活用による集客 ...,https://iwaki-sangakukan.com/0125-2/,〒970-8026 福島県いわき市平字田町１,0246-21-7570,,SNS platform + operation service,https://iwaki-sangakukan.com/0125-2/ | https://iwaki-sangakukan.com/about-icsn/ | https://iwaki-sangakukan.com/about-icsn/guidance/ | https://iwaki-sangakukan.com/about-icsn/organizer/
会社 概要,https://www.aizu-city.net/imekuri/%E4%BC%9A%E7%A4%BE%E6%A6%82%E8%A6%81.html,〒965-0806 福島県会津若松市宝町5,0242-28-8320,,SNS platform + operation service,https://www.aizu-city.net/imekuri/%E4%BC%9A%E7%A4%BE%E6%A6%82%E8%A6%81.html | https://www.aizu-city.net/imekuri/%E3%83%86%E3%83%AC%E3%82%B7%E3%83%8D%E3%82%B5%E3%83%BC%E3%83%93%E3%82%B9.html | https://www.aizu-city.net/imekuri/%E4%BC%9A%E7%A4%BE%E6%A6%82%E8%A6%81.html
小野町 LINE （ライン） 公式 アカウント,https://www.town.ono.fukushima.jp/soshiki/2/line-onotown.html,〒963-3492 福島県田村郡小野町大字小野新町字舘廻9,0247-72-2111,,LINE公式アカウント運用,https://www.town.ono.fukushima.jp/soshiki/2/line-onotown.html | https://www.town.ono.fukushima.jp/form/2.html | https://www.town.ono.fukushima.jp/site/userguide/about.html
「新春ソリューションフェア in いわき 」へ参加のお知らせ,https://www.busicom.co.jp/news/exhibition_detail/2026/iwaki0220,〒162-0812 東京都新宿区西五軒町1,03-5229-5190,,SNS platform + operation service,https://www.busicom.co.jp/news/exhibition_detail/2026/iwaki0220 | https://www.busicom.co.jp/company/ | https://www.busicom.co.jp/company/showroom/ | https://www.busicom.co.jp/company/reserve.html
MOVIE,http://iktel.net/tax_production/movie/,〒150-0001 東京都渋谷区神宮前6,,,SNS運用,http://iktel.net/tax_production/movie/ | http://iktel.net/company/ | http://iktel.net/contact/
会社概要,https://adesign.jp/company_overview/,〒311-4204 茨城県水戸市田谷町1,029-350-1777,,SNS platform + operation service,https://adesign.jp/company_overview/ | https://adesign.jp/company_overview/index.html | https://adesign.jp/contact/index.html | https://adesign.jp/lp/corporate/
会社 概要,https://aw-tag.com/company_profile/,〒319-1413 茨城県日立市小木津町３,0294-43-0472,,SNS platform + operation service,https://aw-tag.com/company_profile/ | https://aw-tag.com/contact/
サービス詳細,https://syscre.jp/services/,〒309-1611 茨城県笠間市笠間1,0296-71-0632,,SNS運用,https://syscre.jp/services/ | https://syscre.jp/profile/
駅 デジタル サイネージ アーカイブ,https://www.koutsu-navi.com/casestudy/category/station/station_digitalsignage/page/6/,〒166-0004 東京都杉並区阿佐谷南1,03-5305-4802,,SNS platform + operation service,https://www.koutsu-navi.com/casestudy/category/station/station_digitalsignage/page/6/ | https://www.koutsu-navi.com/corp_profile/ | https://www.koutsu-navi.com/contact/ | https://www.koutsu-navi.com/casestudy/category/type/service/
【PR TIMES 企業向けシステム・通信・機器】日立製作所と 日立市,https://ibarakinews.jp/news/newsdetail.php?f_jun=c67590_r565&elem=prt,〒310-8686 茨城県水戸市笠原町9,029-239-3001,,SNS platform + operation service,https://ibarakinews.jp/news/newsdetail.php?f_jun=c67590_r565&elem=prt | https://ibarakinews.jp/hp/ibaraki-np-denshiban-service.html
公益財団法人 いばらき 中小企業 グローバル推進機構,https://www.iis-net.or.jp/coordinator/coordinator?stype=&group=&special=%E7%B5%8C%E5%96%B6%E5%85%A8%E8%88%AC,〒310-0801 茨城県水戸市桜川2,029-232-9185,,SNS platform + operation service,https://www.iis-net.or.jp/coordinator/coordinator?stype=&group=&special=%E7%B5%8C%E5%96%B6%E5%85%A8%E8%88%AC | https://www.iis-net.or.jp/page?kind=guide
移住プロモーション 動画 「ひたちDIARY」,https://hitachi-gurashi.com/hitachi-diary/,〒317-8601 茨城県日立市助川町1,0294-22-3111,,SNS platform + operation service,https://hitachi-gurashi.com/hitachi-diary/ | https://hitachi-gurashi.com/about/ | https://hitachi-gurashi.com/contact/
株式 会社 Officeフロンティア,https://officefrontier.net/,〒312-0036 茨城県ひたちなか市津田東３,,,SNSマーケティング / SNS運用,https://officefrontier.net/
トラストエフォート,https://trusteffort1215.com/,〒312-0054 茨城県ひたちなか市はしかべ2,029-352-3511,,SNS platform + operation service,https://trusteffort1215.com/ | https://trusteffort1215.com/company/ | https://trusteffort1215.com/contact/
SNS などを使用した費用対効果の高いWEB広告代行を承ります。,https://net-cross.com/business/sns/,〒319-1118 茨城県那珂郡東海村舟石川駅東3,029-219-6412,,SNS platform + operation service,https://net-cross.com/business/sns/ | https://net-cross.com/business/ | https://net-cross.com/aboutus/ | https://net-cross.com/contact/
ComPass Reach -コンパスリーチ-,https://www.compass-reach.jp/,〒319-1301 茨城県日立市十王町伊師2,0294-32-7715,,SNS platform + operation service,https://www.compass-reach.jp/ | https://www.compass-reach.jp/web-design/ | https://www.compass-reach.jp/companyprofile/ | https://www.compass-reach.jp/contact/
よくある質問,https://ad-tokiwa.jp/faq/,〒312-0002 茨城県ひたちなか市高野4,029-212-5512,,SNS platform + operation service,https://ad-tokiwa.jp/faq/ | https://ad-tokiwa.jp/company/ | https://ad-tokiwa.jp/service/road-sign/ | https://ad-tokiwa.jp/service/production/
WebGrowth,https://www.axer.co.jp/,〒114-0014 東京都北区田端5,,,SNS platform + operation service,https://www.axer.co.jp/ | https://www.axer.co.jp/service/diagnosis.html
デジタルコンテンツ事業,https://www.connect-and-y.com/digital-content,〒305-0008 茨城県つくば市流星台 4,029-856-3435,,SNS platform + operation service,https://www.connect-and-y.com/digital-content | https://www.connect-and-y.com/contact-us | https://www.connect-and-y.com/service | https://www.connect-and-y.com/about-us
那珂市 LINE公式 アカウント 運用 ポリシー,https://www.city.naka.lg.jp/kurashi-tetsuduki/kouhou/line/page007478.html,〒311-0192 茨城県那珂市福田1,029-298-1111,,LINE公式アカウント運用,https://www.city.naka.lg.jp/kurashi-tetsuduki/kouhou/line/page007478.html | https://www.city.naka.lg.jp/inq.php | https://www.city.naka.lg.jp/inq.php?mode=detail&code=4&code2=6 | https://www.city.naka.lg.jp/hp-about/
終了,https://www.city.ibaraki-koga.lg.jp/soshiki/hisyokouho/kogakurasu/20928.html,〒306-0291 茨城県古河市下大野2,0280-92-3111,,SNS platform + operation service,https://www.city.ibaraki-koga.lg.jp/soshiki/hisyokouho/kogakurasu/20928.html | https://www.city.ibaraki-koga.lg.jp/cgi-bin/inquiry.php/75?page_no=20928 | https://www.city.ibaraki-koga.lg.jp/soshiki/zaisankatsuyo/4/1800.html | https://www.city.ibaraki-koga.lg.jp/soshiki/zaisankatsuyo/4/1801.html
鴻巣市 LINE公式 アカウント,https://www.city.kounosu.saitama.jp/page/2799.html,〒365-8601 埼玉県鴻巣市中央1,048-541-1321,,SNS platform + operation service,https://www.city.kounosu.saitama.jp/page/2799.html | https://www.city.kounosu.saitama.jp/form/detail.php?sec_sec1=53&inq=03&lif_id=2799&check | https://www.city.kounosu.saitama.jp/page/2983.html
日高市 公式LINE,https://www.city.hidaka.lg.jp/soshiki/sogoseisaku/seisakuhisho/shiseijoho/kohokocho/social/1836.html,〒350-1292 埼玉県日高市大字南平沢1,042-989-2111,,LINE公式アカウント運用,https://www.city.hidaka.lg.jp/soshiki/sogoseisaku/seisakuhisho/shiseijoho/kohokocho/social/1836.html | https://www.city.hidaka.lg.jp/cgi-bin/inquiry.php/1 | https://www.city.hidaka.lg.jp/soshiki/sogoseisaku/seisakuhisho/shiseijoho/kohokocho/social/26114.html
LINE （ライン） 越谷市 公式,https://www.city.koshigaya.saitama.jp/kurashi_shisei/shisei/koho/mail_sns/line.html,〒343-8501 埼玉県越谷市越ヶ谷四丁目,048-967-1325,,SNS platform + operation service,https://www.city.koshigaya.saitama.jp/kurashi_shisei/shisei/koho/mail_sns/line.html | https://www.city.koshigaya.saitama.jp/aboutweb/about_search.html | https://www.city.koshigaya.saitama.jp/kurashi_shisei/jigyosha/syogaifukushi/index.html | https://www.city.koshigaya.saitama.jp/toiawase/index.html
所沢市 LINE公式 アカウント,https://www.city.tokorozawa.saitama.jp/kenko/kenkoiryo/covid19/vaccine/LINE_OfficialAccount.html,〒359-8501 埼玉県所沢市並木一丁目,04-2998-9024,,LINE公式アカウント運用,https://www.city.tokorozawa.saitama.jp/kenko/kenkoiryo/covid19/vaccine/LINE_OfficialAccount.html | https://www.city.tokorozawa.saitama.jp/aboutweb/kantanarekore/ninshinsyussan.html | https://www.city.tokorozawa.saitama.jp/aboutweb/kantanarekore/kosodatehoiku.html | https://www.city.tokorozawa.saitama.jp/aboutweb/kantanarekore/sigoto.html
志木市 公式LINE,https://www.city.shiki.lg.jp/soshiki/4/2303.html,〒353-8501 埼玉県志木市中宗岡1,048-473-1110,,SNS platform + operation service,https://www.city.shiki.lg.jp/soshiki/4/2303.html | https://www.city.shiki.lg.jp/soshiki/4/5952.html | https://www.city.shiki.lg.jp/soshiki/3/3234.html
当社について,https://namikihoken.com/company,〒306-0113 茨城県古河市谷貝6,0280-78-0738,,SNS platform + operation service,https://namikihoken.com/company | https://namikihoken.com/about | https://namikihoken.com/service | https://namikihoken.com/contact
T・Aサービス,https://idea-ep.com/hp-creation/works/t%E3%83%BBa%E3%82%B5%E3%83%BC%E3%83%93%E3%82%B9/,〒371-0857 群馬県前橋市高井町1,027-255-1158,,SNS platform + operation service,https://idea-ep.com/hp-creation/works/t%E3%83%BBa%E3%82%B5%E3%83%BC%E3%83%93%E3%82%B9/ | https://idea-ep.com/hp-creation/
茨城県守谷市・つくばみらい市の企業やお店のホームページの 集客 ...,https://www.ibadigi.com/,〒300-2445 茨城県つくばみらい市小絹1,0297-38-5511,,SNS platform + operation service,https://www.ibadigi.com/ | https://www.ibadigi.com/contact.html | https://www.ibadigi.com/accessup.html | https://www.ibadigi.com/company.html
折込チラシ屋さんスタッフ日替わりブログ,https://www.orikomiweb.com/topics/7188.html,〒166-0004 東京都杉並区阿佐谷南1,03-3314-1513,,SNS platform + operation service,https://www.orikomiweb.com/topics/7188.html | https://www.orikomiweb.com/contact/ | https://www.orikomiweb.com/topics/7598.html | https://www.orikomiweb.com/company/index.html
運営 会社,https://kitchen-circus.net/company/,〒329-0201 栃木県小山市粟宮1,,,SNS platform + operation service,https://kitchen-circus.net/company/ | https://kitchen-circus.net/contact/
LINE @,https://iandi-sp.jp/line,〒307-0053 茨城県結城市新福寺4,0296-33-2070,,SNS platform + operation service,https://iandi-sp.jp/line | https://iandi-sp.jp/gaiyo
DX推進,https://k-tochinan.com/dx/,〒329-0214 栃木県小山市乙女1,0285-45-8352,,SNS platform + operation service,https://k-tochinan.com/dx/ | https://k-tochinan.com/company/ | https://k-tochinan.com/contact/
参加者募集！こがでくらすと 動画 スクール第2弾Instagram 動画 ...,https://www.kogakurasu.jp/news/event/134.html,〒306-0291 茨城県古河市下大野2,0280-92-3111,,SNS platform + operation service,https://www.kogakurasu.jp/news/event/134.html | https://www.kogakurasu.jp/about/ | https://www.kogakurasu.jp/about/minna/ | https://www.kogakurasu.jp/about/talk/
栃木県 足利市 ・福島県 スーパーエンプラ,https://www.d-ic.com/works/6860,〒373-0026 群馬県太田市東本町2,0276-60-5440,,SNS platform + operation service,https://www.d-ic.com/works/6860 | https://www.d-ic.com/company | https://www.d-ic.com/service | https://www.d-ic.com/service/home-page
サービス,https://donescience.com/service/,〒103-0027 東京都中央区日本橋2,03-6225-2855,,SNS platform + operation service,https://donescience.com/service/ | https://donescience.com/service/ | https://donescience.com/company/
会員紹介,https://www.shindan-hg.com/member,〒655-0048 兵庫県神戸市垂水区西舞子2,050-7127-1362,,SNS platform + operation service,https://www.shindan-hg.com/member | https://www.shindan-hg.com/
会社 概要,https://www.nakajima-designlab.com/company/,〒326-0844 栃木県足利市鹿島町5,070-2436-2609,,SNS広告運用 / TikTok運用代行 / YouTube運用代行,https://www.nakajima-designlab.com/company/ | https://www.nakajima-designlab.com/services/ | https://www.nakajima-designlab.com/corporate-production/ | https://www.nakajima-designlab.com/info/
足利市 地域防災計画,https://www.city.ashikaga.tochigi.jp/bosai/disaster-prevension/000001/p000267.html,〒326-8601 栃木県足利市本城3,0284-20-2179,,SNS platform + operation service,https://www.city.ashikaga.tochigi.jp/bosai/disaster-prevension/000001/p000267.html | https://www.city.ashikaga.tochigi.jp/viewer/opinion.html?formId=36&idSubTop=0&T_Id_s=17
各論文・テキスト,http://www.win-swamp.com/recruit.html,〒326-0814 栃木県足利市通3,0284-21-7360,,SNS platform + operation service,http://www.win-swamp.com/recruit.html | http://www.win-swamp.com/service.html | http://www.win-swamp.com/company.html | http://www.win-swamp.com/contact.html
群馬のSEO対策,https://www.dicweb.co.jp/,〒373-0026 群馬県太田市東本町2,0276-60-5440,,SNS platform + operation service,https://www.dicweb.co.jp/
販促・ マーケティング支援,https://prime-cmcs.jp/archives/category/marketing,〒338-0001 埼玉県さいたま市中央区上落合2,048-789-6101,,SNS platform + operation service,https://prime-cmcs.jp/archives/category/marketing | https://prime-cmcs.jp/services | https://prime-cmcs.jp/services/business-consulting | https://prime-cmcs.jp/services/improvement
どの業種でも、 SNS運用 代行は依頼できますか？,https://connect-design.biz/news/%E3%81%A9%E3%81%AE%E6%A5%AD%E7%A8%AE%E3%81%A7%E3%82%82%E3%80%81sns%E9%81%8B%E7%94%A8%E4%BB%A3%E8%A1%8C%E3%81%AF%E4%BE%9D%E9%A0%BC%E3%81%A7%E3%81%8D%E3%81%BE%E3%81%99%E3%81%8B%EF%BC%9F/,〒370-0314 群馬県太田市新田市野井町5,050-1808-5617,,SNS運用代行,https://connect-design.biz/news/%E3%81%A9%E3%81%AE%E6%A5%AD%E7%A8%AE%E3%81%A7%E3%82%82%E3%80%81sns%E9%81%8B%E7%94%A8%E4%BB%A3%E8%A1%8C%E3%81%AF%E4%BE%9D%E9%A0%BC%E3%81%A7%E3%81%8D%E3%81%BE%E3%81%99%E3%81%8B%EF%BC%9F/ | https://connect-design.biz/service/ | https://connect-design.biz/service/ | https://connect-design.biz/service/
集客の流儀,https://www.aredore.jp/wp/,〒373-0818 群馬県小舞木町 1,0276-55-2595,,SNS platform + operation service,https://www.aredore.jp/wp/ | https://www.aredore.jp/wp/category/service/ | https://www.aredore.jp/wp/service_a06/ | https://www.aredore.jp/wp/service_a01/
勝沼 孝弘,https://wpif.rmc-tochigi.or.jp/wp/members/405887-2/,〒326-0814 栃木県足利市通3,0284-21-7360,,SNS platform + operation service,https://wpif.rmc-tochigi.or.jp/wp/members/405887-2/
大田区ホームページ： LINE （ライン）,https://www.city.ota.tokyo.jp/aboutweb/ota_line.html,〒144-8621 東京都大田区蒲田五丁目,03-5744-1657,,SNS platform + operation service,https://www.city.ota.tokyo.jp/aboutweb/ota_line.html | https://www.city.ota.tokyo.jp/cgi-bin/form_enq/formmail.cgi?d=josys | https://www.city.ota.tokyo.jp/cgi-bin/form_enq/formmail.cgi?d=koho | https://www.city.ota.tokyo.jp/aboutweb/kotoba.html
東武 足利市 駅 駅貼りポスター 広告,https://eki-poster.com/kanto/line/tobu/tobu_ashikagashi/,〒166-0004 東京都杉並区阿佐谷南1,03-3314-1321,,SNS platform + operation service,https://eki-poster.com/kanto/line/tobu/tobu_ashikagashi/ | https://eki-poster.com/kanto/contact/ | https://eki-poster.com/kanto/line/keisei/keisei_naritaskyaccess/ | https://eki-poster.com/kanto/company_profile/
「マチイロ」で広報紙が読めます,https://www.city.hitachiota.ibaraki.jp/shisei/koho-kocho/koho-paper/page002860.html,〒313-8611 茨城県常陸太田市金井町3,0294-72-3111,,SNS platform + operation service,https://www.city.hitachiota.ibaraki.jp/shisei/koho-kocho/koho-paper/page002860.html | https://www.city.hitachiota.ibaraki.jp/shisei/outline/ | https://www.city.hitachiota.ibaraki.jp/inq.php?mode=detail&code=74&code2=19 | https://www.city.hitachiota.ibaraki.jp/about-site/page001949.html
本庄市SNS 公式 アカウント,https://www.city.honjo.lg.jp/soshiki/kikakuzaisei/hishokoho/osirase/official_sns.html,〒367-8501 埼玉県本庄市本庄3,0495-25-1155,,Instagram運用,https://www.city.honjo.lg.jp/soshiki/kikakuzaisei/hishokoho/osirase/official_sns.html | https://www.city.honjo.lg.jp/cgi-bin/inquiry.php/2?page_no=10451
会社 概要,https://dforu.jp/company/index.html,〒372-0021 群馬県伊勢崎市上諏訪町2,0270-55-1577,,SNS platform + operation service,https://dforu.jp/company/index.html | https://dforu.jp/company/contact.html
株式 会社 FACTORY,https://kiryu-factory.com/,〒376-0034 群馬県桐生市東2,0277-32-4138,,SNS運用,https://kiryu-factory.com/ | https://kiryu-factory.com/contact/
tsukurun KIRYU企画・運営業務に係る公募型プロポーザル ...,https://www.city.kiryu.lg.jp/sangyou/nyusatsu/koubo/1025945.html,〒376-8501 群馬県桐生市織姫町1,0277-32-4186,,SNS platform + operation service,https://www.city.kiryu.lg.jp/sangyou/nyusatsu/koubo/1025945.html | https://www.city.kiryu.lg.jp/kankou/kooutsu/index.html | https://www.city.kiryu.lg.jp/shisei/profile/index.html
ネットを活用した 集客支援,https://www.kiryucci.or.jp/saposute/html/man_station_10.html,〒376-0023 群馬県桐生市錦町三丁目,0277-45-1201,,SNS platform + operation service,https://www.kiryucci.or.jp/saposute/html/man_station_10.html | https://www.kiryucci.or.jp/saposute/html/man_station_05.html | https://www.kiryucci.or.jp/saposute/html/man_station_07.html | https://www.kiryucci.or.jp/saposute/html/man_station_08.html
works,http://www.vivloom.com/works/page/44,〒376-0031 群馬県桐生市本町4,,,SNS platform + operation service,http://www.vivloom.com/works/page/44 | http://www.vivloom.com/about | http://www.vivloom.com/contact
サービスの差別化で販路拡大を図りたい事業者さま必見！モバイル ...,https://www.kanaisj.com/forbusiness/,〒376-0001 群馬県桐生市菱町2,0277-46-3820,,SNS platform + operation service,https://www.kanaisj.com/forbusiness/ | https://www.kanaisj.com/%E3%81%8A%E5%95%8F%E3%81%84%E5%90%88%E3%82%8F%E3%81%9B/ | https://www.kanaisj.com/%E4%BC%9A%E7%A4%BE%E6%A6%82%E8%A6%81-%E3%82%A2%E3%82%AF%E3%82%BB%E3%82%B9-1/ | https://www.kanaisj.com/about/
広告 デザイン,https://www.azu3000.com/business/addesign.html,〒376-0006 群馬県桐生市新宿2,0277-47-3000,,SNS platform + operation service,https://www.azu3000.com/business/addesign.html | https://www.azu3000.com/aboutus/index.html | https://www.azu3000.com/contact/index.html | https://www.azu3000.com/business/index.html
桐生市 シティブランディングセミナー,https://www.joblab.gunma.jp/citybranding,〒376-0031 群馬県桐生市本町5,0277-22-3339,,SNS platform + operation service,https://www.joblab.gunma.jp/citybranding
代表挨拶,https://ver-spring.jp/message/,〒150-0002 東京都渋谷区渋谷2,,,SNS運用 / SNS運用代行,https://ver-spring.jp/message/ | https://ver-spring.jp/ | https://ver-spring.jp/contact/
向田会計からのお知らせnews,https://www.mukaida-kaikei.co.jp/intelligence/page/3/,〒376-0045 群馬県桐生市末広町6,0277-45-2160,,SNS platform + operation service,https://www.mukaida-kaikei.co.jp/intelligence/page/3/ | https://www.mukaida-kaikei.co.jp/service/ | https://www.mukaida-kaikei.co.jp/service/consulting/
スマートクールシティ 産業創出企業を募集しています（令和7年度）,https://www.city.kumagaya.lg.jp/smartcity/service/cooltech-kumagaya.html,〒360-8601 埼玉県熊谷市宮町二丁目,048-524-1114,,SNS platform + operation service,https://www.city.kumagaya.lg.jp/smartcity/service/cooltech-kumagaya.html | https://www.city.kumagaya.lg.jp/smartcity/about/index.html | https://www.city.kumagaya.lg.jp/smartcity/service/index.html | https://www.city.kumagaya.lg.jp/about/soshiki/sogo/kikaku/koutu/kaisukenguide.html
STARS,https://k-stars.net/,〒360-0012 埼玉県熊谷市上之2,,,SNS運用,https://k-stars.net/ | https://k-stars.net/%E3%81%8A%E5%95%8F%E3%81%84%E5%90%88%E3%82%8F%E3%81%9B/ | https://k-stars.net/%E4%BC%9A%E7%A4%BE%E6%A6%82%E8%A6%81/
(株)ハートクリエイト,https://www.sfkoutori.or.jp/sanjokaiin/%E6%A0%AA%E3%83%8F%E3%83%BC%E3%83%88%E3%82%AF%E3%83%AA%E3%82%A8%E3%82%A4%E3%83%88/,〒102-0083 東京都千代田区麹町1,03-3261-3811,,SNS運用,https://www.sfkoutori.or.jp/sanjokaiin/%E6%A0%AA%E3%83%8F%E3%83%BC%E3%83%88%E3%82%AF%E3%83%AA%E3%82%A8%E3%82%A4%E3%83%88/ | https://www.sfkoutori.or.jp/about/ | https://www.sfkoutori.or.jp/contact_information/ | https://www.sfkoutori.or.jp/access/
深谷・ 熊谷 でホームページ制作ならWHIZ Design Works,https://www.whiz-design-works.com/production,〒366-0052 埼玉県深谷市上柴町西1,048-538-0220,,SNS platform + operation service,https://www.whiz-design-works.com/production | https://www.whiz-design-works.com/contact | https://www.whiz-design-works.com/order
Knet 株式 会社,https://www.socio.jp/member/knet-%E6%A0%AA%E5%BC%8F%E4%BC%9A%E7%A4%BE,〒360-0024 埼玉県熊谷市問屋町2,048-511-3830,,SNS platform + operation service,https://www.socio.jp/member/knet-%E6%A0%AA%E5%BC%8F%E4%BC%9A%E7%A4%BE
会社 概要,https://pip-net.co.jp/company/,〒360-0037 埼玉県熊谷市筑波1,048-524-1463,,SNS platform + operation service,https://pip-net.co.jp/company/ | https://pip-net.co.jp/contact/ | https://pip-net.co.jp/contact/
会社 概要,https://sanhe.jp/index/index/about?lang=,〒360-0015 埼玉県熊谷市肥塚3,048-577-5481,,LINE公式アカウント運用代行,https://sanhe.jp/index/index/about?lang= | https://sanhe.jp/ | https://sanhe.jp/index/index/company.html
株式 会社 ハートクリエイト,https://www.monokuma.net/company/company-1945/,〒360-0024 埼玉県熊谷市問屋町2,048-532-5671,,SNS運用,https://www.monokuma.net/company/company-1945/ | https://www.monokuma.net/company/ | https://www.monokuma.net/contact/
お知らせ,https://www.machi-dukurikumagaya.com/category/news/page/2/,〒360-0024 埼玉県熊谷市問屋町2,048-501-8855,,SNS platform + operation service,https://www.machi-dukurikumagaya.com/category/news/page/2/ | https://www.machi-dukurikumagaya.com/company/ | https://www.machi-dukurikumagaya.com/contact/
埼玉県のホームページ制作,https://cantik.co.jp/areas/saitama/,〒252-0314 神奈川県相模原市南区南台5,080-7084-3102,,SNS運用 / SNS運用代行 / SNSマーケティング,https://cantik.co.jp/areas/saitama/ | https://cantik.co.jp/about/ | https://cantik.co.jp/contact/ | https://cantik.co.jp/contact/?service=web
【YouTube配信、 動画 コンテンツ制作、eラーニング教材作成用 ...,https://saitama.pandastudio.tv/?page_id=2,〒330-0801 埼玉県さいたま市大宮区土手町1,0120-78-5828,,SNS platform + operation service,https://saitama.pandastudio.tv/?page_id=2
柏市 公式LINE アカウント,https://www.city.kashiwa.lg.jp/kohokocho/koho/tool/line.html,〒277-8505 千葉県柏市柏五丁目,04-7167-1118,,LINE公式アカウント運用,https://www.city.kashiwa.lg.jp/kohokocho/koho/tool/line.html | https://www.city.kashiwa.lg.jp/kohokocho/jigyosha/ad/kokokukesai.html | https://www.city.kashiwa.lg.jp/facilities/cityhall/cityhall.html | https://www.city.kashiwa.lg.jp/otoiawase.html
熊谷 友貴／ 中小企業 診断士,https://matsudo-startup.jp/consultants/kumagai/,〒271-0092 千葉県松戸市松戸1,047-382-6087,,SNS platform + operation service,https://matsudo-startup.jp/consultants/kumagai/ | https://matsudo-startup.jp/about/ | https://matsudo-startup.jp/access/ | https://matsudo-startup.jp/contact/nairan/
取手市 LINE公式 アカウント,https://www.city.toride.ibaraki.jp/miryoku/shise/kohokocho/homepage/line.html,〒302-8585 茨城県取手市寺田5,0297-74-2141,,LINE公式アカウント運用,https://www.city.toride.ibaraki.jp/miryoku/shise/kohokocho/homepage/line.html | https://www.city.toride.ibaraki.jp/accessibility.html | https://www.city.toride.ibaraki.jp/form/homepage.html
モバーシャルの 動画 制作サービス,https://www.mobercial.com/product/,〒150-0022 東京都渋谷区恵比寿南2,03-6412-7073,,Youtube運用,https://www.mobercial.com/product/ | https://www.mobercial.com/contact/ | https://www.mobercial.com/web/ | https://www.mobercial.com/profile/
コラム,https://webdesign-tokorozawa.com/category/column/,〒359-0024 埼玉県所沢市下安松3,050-6877-6355,,SNS platform + operation service,https://webdesign-tokorozawa.com/category/column/ | https://webdesign-tokorozawa.com/service/ | https://webdesign-tokorozawa.com/company/ | https://webdesign-tokorozawa.com/contact/
株式 会社 Kirari,https://ota9.org/kirari-inc/,〒359-1162 埼玉県所沢市和ケ原1,04-2907-4564,,SNS運用支援,https://ota9.org/kirari-inc/
東武 南桜井駅 駅 広告 のご紹介,https://www.eki-kanban.com/east/advertising/station/tobu_minami-sakurai,〒166-0004 東京都杉並区阿佐谷南1,0120-954-136,,SNS platform + operation service,https://www.eki-kanban.com/east/advertising/station/tobu_minami-sakurai | https://www.eki-kanban.com/contact/ | https://www.eki-kanban.com/east/company/
サービス案内,https://si-solutions.co.jp/service/,〒359-0044 埼玉県所沢市松葉町2,042-000-2741,,SNS運用代行,https://si-solutions.co.jp/service/ | https://si-solutions.co.jp/service/flow/ | https://si-solutions.co.jp/service/faq/ | https://si-solutions.co.jp/company/
日野市 LINE公式 アカウント 運用 方針(利用規約),https://www.city.hino.lg.jp/shisei/koho/social/line_policy.html,〒191-8686 東京都日野市神明1,042-514-8092,,LINE公式アカウント運用,https://www.city.hino.lg.jp/shisei/koho/social/line_policy.html | https://www.city.hino.lg.jp/about/site/usability.html | https://www.city.hino.lg.jp/about/site/keysearch.html
武蔵野市 公式LINE アカウント,https://www.city.musashino.lg.jp/shiseijoho/koho/sns/1030551.html,〒180-8777 東京都武蔵野市緑町2,0422-60-1804,,LINE公式アカウント運用,https://www.city.musashino.lg.jp/shiseijoho/koho/sns/1030551.html | https://www.city.musashino.lg.jp/about/site_guide/moji.html | https://www.city.musashino.lg.jp/shiseijoho/musashino_profile/index.html | https://www.city.musashino.lg.jp/about/site_guide/search.html
会社 概要,https://nico.tokyo/company/,〒359-0037 埼玉県所沢市くすのき台1,,,SNS platform + operation service,https://nico.tokyo/company/ | https://nico.tokyo/services/ | https://nico.tokyo/services/services1/ | https://nico.tokyo/services/services002/
中古車販売 会社 の 支援,http://wellbin-m.co.jp/work/marketingconsulting/,〒359-0021 埼玉県所沢市東所沢2,04-2937-6405,,SNS platform + operation service,http://wellbin-m.co.jp/work/marketingconsulting/ | http://wellbin-m.co.jp/company/ | http://wellbin-m.co.jp/contact/
映像制作 動画 撮影 報道取材技術 くすのき台エージェンシー,https://www.kusunokidai-agc.com/,〒359-1124 埼玉県所沢市東住吉1,0429-23-1570,,SNS platform + operation service,https://www.kusunokidai-agc.com/ | https://www.kusunokidai-agc.com/profile/ | https://www.kusunokidai-agc.com/mailto-kusunokidai/ | https://www.kusunokidai-agc.com/youtube/
WEBコンサルティング事業,https://www.ssbf.co.jp/service/web_consulting/,〒116-0012 東京都荒川区東尾久2,03-6240-8762,,SNS platform + operation service,https://www.ssbf.co.jp/service/web_consulting/ | https://www.ssbf.co.jp/service/ | https://www.ssbf.co.jp/service/voucher_printing/ | https://www.ssbf.co.jp/service/voucher_printing/bound_voucher/
埼玉のパンフレット 制作 ・ 会社 案内・カタログのデザイン 制作会社 ...,https://www.print-solution.com/syutoken/saitama/,〒434-7037 東京都港区赤坂4,03-6434-7037,,SNS platform + operation service,https://www.print-solution.com/syutoken/saitama/ | https://www.print-solution.com/point/corporate/ | https://www.print-solution.com/brand/outline.html | https://www.print-solution.com/serviceline.html
詳細ページ,https://wbbfactory.com/service01.html,〒350-1334 埼玉県狭山市狭山1,04-2936-7821,,SNS platform + operation service,https://wbbfactory.com/service01.html | https://wbbfactory.com/company.html | https://wbbfactory.com/service.html | https://wbbfactory.com/form.php
SNS 運営代行サービス,https://www.borderline.jp/sns-management,〒151-0061 東京都渋谷区初台1,03-4455-7691,,SNS platform + operation service,https://www.borderline.jp/sns-management | https://www.borderline.jp/company | https://www.borderline.jp/inquiry | https://www.borderline.jp/e-commerce
スタッフ紹介,https://saya-biz.jp/staff/,〒350-1305 埼玉県狭山市入間川1,04-2946-8751,,SNS platform + operation service,https://saya-biz.jp/staff/ | https://saya-biz.jp/contact/ | https://saya-biz.jp/about/ | https://saya-biz.jp/access/
座間市 LINE公式 アカウント,https://www.city.zama.kanagawa.jp/shisei/koho/hashin/1005094.html,〒252-8566 神奈川県座間市緑ケ丘一丁目,046-252-8537,,LINE公式アカウント運用,https://www.city.zama.kanagawa.jp/shisei/koho/hashin/1005094.html | https://www.city.zama.kanagawa.jp/about/site/usability.html | https://www.city.zama.kanagawa.jp/about/1007659.html | https://www.city.zama.kanagawa.jp/about/site/keysearch.html
会社 概要,https://azwin-osaka.com/company/,〒589-0011 大阪府大阪狭山市半田1,072-367-2611,,SNS platform + operation service,https://azwin-osaka.com/company/ | https://azwin-osaka.com/service/ | https://azwin-osaka.com/contact/
WEB制作,https://www.anoffset.co.jp/service/web.php,〒175-0081 東京都板橋区新河岸2,03-3938-9811,,SNS platform + operation service,https://www.anoffset.co.jp/service/web.php | https://www.anoffset.co.jp/service/ | https://www.anoffset.co.jp/service/picture.php | https://www.anoffset.co.jp/service/ar.php
株式 会社 友信工業様ホームページ・ 動画 制作,https://dot1.tv/yuushinkougyou/,〒350-1325 埼玉県狭山市根岸6,042-519-6960,,SNS platform + operation service,https://dot1.tv/yuushinkougyou/ | https://dot1.tv/service/ | https://dot1.tv/service/itservice-list/ | https://dot1.tv/service/webservice/
奥富 宏幸,https://www.hanbaishi.com/instructor/1245,〒350-1322 埼玉県狭山市下広瀬7,090-5539-5505,,SNS platform + operation service,https://www.hanbaishi.com/instructor/1245 | https://www.hanbaishi.com/japan-association/access | https://www.hanbaishi.com/contact
創業者のための WEBマーケティング 基礎セミナーin戸田,https://www.city.toda.saitama.jp/koho-toda/250901/kouza04.html,〒335-8588 埼玉県戸田市上戸田1,048-441-1800,,SNS platform + operation service,https://www.city.toda.saitama.jp/koho-toda/250901/kouza04.html | https://www.city.toda.saitama.jp/soshiki/154/todacity-inquiry.html | https://www.city.toda.saitama.jp/soshiki/154/joho-accessibility.html | https://www.city.toda.saitama.jp/soshiki/173/access-todacity.html
事業領域CONCEPT,https://www.media-p.co.jp/concept.html,〒335-0034 埼玉県戸田市笹目5,048-235-3982,,SNS platform + operation service,https://www.media-p.co.jp/concept.html | https://www.media-p.co.jp/company.html | https://www.media-p.co.jp/access.html | https://www.media-p.co.jp/contact.html
Company,https://www.netmarvs.com/company,〒335-0023 埼玉県戸田市本町3,048-229-5965,,SNS platform + operation service,https://www.netmarvs.com/company | https://www.netmarvs.com/contact
会社 概要,https://trueformpilates.jp/about/company,〒335-0021 埼玉県戸田市新曽5,048-211-6797,,SNS platform + operation service,https://trueformpilates.jp/about/company | https://trueformpilates.jp/ | https://trueformpilates.jp/about/tokusho | https://trueformpilates.jp/about/privacy
わが街NAVI『イオンモール北 戸田 』お問合せページ,https://www.scinex.co.jp/lp/11224DS_AEON/inquiry.html?utm_source=DSMark&utm_medium=PaperDM&utm_campaign=11224DS_AEON,〒335-0032 埼玉県戸田市美女木東1,048-643-7120,,SNS platform + operation service,https://www.scinex.co.jp/lp/11224DS_AEON/inquiry.html?utm_source=DSMark&utm_medium=PaperDM&utm_campaign=11224DS_AEON
第4弾「 戸田市 プレミアム付電子商品券」利用開始のお知らせ,https://felicapocketmk.co.jp/news/20250602/2389/,〒113-0033 東京都文京区本郷一丁目,,,SNS platform + operation service,https://felicapocketmk.co.jp/news/20250602/2389/ | https://felicapocketmk.co.jp/business/ | https://felicapocketmk.co.jp/company/ | https://felicapocketmk.co.jp/company/profile/
事業所概要,https://ecto-con.com/location/,〒335-0022 埼玉県戸田市上戸田2,,,SNS platform + operation service,https://ecto-con.com/location/ | https://ecto-con.com/contact/ | https://ecto-con.com/freeconsulting/ | https://ecto-con.com/service/
有限会社エスフィールド,https://toda-industry.net/company/entry_232/,〒335-8588 埼玉県戸田市上戸田1,048-497-0715,,SNS platform + operation service,https://toda-industry.net/company/entry_232/ | https://toda-industry.net/about_work/ | https://toda-industry.net/company/ | https://toda-industry.net/company/
株式 会社 SOLVIDE,https://solvide.jp/,〒335-0031 埼玉県戸田市美女木 1,080-5059-8210,,SNS運用,https://solvide.jp/ | https://solvide.jp/about/ | https://solvide.jp/service/web-product/ | https://solvide.jp/service/search-marketing/
戸田 営業所,https://jl-d.co.jp/location/toda/,〒335-0026 埼玉県戸田市新曽南4,048-499-8800,,SNS運用,https://jl-d.co.jp/location/toda/ | https://jl-d.co.jp/about/ | https://jl-d.co.jp/service/ | https://jl-d.co.jp/
各種映像・ 動画 ・DVD企画制作【エルスプラン／埼玉県 戸田市 】,https://ersprung.co.jp/information/,〒335-0023 埼玉県戸田市本町1,048-229-4093,,SNS platform + operation service,https://ersprung.co.jp/information/ | https://ersprung.co.jp/service/ | https://ersprung.co.jp/contact/
埼玉県 草加市 の30歳までのこどもと若者を中心に誰でも使える複合 ...,https://www.jp-holdings.co.jp/post/2008441.html,〒340-0041 埼玉県草加市松原４,048-941-0031,,SNS platform + operation service,https://www.jp-holdings.co.jp/post/2008441.html | https://www.jp-holdings.co.jp/company/index.html | https://www.jp-holdings.co.jp/company/ | https://www.jp-holdings.co.jp/company/company.html
VR 動画 制作実績,https://www.jdoga.net/category/past-work/vr/,〒380-0803 長野県長野市三輪2,026-252-5540,,SNS platform + operation service,https://www.jdoga.net/category/past-work/vr/ | https://www.jdoga.net/service/ | https://www.jdoga.net/service/ai-cm/ | https://www.jdoga.net/service/live/
ギャラリアデザイン,https://garalia-design.com/,〒340-0015 埼玉県草加市高砂2,048-951-7778,,SNS platform + operation service,https://garalia-design.com/ | https://garalia-design.com/ | https://garalia-design.com/%E3%83%9B%E3%83%BC%E3%83%A0%E3%83%9A%E3%83%BC%E3%82%B8%E5%88%B6%E4%BD%9C/ | https://garalia-design.com/%E5%8B%95%E7%94%BB%E5%88%B6%E4%BD%9C/
サービス,https://sankei-eye.co.jp/service/,〒108-0023 東京都港区芝浦4,03-5443-7500,,SNS platform + operation service,https://sankei-eye.co.jp/service/ | https://sankei-eye.co.jp/service/ | https://sankei-eye.co.jp/service/digital/ | https://sankei-eye.co.jp/service/sales/
ティップネス 草加,https://fia.or.jp/keirou_2014/keirou2014-643/,〒340-0034 埼玉県草加市氷川町2,048-929-1231,,SNS platform + operation service,https://fia.or.jp/keirou_2014/keirou2014-643/ | https://fia.or.jp/contact/ | https://fia.or.jp/whats_fia/company/ | https://fia.or.jp/whats_fia/access/
市川 甚商事(株)と連携協定を締結,https://www.shiga-u.ac.jp/17215/,〒522-8522 滋賀県彦根市⾺場1,0749-27-1023,,SNS platform + operation service,https://www.shiga-u.ac.jp/17215/ | https://www.shiga-u.ac.jp/access/ | https://www.shiga-u.ac.jp/contact/
千葉県 市川市 の Web ・ホームページ制作／ポスター・チラシ制作 ...,https://thefourthcat.com/,〒272-0811 千葉県市川市北方町4,090-3693-8546,,SNS platform + operation service,https://thefourthcat.com/ | https://thefourthcat.com/contact/
WEB,https://inform-tokyo.co.jp/service/web/,〒151-0071 東京都渋谷区本町3,03-6300-0515,,SNS運用代行,https://inform-tokyo.co.jp/service/web/ | https://inform-tokyo.co.jp/contact/ | https://inform-tokyo.co.jp/service/ | https://inform-tokyo.co.jp/service/ai/
株式 会社 Twenty Seven Promotion 市川 江戸川橋 広告映像制作 映像 ...,https://27-pro.com/,〒112-0005 東京都文京区水道2,03-5800-3355,,SNSマーケティング,https://27-pro.com/ | https://27-pro.com/content1.html | https://27-pro.com/content3.html | https://27-pro.com/contact.html
会社 概要,https://cyberarx.jp/company/,〒277-0845 千葉県柏市豊四季台３,080-9972-6526,,SNS platform + operation service,https://cyberarx.jp/company/ | https://cyberarx.jp/service/ | https://cyberarx.jp/contact/
公的施策・個別テーマ,https://planet-law.com/theme,〒414-0002 静岡県伊東市湯川2,050-1807-0197,,SNS platform + operation service,https://planet-law.com/theme | https://planet-law.com/office/profile | https://planet-law.com/form | https://planet-law.com/hojo/shinjigyou-monodukuri
【 ウェブ クイック】ブログで簡単更新！自分で作る格安 ...,http://www.webquick.jp/,〒270-2253 千葉県松戸市日暮1,047-311-6677,,SNS platform + operation service,http://www.webquick.jp/ | http://www.webquick.jp/category/1243282.html | http://www.webquick.jp/category/1289059.html | http://www.webquick.jp/category/1289060.html
マーケティング,https://e-nexts.co.jp/blog_category/%E3%83%9E%E3%83%BC%E3%82%B1%E3%83%86%E3%82%A3%E3%83%B3%E3%82%B0/,〒272-0021 千葉県市川市八幡3,047-307-9485,,SNS運用,https://e-nexts.co.jp/blog_category/%E3%83%9E%E3%83%BC%E3%82%B1%E3%83%86%E3%82%A3%E3%83%B3%E3%82%B0/ | https://e-nexts.co.jp/ | https://e-nexts.co.jp/contact/ | https://e-nexts.co.jp/blog-post/hyperlocal-blog_funabashi/
松戸市 公式LINE,https://www.city.matsudo.chiba.jp/shisei/matsudo_kouhou/officialsns/line.html,〒271-8588 千葉県松戸市根本3,047-366-7320,,SNS platform + operation service,https://www.city.matsudo.chiba.jp/shisei/matsudo_kouhou/officialsns/line.html | https://www.city.matsudo.chiba.jp/profile/index.html | https://www.city.matsudo.chiba.jp/site-gaiyou/service-kyuushi.html
会社 概要,https://mobilis-kj.co.jp/%E4%BC%9A%E7%A4%BE%E6%A6%82%E8%A6%81/,〒270-2231 千葉県松戸市稔台8,047-707-3676,,SNS platform + operation service,https://mobilis-kj.co.jp/%E4%BC%9A%E7%A4%BE%E6%A6%82%E8%A6%81/ | https://mobilis-kj.co.jp/%E4%BC%9A%E7%A4%BE%E6%A6%82%E8%A6%81/
SNS運用 代行,https://chibaschoolstudio.jp/sns,〒270-2218 千葉県松戸市五香西3,090-5485-8770,,SNS運用代行,https://chibaschoolstudio.jp/sns | https://chibaschoolstudio.jp/contact/ | https://chibaschoolstudio.jp/service/ | https://chibaschoolstudio.jp/CorporatePromotionRecruitment
アイビスティ有限会社,https://ibisty.co.jp/mail-magazine/page/2/,〒150-0013 東京都渋谷区恵比寿4,,,SNS platform + operation service,https://ibisty.co.jp/mail-magazine/page/2/ | https://ibisty.co.jp/about/ | https://ibisty.co.jp/contact/ | https://ibisty.co.jp/mail-magazine/026-2/
Recruit,https://nesheep.jp/recruit/,〒271-0091 千葉県松戸市本町1,047-707-2772,,SNS platform + operation service,https://nesheep.jp/recruit/ | https://nesheep.jp/about-us/ | https://nesheep.jp/contact/
講演・教育,https://mx2o.com/seminar/,〒206-0033 東京都多摩市落合1,,,SNS platform + operation service,https://mx2o.com/seminar/ | https://mx2o.com/aboutus/
支援 事例：株式 会社 あおごち,https://chibayorozu.go.jp/case/%E6%94%AF%E6%8F%B4%E4%BA%8B%E4%BE%8B/%E6%94%AF%E6%8F%B4%E4%BA%8B%E4%BE%8B%EF%BC%9A%E6%A0%AA%E5%BC%8F%E4%BC%9A%E7%A4%BE%E3%81%82%E3%81%8A%E3%81%94%E3%81%A1/,〒261-7123 千葉県千葉市美浜区中瀬2,043-299-2921,,SNS platform + operation service,https://chibayorozu.go.jp/case/%E6%94%AF%E6%8F%B4%E4%BA%8B%E4%BE%8B/%E6%94%AF%E6%8F%B4%E4%BA%8B%E4%BE%8B%EF%BC%9A%E6%A0%AA%E5%BC%8F%E4%BC%9A%E7%A4%BE%E3%81%82%E3%81%8A%E3%81%94%E3%81%A1/ | https://chibayorozu.go.jp/aboutus/ | https://chibayorozu.go.jp/aboutus/satellite/ | https://chibayorozu.go.jp/access/
クリニック向け LINE公式 アカウント 運用サポート,https://lp.caloo.jp/line/,〒153-0061 東京都目黒区中目黒1,,,LINE公式アカウント運用,https://lp.caloo.jp/line/
会社 概要,http://i-deal-i.jp/%E4%BC%9A%E7%A4%BE%E6%A6%82%E8%A6%81/,〒270-0142 千葉県流山市西松ケ丘1,04-7111-0707,,SNS platform + operation service,http://i-deal-i.jp/%E4%BC%9A%E7%A4%BE%E6%A6%82%E8%A6%81/ | http://i-deal-i.jp/%E3%82%B5%E3%83%BC%E3%83%93%E3%82%B9%E6%A1%88%E5%86%85/ | http://i-deal-i.jp/%E4%BC%9A%E7%A4%BE%E6%A6%82%E8%A6%81/ | http://i-deal-i.jp/%E3%81%8A%E5%95%8F%E3%81%84%E5%90%88%E3%82%8F%E3%81%9B/
広告,https://www.p-c-g.jp/%E3%82%B5%E3%83%BC%E3%83%93%E3%82%B9/%E5%BA%83%E5%91%8A/,〒104-0061 東京都中央区銀座7,03-5050-2473,,SNS platform + operation service,https://www.p-c-g.jp/%E3%82%B5%E3%83%BC%E3%83%93%E3%82%B9/%E5%BA%83%E5%91%8A/ | https://www.p-c-g.jp/service/ | https://www.p-c-g.jp/%E3%82%B5%E3%83%BC%E3%83%93%E3%82%B9/%E5%8D%B0%E5%88%B7/ | https://www.p-c-g.jp/%E3%82%B5%E3%83%BC%E3%83%93%E3%82%B9/%E5%BA%83%E5%91%8A/
ソーシャルメディアについて,https://www.city.nagareyama.chiba.jp/site/1044138/index.html,〒270-0192 千葉県流山市平和台1,04-7150-6063,,SNS platform + operation service,https://www.city.nagareyama.chiba.jp/site/1044138/index.html | https://www.city.nagareyama.chiba.jp/eservice/1037131/index.html | https://www.city.nagareyama.chiba.jp/1010526/index.html | https://www.city.nagareyama.chiba.jp/eservice/1010248/index.html
商圏とは？ 店舗 づくりに欠かせない「商圏分析」と空間設計の重要 ...,https://www.tnk-inc.com/blog/category1/203251,〒270-0132 千葉県流山市駒木5,047-128-4470,,SNS platform + operation service,https://www.tnk-inc.com/blog/category1/203251 | https://www.tnk-inc.com/contact | https://www.tnk-inc.com/aboutus | https://www.tnk-inc.com/company
事業内容・価格表,https://www.officegunshi.com/%E4%BA%8B%E6%A5%AD%E5%86%85%E5%AE%B9%E3%83%BB%E4%BE%A1%E6%A0%BC%E8%A1%A8/,〒270-0163 千葉県流山市南流山3,04-7114-3056,,SNS platform + operation service,https://www.officegunshi.com/%E4%BA%8B%E6%A5%AD%E5%86%85%E5%AE%B9%E3%83%BB%E4%BE%A1%E6%A0%BC%E8%A1%A8/ | https://www.officegunshi.com/%E4%BC%9A%E7%A4%BE%E6%A6%82%E8%A6%81/ | https://www.officegunshi.com/%E3%81%8A%E5%95%8F%E3%81%84%E5%90%88%E3%82%8F%E3%81%9B/
【千葉県産業振興センター】ものづくり企業の製品企画 ...,https://www.city.kisarazu.lg.jp/soshiki/keizai/sangyoshinko/1/3811.html,〒292-8501 千葉県木更津市富士見1,043-299-1078,,SNS platform + operation service,https://www.city.kisarazu.lg.jp/soshiki/keizai/sangyoshinko/1/3811.html | https://www.city.kisarazu.lg.jp/cgi-bin/inquiry.php/37?page_no=3811 | https://www.city.kisarazu.lg.jp/kurashi/yakusho_madoguchiannai/6550.html | https://www.city.kisarazu.lg.jp/about/index.html
株式 会社 マサキ,https://masaki-adsolution.com/,〒292-0801 千葉県木更津市請西2,0438-37-1861,,SNS platform + operation service,https://masaki-adsolution.com/ | https://masaki-adsolution.com/kaisyagaiyo/ | https://masaki-adsolution.com/info/ | https://masaki-adsolution.com/access/
関東鉄道株式 会社 様 LINE公式 アカウント 運用 ・ 支援 と友だち追加 ...,https://www.keisei-fk.jp/works/%E9%96%A2%E6%9D%B1%E9%89%84%E9%81%93%E6%A0%AA%E5%BC%8F%E4%BC%9A%E7%A4%BE%E6%A7%98%E3%80%80line%E5%85%AC%E5%BC%8F%E3%82%A2%E3%82%AB%E3%82%A6%E3%83%B3%E3%83%88%E9%81%8B%E7%94%A8%E3%81%A8%E3%81%8A/,〒110-0003 東京都台東区根岸2,03-5808-7520,,LINE公式アカウント運用,https://www.keisei-fk.jp/works/%E9%96%A2%E6%9D%B1%E9%89%84%E9%81%93%E6%A0%AA%E5%BC%8F%E4%BC%9A%E7%A4%BE%E6%A7%98%E3%80%80line%E5%85%AC%E5%BC%8F%E3%82%A2%E3%82%AB%E3%82%A6%E3%83%B3%E3%83%88%E9%81%8B%E7%94%A8%E3%81%A8%E3%81%8A/ | https://www.keisei-fk.jp/company/ | https://www.keisei-fk.jp/philosophy/ | https://www.keisei-fk.jp/contact/
木更津市 の デジタル 地域通貨・アクアコインを活用した中小企業 ...,https://iridge.jp/news/202005/27159/,〒106-0041 東京都港区麻布台1,03-6441-2325,,SNS platform + operation service,https://iridge.jp/news/202005/27159/ | https://iridge.jp/service/ | https://iridge.jp/service/reason/ | https://iridge.jp/service/appbox/
千葉県 木更津 で記念撮影、 動画 制作ならHIDETO KITAMURA FILMS,https://hidetokitamurafilms.info/,〒292-0043 千葉県木更津市東太田1,,,SNS platform + operation service,https://hidetokitamurafilms.info/ | https://hidetokitamurafilms.info/service/ | https://hidetokitamurafilms.info/profile/ | https://hidetokitamurafilms.info/company/
千葉県船橋市の 動画 制作 会社,https://movie.noveltyinc.jp/,〒273-0005 千葉県船橋市本町5,047-405-2227,,SNSマーケティング,https://movie.noveltyinc.jp/ | https://movie.noveltyinc.jp/service/ | https://movie.noveltyinc.jp/company/ | https://movie.noveltyinc.jp/contact/
【9月1日登壇】x3d代表・武石幸之助が 木更津 商工会議所主催 ...,https://x3d.jp/news/202609-kisarazu-claude-code,〒105-0012 東京都港区芝大門2,,,SNS platform + operation service,https://x3d.jp/news/202609-kisarazu-claude-code | https://x3d.jp/services/aidx | https://x3d.jp/services/bpr | https://x3d.jp/services/aidx/instructor-network
