company_name,url,address,phone,maps_url,contact_url,message,sent_at,status,error_reason,screenshot_path,provider_used,提案区分,,区分,検出ワード
有限会社原商事,http://www.hara-syouzi.com/,,,,http://www.hara-syouzi.com/mailform/mailform_1/,,,,,,,,,K｜地域不動産・賃貸管理・物件活用支援,日本賃貸住宅管理協会公式会員：地域の賃貸管理・不動産活用支援
有限会社喜納住宅開発,https://www.kina.co.jp/,,,,https://www.kina.co.jp/contact/,,,,,,,,,K｜地域不動産・賃貸管理・物件活用支援,日本賃貸住宅管理協会公式会員：地域の賃貸管理・不動産活用支援
有限会社大吉宅建,http://www.daikiti-takuken.co.jp/,,,,http://www.daikiti-takuken.co.jp/contact,,,,,,,,,K｜地域不動産・賃貸管理・物件活用支援,日本賃貸住宅管理協会公式会員：地域の賃貸管理・不動産活用支援
有限会社大坪事務所,https://www.otsubo-j.co.jp/,,,,https://www.otsubo-j.co.jp/,,,,,,,,,K｜地域不動産・賃貸管理・物件活用支援,日本賃貸住宅管理協会公式会員：地域の賃貸管理・不動産活用支援
有限会社大堂,https://www.daido-1977.co.jp/,,,,https://www.daido-1977.co.jp/contact/,,,,,,,,,K｜地域不動産・賃貸管理・物件活用支援,日本賃貸住宅管理協会公式会員：地域の賃貸管理・不動産活用支援
有限会社大益,https://www.daimasu-s.co.jp/,,,,https://www.daimasu-s.co.jp/contact/,,,,,,,,,K｜地域不動産・賃貸管理・物件活用支援,日本賃貸住宅管理協会公式会員：地域の賃貸管理・不動産活用支援
有限会社大興不動産延岡,https://www.taiko-nobeoka.com/,,,,https://www.taiko-nobeoka.com/contact,,,,,,,,,K｜地域不動産・賃貸管理・物件活用支援,日本賃貸住宅管理協会公式会員：地域の賃貸管理・不動産活用支援
有限会社大興不動産日向,https://www.taiko-hyuga.co.jp/,,,,https://www.taiko-hyuga.co.jp/contact,,,,,,,,,K｜地域不動産・賃貸管理・物件活用支援,日本賃貸住宅管理協会公式会員：地域の賃貸管理・不動産活用支援
有限会社大阪ホーム・コンサルタント,https://www.osakahome.co.jp/,,,,https://www.osakahome.co.jp/kasitai/,,,,,,,,,K｜地域不動産・賃貸管理・物件活用支援,日本賃貸住宅管理協会公式会員：地域の賃貸管理・不動産活用支援
有限会社太平不動産,https://www.taihei-fudosan.com/,,,,https://www.taihei-fudosan.com/contact,,,,,,,,,K｜地域不動産・賃貸管理・物件活用支援,日本賃貸住宅管理協会公式会員：地域の賃貸管理・不動産活用支援
有限会社帯広ドットコム,https://www.obihiroshi.com/,,,,https://www.obihiroshi.com/contact_campaign.php,,,,,,,,,K｜地域不動産・賃貸管理・物件活用支援,日本賃貸住宅管理協会公式会員：地域の賃貸管理・不動産活用支援
有限会社後藤商会,https://goccha.info/,,,,https://goccha.info/contact.html,,,,,,,,,K｜地域不動産・賃貸管理・物件活用支援,日本賃貸住宅管理協会公式会員：地域の賃貸管理・不動産活用支援
有限会社徳里ハウジング,https://www.tokuzato-hsg.jp/ja/,,,,https://www.tokuzato-hsg.jp/ja/contact-us,,,,,,,,,K｜地域不動産・賃貸管理・物件活用支援,日本賃貸住宅管理協会公式会員：地域の賃貸管理・不動産活用支援
有限会社新地開発,https://www.chintai-okinawa.jp/,,,,https://www.chintai-okinawa.jp/contact/,,,,,,,,,K｜地域不動産・賃貸管理・物件活用支援,日本賃貸住宅管理協会公式会員：地域の賃貸管理・不動産活用支援
有限会社昭和エンタープライズ,https://happylife-r.com/,,,,https://happylife-r.com/?page_id=19,,,,,,,,,K｜地域不動産・賃貸管理・物件活用支援,日本賃貸住宅管理協会公式会員：地域の賃貸管理・不動産活用支援
有限会社朝日ハウジング,http://www.asahi-okinawa.com/,,,,http://www.asahi-okinawa.com/Contact/,,,,,,,,,K｜地域不動産・賃貸管理・物件活用支援,日本賃貸住宅管理協会公式会員：地域の賃貸管理・不動産活用支援
有限会社田口住宅,https://www.taguchi-jyuutaku.co.jp/,,,,https://www.taguchi-jyuutaku.co.jp/contact/,,,,,,,,,K｜地域不動産・賃貸管理・物件活用支援,日本賃貸住宅管理協会公式会員：地域の賃貸管理・不動産活用支援
有限会社相和不動産,https://www.aiwa-f.co.jp/,,,,https://www.aiwa-f.co.jp/contact/,,,,,,,,,K｜地域不動産・賃貸管理・物件活用支援,日本賃貸住宅管理協会公式会員：地域の賃貸管理・不動産活用支援
有限会社礎,https://isizue.work/,,,,https://isizue.work/contact/,,,,,,,,,K｜地域不動産・賃貸管理・物件活用支援,日本賃貸住宅管理協会公式会員：地域の賃貸管理・不動産活用支援
有限会社第一土地,https://www.daiichi-tochi.co.jp/,,,,https://www.daiichi-tochi.co.jp/contact/,,,,,,,,,K｜地域不動産・賃貸管理・物件活用支援,日本賃貸住宅管理協会公式会員：地域の賃貸管理・不動産活用支援
有限会社高蔵住宅,https://www.takakurajutaku.com/,,,,https://www.takakurajutaku.com/%e3%81%8a%e5%95%8f%e5%90%88%e3%81%9b,,,,,,,,,K｜地域不動産・賃貸管理・物件活用支援,日本賃貸住宅管理協会公式会員：地域の賃貸管理・不動産活用支援
朝日ホームズ株式会社,https://www.asahihomes.jp/,,,,https://www.asahihomes.jp/contact/,,,,,,,,,K｜地域不動産・賃貸管理・物件活用支援,日本賃貸住宅管理協会公式会員：地域の賃貸管理・不動産活用支援
朝日リビング株式会社,https://www.asahi-lv.co.jp/,,,,https://www.asahi-lv.co.jp/pg-contact/,,,,,,,,,K｜地域不動産・賃貸管理・物件活用支援,日本賃貸住宅管理協会公式会員：地域の賃貸管理・不動産活用支援
朝日産業株式会社,https://www.asahisangyou.co.jp/,,,,https://www.asahisangyou.co.jp/inquiry/,,,,,,,,,K｜地域不動産・賃貸管理・物件活用支援,日本賃貸住宅管理協会公式会員：地域の賃貸管理・不動産活用支援
東京ディフェンス株式会社,https://www.tokyodefense.com/,,,,https://www.tokyodefense.com/contact/,,,,,,,,,K｜地域不動産・賃貸管理・物件活用支援,日本賃貸住宅管理協会公式会員：地域の賃貸管理・不動産活用支援
東京三誠不動産株式会社,https://www.tokyosansei.co.jp/,,,,https://www.tokyosansei.co.jp/contact.html,,,,,,,,,K｜地域不動産・賃貸管理・物件活用支援,日本賃貸住宅管理協会公式会員：地域の賃貸管理・不動産活用支援
東京海上日動火災保険株式会社,https://www.tokiomarine-nichido.co.jp/,,,,https://www.tokiomarine-nichido.co.jp/service/auto/,,,,,,,,,K｜地域不動産・賃貸管理・物件活用支援,日本賃貸住宅管理協会公式会員：地域の賃貸管理・不動産活用支援
東京綜合管理株式会社,https://tokyosogokanri.net/,,,,https://tokyosogokanri.net/contact/,,,,,,,,,K｜地域不動産・賃貸管理・物件活用支援,日本賃貸住宅管理協会公式会員：地域の賃貸管理・不動産活用支援
東住ハウジング株式会社,http://www.toju.info/,,,,http://www.toju.info/contents/form_assessment.php,,,,,,,,,K｜地域不動産・賃貸管理・物件活用支援,日本賃貸住宅管理協会公式会員：地域の賃貸管理・不動産活用支援
東建ビル管理株式会社,https://www.token-bm.co.jp/,,,,https://www.token-bm.co.jp/inquiry/,,,,,,,,,K｜地域不動産・賃貸管理・物件活用支援,日本賃貸住宅管理協会公式会員：地域の賃貸管理・不動産活用支援
東急住宅リース株式会社,https://www.tokyu-housing-lease.co.jp/,,,,https://www.tokyu-housing-lease.co.jp/residents/,,,,,,,,,K｜地域不動産・賃貸管理・物件活用支援,日本賃貸住宅管理協会公式会員：地域の賃貸管理・不動産活用支援
東急社宅マネジメント株式会社,https://tokyu-corporate-housing-management.co.jp/,,,,https://tokyu-corporate-housing-management.co.jp/contact/,,,,,,,,,K｜地域不動産・賃貸管理・物件活用支援,日本賃貸住宅管理協会公式会員：地域の賃貸管理・不動産活用支援
東日本住宅株式会社,https://www.higashinihonjutaku.co.jp/,,,,https://www.higashinihonjutaku.co.jp/uritai/,,,,,,,,,K｜地域不動産・賃貸管理・物件活用支援,日本賃貸住宅管理協会公式会員：地域の賃貸管理・不動産活用支援
東洋コミュニティ株式会社,http://toyocommunity.com/,,,,http://toyocommunity.com/contact/,,,,,,,,,K｜地域不動産・賃貸管理・物件活用支援,日本賃貸住宅管理協会公式会員：地域の賃貸管理・不動産活用支援
東海建物株式会社,https://www.toukaitatemono.co.jp/,,,,https://www.toukaitatemono.co.jp/tenant_inquiry,,,,,,,,,K｜地域不動産・賃貸管理・物件活用支援,日本賃貸住宅管理協会公式会員：地域の賃貸管理・不動産活用支援
東邦住建株式会社,http://www.toho-juken.co.jp/,,,,http://www.toho-juken.co.jp/contact/,,,,,,,,,K｜地域不動産・賃貸管理・物件活用支援,日本賃貸住宅管理協会公式会員：地域の賃貸管理・不動産活用支援
東邦金属工業株式会社,https://www.tohometal.co.jp/,,,,https://www.tohometal.co.jp/contact/,,,,,,,,,K｜地域不動産・賃貸管理・物件活用支援,日本賃貸住宅管理協会公式会員：地域の賃貸管理・不動産活用支援
松嵜産興株式会社,https://www.matsuzakisanko.co.jp/,,,,https://www.matsuzakisanko.co.jp/contact,,,,,,,,,K｜地域不動産・賃貸管理・物件活用支援,日本賃貸住宅管理協会公式会員：地域の賃貸管理・不動産活用支援
松本ビル管理株式会社,https://www.matumoto-kanri.co.jp/,,,,https://www.matumoto-kanri.co.jp/contact/,,,,,,,,,K｜地域不動産・賃貸管理・物件活用支援,日本賃貸住宅管理協会公式会員：地域の賃貸管理・不動産活用支援
柊コンサルタント合同会社,https://www.hi-ragi-consul.com/,,,,https://www.hi-ragi-consul.com/business,,,,,,,,,K｜地域不動産・賃貸管理・物件活用支援,日本賃貸住宅管理協会公式会員：地域の賃貸管理・不動産活用支援
株式会社あなぶきレジデンシャル流通,https://www.anabuki-rr.co.jp/,,,,https://www.anabuki-rr.co.jp/contact,,,,,,,,,K｜地域不動産・賃貸管理・物件活用支援,日本賃貸住宅管理協会公式会員：地域の賃貸管理・不動産活用支援
株式会社あんしんプラス,https://ansinplus.com/,,,,https://ansinplus.com/contact,,,,,,,,,K｜地域不動産・賃貸管理・物件活用支援,日本賃貸住宅管理協会公式会員：地域の賃貸管理・不動産活用支援
株式会社あんど,https://and.care/,,,,https://and.care/contact/,,,,,,,,,K｜地域不動産・賃貸管理・物件活用支援,日本賃貸住宅管理協会公式会員：地域の賃貸管理・不動産活用支援
株式会社いえらぶコミュニケーションズ,https://www.ielove-communications.co.jp/,,,,https://www.ielove-communications.co.jp/contact,,,,,,,,,K｜地域不動産・賃貸管理・物件活用支援,日本賃貸住宅管理協会公式会員：地域の賃貸管理・不動産活用支援
株式会社いえらぶパーク,https://ielove-park.jp/,,,,https://ielove-park.jp/contact,,,,,,,,,K｜地域不動産・賃貸管理・物件活用支援,日本賃貸住宅管理協会公式会員：地域の賃貸管理・不動産活用支援
株式会社いるま野サービス,https://irumano.co.jp/,,,,https://irumano.co.jp/funeral/contact,,,,,,,,,K｜地域不動産・賃貸管理・物件活用支援,日本賃貸住宅管理協会公式会員：地域の賃貸管理・不動産活用支援
株式会社えん賃貸管理,https://www.en-pm.jp/,,,,https://www.en-pm.jp/contact/,,,,,,,,,K｜地域不動産・賃貸管理・物件活用支援,日本賃貸住宅管理協会公式会員：地域の賃貸管理・不動産活用支援
株式会社おかたづけ田中くん,https://okataduketanakakun.net/,,,,https://okataduketanakakun.net/%e3%83%9b%e3%83%bc%e3%83%a0%e3%83%9a%e3%83%bc%e3%82%b8%e3%82%bb%e3%82%af%e3%82%b7%e3%83%a7%e3%83%b3/,,,,,,,,,K｜地域不動産・賃貸管理・物件活用支援,日本賃貸住宅管理協会公式会員：地域の賃貸管理・不動産活用支援
株式会社きずな,https://kizuna-inc.co.jp/,,,,https://kizuna-inc.co.jp/contact,,,,,,,,,K｜地域不動産・賃貸管理・物件活用支援,日本賃貸住宅管理協会公式会員：地域の賃貸管理・不動産活用支援
株式会社きめたハウジング,https://www.kimeta-housing.com/,,,,https://www.kimeta-housing.com/%e3%81%8a%e5%95%8f%e3%81%84%e5%90%88%e3%82%8f%e3%81%9b/,,,,,,,,,K｜地域不動産・賃貸管理・物件活用支援,日本賃貸住宅管理協会公式会員：地域の賃貸管理・不動産活用支援
株式会社くみん不動産,https://www.kumin.co.jp/,,,,https://www.kumin.co.jp/contact/,,,,,,,,,K｜地域不動産・賃貸管理・物件活用支援,日本賃貸住宅管理協会公式会員：地域の賃貸管理・不動産活用支援
株式会社さいたま住研,https://www.saitama-j.com/,,,,https://www.saitama-j.com/inquiry.php,,,,,,,,,K｜地域不動産・賃貸管理・物件活用支援,日本賃貸住宅管理協会公式会員：地域の賃貸管理・不動産活用支援
株式会社しんにち不動産,https://www.39shinnichi.co.jp/,,,,https://www.39shinnichi.co.jp/contact,,,,,,,,,K｜地域不動産・賃貸管理・物件活用支援,日本賃貸住宅管理協会公式会員：地域の賃貸管理・不動産活用支援
株式会社すがコーポレーション,https://www.sugasuga.co.jp/,,,,https://www.sugasuga.co.jp/?page_id=41,,,,,,,,,K｜地域不動産・賃貸管理・物件活用支援,日本賃貸住宅管理協会公式会員：地域の賃貸管理・不動産活用支援
株式会社すまいる管理,http://www.smile-service.jp/,,,,http://www.smile-service.jp/?page_id=221,,,,,,,,,K｜地域不動産・賃貸管理・物件活用支援,日本賃貸住宅管理協会公式会員：地域の賃貸管理・不動産活用支援
株式会社ちえん,https://www.chien.co.jp/,,,,https://www.chien.co.jp/toiawase.aspx,,,,,,,,,K｜地域不動産・賃貸管理・物件活用支援,日本賃貸住宅管理協会公式会員：地域の賃貸管理・不動産活用支援
株式会社つくば商事,https://www.tsukuba-s.com/,,,,https://www.tsukuba-s.com/contact,,,,,,,,,K｜地域不動産・賃貸管理・物件活用支援,日本賃貸住宅管理協会公式会員：地域の賃貸管理・不動産活用支援
株式会社ときそう,http://tokiso.co.jp/,,,,http://tokiso.co.jp/contact,,,,,,,,,K｜地域不動産・賃貸管理・物件活用支援,日本賃貸住宅管理協会公式会員：地域の賃貸管理・不動産活用支援
株式会社なないろ,https://www.nanairorent.net/,,,,https://www.nanairorent.net/contact/,,,,,,,,,K｜地域不動産・賃貸管理・物件活用支援,日本賃貸住宅管理協会公式会員：地域の賃貸管理・不動産活用支援
株式会社ひろし不動産,https://www.hiroshif.com/,,,,https://www.hiroshif.com/contact,,,,,,,,,K｜地域不動産・賃貸管理・物件活用支援,日本賃貸住宅管理協会公式会員：地域の賃貸管理・不動産活用支援
株式会社ふれんず宅建保証,https://www.f-takken.com/hoshou/,,,,https://www.f-takken.com/hoshou/contact/,,,,,,,,,K｜地域不動産・賃貸管理・物件活用支援,日本賃貸住宅管理協会公式会員：地域の賃貸管理・不動産活用支援
株式会社べるでん,https://werden.jp/,,,,https://werden.jp/contact/,,,,,,,,,K｜地域不動産・賃貸管理・物件活用支援,日本賃貸住宅管理協会公式会員：地域の賃貸管理・不動産活用支援
株式会社まさる建設,https://masaru-kensetu.com/,,,,https://masaru-kensetu.com/contact/,,,,,,,,,K｜地域不動産・賃貸管理・物件活用支援,日本賃貸住宅管理協会公式会員：地域の賃貸管理・不動産活用支援
株式会社まつもと不動産,https://www.matsu-f.jp/,,,,https://www.matsu-f.jp/shop/contact/shop/,,,,,,,,,K｜地域不動産・賃貸管理・物件活用支援,日本賃貸住宅管理協会公式会員：地域の賃貸管理・不動産活用支援
株式会社みずほ不動産,https://www.mizuho-re.com:443/,,,,https://www.mizuho-re.com:443/requests/edit,,,,,,,,,K｜地域不動産・賃貸管理・物件活用支援,日本賃貸住宅管理協会公式会員：地域の賃貸管理・不動産活用支援
株式会社むつみホーム,https://mutsumi-home.net/,,,,https://mutsumi-home.net/contact/,,,,,,,,,K｜地域不動産・賃貸管理・物件活用支援,日本賃貸住宅管理協会公式会員：地域の賃貸管理・不動産活用支援
株式会社わのまま,https://wanomama-official.com/,,,,https://wanomama-official.com/reform/,,,,,,,,,K｜地域不動産・賃貸管理・物件活用支援,日本賃貸住宅管理協会公式会員：地域の賃貸管理・不動産活用支援
株式会社アイエフシー・コーポレーション,https://www.ifc-corporation.co.jp/,,,,https://www.ifc-corporation.co.jp/contact/,,,,,,,,,K｜地域不動産・賃貸管理・物件活用支援,日本賃貸住宅管理協会公式会員：地域の賃貸管理・不動産活用支援
株式会社アイディプロパティ,https://idg-p.jp/,,,,https://idg-p.jp/inquiry/index.php,,,,,,,,,K｜地域不動産・賃貸管理・物件活用支援,日本賃貸住宅管理協会公式会員：地域の賃貸管理・不動産活用支援
株式会社アイランドホーム,http://www.iland-home.com/,,,,http://www.iland-home.com/mailform/mailform_1/index.html,,,,,,,,,K｜地域不動産・賃貸管理・物件活用支援,日本賃貸住宅管理協会公式会員：地域の賃貸管理・不動産活用支援
株式会社アイワホーム,https://www.aiwa-home.jp/,,,,https://www.aiwa-home.jp/formmagazine/,,,,,,,,,K｜地域不動産・賃貸管理・物件活用支援,日本賃貸住宅管理協会公式会員：地域の賃貸管理・不動産活用支援
株式会社アイ・ディー・シー,https://www.id-com.co.jp/,,,,https://www.id-com.co.jp/contact/,,,,,,,,,K｜地域不動産・賃貸管理・物件活用支援,日本賃貸住宅管理協会公式会員：地域の賃貸管理・不動産活用支援
株式会社アオキガーデン,https://www.aoki-garden.co.jp/,,,,https://www.aoki-garden.co.jp/contact,,,,,,,,,K｜地域不動産・賃貸管理・物件活用支援,日本賃貸住宅管理協会公式会員：地域の賃貸管理・不動産活用支援
株式会社アキシム,https://www.akisim.com/,,,,https://www.akisim.com/contact/,,,,,,,,,K｜地域不動産・賃貸管理・物件活用支援,日本賃貸住宅管理協会公式会員：地域の賃貸管理・不動産活用支援
株式会社アクシスコミュニティ,https://www.axiss-community.co.jp/,,,,https://www.axiss-community.co.jp/contact.html,,,,,,,,,K｜地域不動産・賃貸管理・物件活用支援,日本賃貸住宅管理協会公式会員：地域の賃貸管理・不動産活用支援
株式会社アクトワンプラス,http://www.actoneplus.co.jp/,,,,http://www.actoneplus.co.jp/contact/,,,,,,,,,K｜地域不動産・賃貸管理・物件活用支援,日本賃貸住宅管理協会公式会員：地域の賃貸管理・不動産活用支援
株式会社アサカワクオリネス,https://qualiness.co.jp/,,,,https://qualiness.co.jp/contact/,,,,,,,,,K｜地域不動産・賃貸管理・物件活用支援,日本賃貸住宅管理協会公式会員：地域の賃貸管理・不動産活用支援
株式会社アスパ,https://www.asset-value.jp/,,,,https://www.asset-value.jp/contact/,,,,,,,,,K｜地域不動産・賃貸管理・物件活用支援,日本賃貸住宅管理協会公式会員：地域の賃貸管理・不動産活用支援
株式会社アズ・スタット,https://www.az-stat.com/,,,,https://www.az-stat.com/contact_cancel/,,,,,,,,,K｜地域不動産・賃貸管理・物件活用支援,日本賃貸住宅管理協会公式会員：地域の賃貸管理・不動産活用支援
株式会社アセス信用保証,https://www.assess-credit.co.jp/,,,,https://www.assess-credit.co.jp/contact/,,,,,,,,,K｜地域不動産・賃貸管理・物件活用支援,日本賃貸住宅管理協会公式会員：地域の賃貸管理・不動産活用支援
株式会社アソーク,https://asok-inc.co.jp/,,,,https://asok-inc.co.jp/,,,,,,,,,K｜地域不動産・賃貸管理・物件活用支援,日本賃貸住宅管理協会公式会員：地域の賃貸管理・不動産活用支援
株式会社アチーブメントプラス,https://www.achieve-plus.jp/,,,,https://www.achieve-plus.jp/soudan-form/,,,,,,,,,K｜地域不動産・賃貸管理・物件活用支援,日本賃貸住宅管理協会公式会員：地域の賃貸管理・不動産活用支援
株式会社アッドバリュー,https://www.add-v.co.jp/,,,,https://www.add-v.co.jp/contact.html/,,,,,,,,,K｜地域不動産・賃貸管理・物件活用支援,日本賃貸住宅管理協会公式会員：地域の賃貸管理・不動産活用支援
株式会社アップル,https://www.apple-apaman.co.jp/,,,,https://www.apple-apaman.co.jp/contact/,,,,,,,,,K｜地域不動産・賃貸管理・物件活用支援,日本賃貸住宅管理協会公式会員：地域の賃貸管理・不動産活用支援
株式会社アップル神奈川,https://www.ap-kanagawa.co.jp/,,,,https://www.ap-kanagawa.co.jp/%e3%81%8a%e5%95%8f%e3%81%84%e5%90%88%e3%82%8f%e3%81%9b/,,,,,,,,,K｜地域不動産・賃貸管理・物件活用支援,日本賃貸住宅管理協会公式会員：地域の賃貸管理・不動産活用支援
株式会社アトワンス,http://www.atonce.jp/,,,,http://www.atonce.jp/contact/,,,,,,,,,K｜地域不動産・賃貸管理・物件活用支援,日本賃貸住宅管理協会公式会員：地域の賃貸管理・不動産活用支援
株式会社アドバンスネット,http://www.advance-real.co.jp/,,,,https://www.advance-real.co.jp/web/contact.php,,,,,,,,,K｜地域不動産・賃貸管理・物件活用支援,日本賃貸住宅管理協会公式会員：地域の賃貸管理・不動産活用支援
株式会社アドバンス・シティ・プランニング,https://acp.hokushinfudosan.co.jp/,,,,https://acp.hokushinfudosan.co.jp/contact,,,,,,,,,K｜地域不動産・賃貸管理・物件活用支援,日本賃貸住宅管理協会公式会員：地域の賃貸管理・不動産活用支援
株式会社アパリエ建築,https://www.apalier.co.jp/,,,,https://www.apalier.co.jp/contact,,,,,,,,,K｜地域不動産・賃貸管理・物件活用支援,日本賃貸住宅管理協会公式会員：地域の賃貸管理・不動産活用支援
株式会社アパートセンターオカモト,https://www.acogroup.co.jp/,,,,https://www.acogroup.co.jp/inquiry/?radio=1,,,,,,,,,K｜地域不動産・賃貸管理・物件活用支援,日本賃貸住宅管理協会公式会員：地域の賃貸管理・不動産活用支援
株式会社アフロ,https://www.aflo-net.com/,,,,https://www.aflo-net.com/contact/,,,,,,,,,K｜地域不動産・賃貸管理・物件活用支援,日本賃貸住宅管理協会公式会員：地域の賃貸管理・不動産活用支援
株式会社アブレイズパートナーズ,https://ablaze-p.co.jp/,,,,https://ablaze-p.co.jp/contact,,,,,,,,,K｜地域不動産・賃貸管理・物件活用支援,日本賃貸住宅管理協会公式会員：地域の賃貸管理・不動産活用支援
株式会社アプリーズ,https://www.aprease.com/,,,,https://www.aprease.com/contact/,,,,,,,,,K｜地域不動産・賃貸管理・物件活用支援,日本賃貸住宅管理協会公式会員：地域の賃貸管理・不動産活用支援
株式会社アミコム,http://www.amicom.jp/,,,,http://www.amicom.jp/contact/,,,,,,,,,K｜地域不動産・賃貸管理・物件活用支援,日本賃貸住宅管理協会公式会員：地域の賃貸管理・不動産活用支援
株式会社アルコ,https://www.arukonet.co.jp/,,,,https://www.arukonet.co.jp/office_information/,,,,,,,,,K｜地域不動産・賃貸管理・物件活用支援,日本賃貸住宅管理協会公式会員：地域の賃貸管理・不動産活用支援
株式会社アルス,https://ars-re.co.jp/,,,,https://ars-re.co.jp/index/inquiry,,,,,,,,,K｜地域不動産・賃貸管理・物件活用支援,日本賃貸住宅管理協会公式会員：地域の賃貸管理・不動産活用支援
株式会社アルゾホーム,https://www.aruzohome.com/,,,,https://www.aruzohome.com/inquiry,,,,,,,,,K｜地域不動産・賃貸管理・物件活用支援,日本賃貸住宅管理協会公式会員：地域の賃貸管理・不動産活用支援
株式会社アルファエステート,https://www.alp-est.com/,,,,https://www.alp-est.com/contact,,,,,,,,,K｜地域不動産・賃貸管理・物件活用支援,日本賃貸住宅管理協会公式会員：地域の賃貸管理・不動産活用支援
株式会社アルファー,https://alpha-k.jp/,,,,https://alpha-k.jp/contact/,,,,,,,,,K｜地域不動産・賃貸管理・物件活用支援,日本賃貸住宅管理協会公式会員：地域の賃貸管理・不動産活用支援
株式会社アルヴェスタ,http://alvesta.co.jp/,,,,https://alvesta.co.jp/contactbs/,,,,,,,,,K｜地域不動産・賃貸管理・物件活用支援,日本賃貸住宅管理協会公式会員：地域の賃貸管理・不動産活用支援
株式会社アレップス,https://town-group.co.jp/,,,,https://town-group.co.jp/contact,,,,,,,,,K｜地域不動産・賃貸管理・物件活用支援,日本賃貸住宅管理協会公式会員：地域の賃貸管理・不動産活用支援
株式会社アロハプロパティ,https://www.aloha-property.co.jp/,,,,https://www.aloha-property.co.jp,,,,,,,,,K｜地域不動産・賃貸管理・物件活用支援,日本賃貸住宅管理協会公式会員：地域の賃貸管理・不動産活用支援
株式会社アンサー倶楽部,https://answerclub.co.jp/,,,,https://answerclub.co.jp/contact/,,,,,,,,,K｜地域不動産・賃貸管理・物件活用支援,日本賃貸住宅管理協会公式会員：地域の賃貸管理・不動産活用支援
株式会社アンティ,https://www.amty.jp/,,,,https://www.amty.jp/contact,,,,,,,,,K｜地域不動産・賃貸管理・物件活用支援,日本賃貸住宅管理協会公式会員：地域の賃貸管理・不動産活用支援
株式会社アンドセレクト,https://andselect.co.jp/,,,,https://andselect.co.jp/contact.html,,,,,,,,,K｜地域不動産・賃貸管理・物件活用支援,日本賃貸住宅管理協会公式会員：地域の賃貸管理・不動産活用支援
株式会社アンビション・バロー,https://www.valor8600.com/,,,,https://www.valor8600.com/valorshinyoko/inquiry/index.php,,,,,,,,,K｜地域不動産・賃貸管理・物件活用支援,日本賃貸住宅管理協会公式会員：地域の賃貸管理・不動産活用支援
株式会社アース,https://www.earthgroup-jp.com/,,,,https://www.earthgroup-jp.com,,,,,,,,,K｜地域不動産・賃貸管理・物件活用支援,日本賃貸住宅管理協会公式会員：地域の賃貸管理・不動産活用支援
株式会社アース保証,https://earth-hosho.co.jp/,,,,https://earth-hosho.co.jp/wp-content/themes/earthhosho/contact/,,,,,,,,,K｜地域不動産・賃貸管理・物件活用支援,日本賃貸住宅管理協会公式会員：地域の賃貸管理・不動産活用支援
株式会社アートアベニュー,https://www.artavenue.co.jp/,,,,https://www.artavenue.co.jp/consult/,,,,,,,,,K｜地域不動産・賃貸管理・物件活用支援,日本賃貸住宅管理協会公式会員：地域の賃貸管理・不動産活用支援
株式会社アーバネットリビング,https://www.urbanet.jp/urbanetliving/,,,,https://www.urbanet.jp/urbanetliving/contact/,,,,,,,,,K｜地域不動産・賃貸管理・物件活用支援,日本賃貸住宅管理協会公式会員：地域の賃貸管理・不動産活用支援
株式会社アーバンライフ建築総合研究所,https://urban-a.co.jp/,,,,https://urban-a.co.jp/publics/index/23/,,,,,,,,,K｜地域不動産・賃貸管理・物件活用支援,日本賃貸住宅管理協会公式会員：地域の賃貸管理・不動産活用支援
株式会社アーバンレック,https://www.heya.co.jp/,,,,https://www.heya.co.jp/contact/,,,,,,,,,K｜地域不動産・賃貸管理・物件活用支援,日本賃貸住宅管理協会公式会員：地域の賃貸管理・不動産活用支援
株式会社アーバン企画開発,https://www.urbankk.co.jp/,,,,https://www.urbankk.co.jp/inquiry,,,,,,,,,K｜地域不動産・賃貸管理・物件活用支援,日本賃貸住宅管理協会公式会員：地域の賃貸管理・不動産活用支援
株式会社アール恒産,https://r-kosan.co.jp/,,,,https://r-kosan.co.jp/inquiry,,,,,,,,,K｜地域不動産・賃貸管理・物件活用支援,日本賃貸住宅管理協会公式会員：地域の賃貸管理・不動産活用支援
株式会社イエヰリ,https://www.ieiri-co.jp/,,,,https://www.ieiri-co.jp/contact,,,,,,,,,K｜地域不動産・賃貸管理・物件活用支援,日本賃貸住宅管理協会公式会員：地域の賃貸管理・不動産活用支援
株式会社イケスギ,https://www.ikesugi-re.co.jp/,,,,https://www.ikesugi-re.co.jp/contact/,,,,,,,,,K｜地域不動産・賃貸管理・物件活用支援,日本賃貸住宅管理協会公式会員：地域の賃貸管理・不動産活用支援
株式会社イチイ,https://ichii-re.co.jp/,,,,https://ichii-re.co.jp/service/reform/,,,,,,,,,K｜地域不動産・賃貸管理・物件活用支援,日本賃貸住宅管理協会公式会員：地域の賃貸管理・不動産活用支援
株式会社イディアライズコーポレーション,https://www.idearise.co.jp/,,,,https://www.idearise.co.jp/contact,,,,,,,,,K｜地域不動産・賃貸管理・物件活用支援,日本賃貸住宅管理協会公式会員：地域の賃貸管理・不動産活用支援
株式会社イノベント,https://innovent.co.jp/,,,,https://innovent.co.jp/information,,,,,,,,,K｜地域不動産・賃貸管理・物件活用支援,日本賃貸住宅管理協会公式会員：地域の賃貸管理・不動産活用支援
株式会社イマジン・コーポレーション,https://www.imagine-c.co.jp/,,,,https://www.imagine-c.co.jp/manageandoperation/application-form,,,,,,,,,K｜地域不動産・賃貸管理・物件活用支援,日本賃貸住宅管理協会公式会員：地域の賃貸管理・不動産活用支援
株式会社インターレジデンス,https://inter-residence.com/,,,,https://inter-residence.com/wp/contact,,,,,,,,,K｜地域不動産・賃貸管理・物件活用支援,日本賃貸住宅管理協会公式会員：地域の賃貸管理・不動産活用支援
株式会社インフィニストン,https://infinistone.co.jp/,,,,https://infinistone.co.jp/contact,,,,,,,,,K｜地域不動産・賃貸管理・物件活用支援,日本賃貸住宅管理協会公式会員：地域の賃貸管理・不動産活用支援
株式会社インベストメントエージェント,https://investmentagent.co.jp/,,,,https://investmentagent.co.jp/contact,,,,,,,,,K｜地域不動産・賃貸管理・物件活用支援,日本賃貸住宅管理協会公式会員：地域の賃貸管理・不動産活用支援
株式会社イースト住宅情報,https://www.eastjj.com/,,,,https://www.eastjj.com/contact,,,,,,,,,K｜地域不動産・賃貸管理・物件活用支援,日本賃貸住宅管理協会公式会員：地域の賃貸管理・不動産活用支援
株式会社イーダブルジー,https://ewg.co.jp/,,,,https://ewg.co.jp/contact/,,,,,,,,,K｜地域不動産・賃貸管理・物件活用支援,日本賃貸住宅管理協会公式会員：地域の賃貸管理・不動産活用支援
株式会社ウィズコーポレーション,https://wizco.jp/,,,,https://wizco.jp/contact,,,,,,,,,K｜地域不動産・賃貸管理・物件活用支援,日本賃貸住宅管理協会公式会員：地域の賃貸管理・不動産活用支援
株式会社ウィンドヒル,https://www.web-windhill.com/about.html,,,,https://www.web-windhill.com/contact.html,,,,,,,,,K｜地域不動産・賃貸管理・物件活用支援,日本賃貸住宅管理協会公式会員：地域の賃貸管理・不動産活用支援
株式会社ウィンドワード,https://windward-jpn.com/about/,,,,https://windward-jpn.com/contact/inquiry/,,,,,,,,,K｜地域不動産・賃貸管理・物件活用支援,日本賃貸住宅管理協会公式会員：地域の賃貸管理・不動産活用支援
株式会社ウォーム,https://irm-chintai.com/,,,,https://irm-chintai.com/contact,,,,,,,,,K｜地域不動産・賃貸管理・物件活用支援,日本賃貸住宅管理協会公式会員：地域の賃貸管理・不動産活用支援
株式会社エクシング,https://www.exing-inc.com:443/,,,,https://www.exing-inc.com:443/contact/,,,,,,,,,K｜地域不動産・賃貸管理・物件活用支援,日本賃貸住宅管理協会公式会員：地域の賃貸管理・不動産活用支援
株式会社エコホームズ,http://www.eco-homes.jp/,,,,https://www.eco-homes.jp/contact/,,,,,,,,,K｜地域不動産・賃貸管理・物件活用支援,日本賃貸住宅管理協会公式会員：地域の賃貸管理・不動産活用支援
株式会社エコラボ・デザインハウス,http://ecolabo-dh.co.jp/,,,,http://ecolabo-dh.co.jp/contact/,,,,,,,,,K｜地域不動産・賃貸管理・物件活用支援,日本賃貸住宅管理協会公式会員：地域の賃貸管理・不動産活用支援
株式会社エスエストラスト,https://ss-trust.co.jp/,,,,https://ss-trust.co.jp/contact/,,,,,,,,,K｜地域不動産・賃貸管理・物件活用支援,日本賃貸住宅管理協会公式会員：地域の賃貸管理・不動産活用支援
株式会社エスクリーン,https://www.s-clean.jp/,,,,https://www.s-clean.jp/,,,,,,,,,K｜地域不動産・賃貸管理・物件活用支援,日本賃貸住宅管理協会公式会員：地域の賃貸管理・不動産活用支援
株式会社エスタス管財,https://s-tus.co.jp/,,,,https://s-tus.co.jp/contact,,,,,,,,,K｜地域不動産・賃貸管理・物件活用支援,日本賃貸住宅管理協会公式会員：地域の賃貸管理・不動産活用支援
株式会社エステート白馬,https://www.e-hakuba.com/,,,,https://www.e-hakuba.com/group/customer/,,,,,,,,,K｜地域不動産・賃貸管理・物件活用支援,日本賃貸住宅管理協会公式会員：地域の賃貸管理・不動産活用支援
株式会社エッジコネクション,https://edge-connection.co.jp/,,,,https://edge-connection.co.jp/contact-us/,,,,,,,,,K｜地域不動産・賃貸管理・物件活用支援,日本賃貸住宅管理協会公式会員：地域の賃貸管理・不動産活用支援
株式会社エッセ,https://esse.co.jp/,,,,https://esse.co.jp/contact/,,,,,,,,,K｜地域不動産・賃貸管理・物件活用支援,日本賃貸住宅管理協会公式会員：地域の賃貸管理・不動産活用支援
株式会社エヌアセットホールディングス,https://n-asset-holdings.com/,,,,https://n-asset-holdings.com/,,,,,,,,,K｜地域不動産・賃貸管理・物件活用支援,日本賃貸住宅管理協会公式会員：地域の賃貸管理・不動産活用支援
株式会社エバンス,https://www.evansnet.co.jp/,,,,https://www.evansnet.co.jp/kasitai/,,,,,,,,,K｜地域不動産・賃貸管理・物件活用支援,日本賃貸住宅管理協会公式会員：地域の賃貸管理・不動産活用支援
株式会社エバンスアメニティー,https://www.evanceamenity.jp/,,,,https://www.evanceamenity.jp/inquiry/index.php,,,,,,,,,K｜地域不動産・賃貸管理・物件活用支援,日本賃貸住宅管理協会公式会員：地域の賃貸管理・不動産活用支援
株式会社エフリーフハウス,https://kawaguchi-baikyaku.com/,,,,https://kawaguchi-baikyaku.com/contact/,,,,,,,,,K｜地域不動産・賃貸管理・物件活用支援,日本賃貸住宅管理協会公式会員：地域の賃貸管理・不動産活用支援
株式会社エミエル不動産,https://www.emieru.jp/,,,,https://www.emieru.jp/contact,,,,,,,,,K｜地域不動産・賃貸管理・物件活用支援,日本賃貸住宅管理協会公式会員：地域の賃貸管理・不動産活用支援
株式会社エムズ・ウエスト,https://mswest.co.jp/,,,,https://mswest.co.jp/contact/,,,,,,,,,K｜地域不動産・賃貸管理・物件活用支援,日本賃貸住宅管理協会公式会員：地域の賃貸管理・不動産活用支援
株式会社エルシティ,https://www.l-city.co.jp/,,,,https://www.l-city.co.jp/contact,,,,,,,,,K｜地域不動産・賃貸管理・物件活用支援,日本賃貸住宅管理協会公式会員：地域の賃貸管理・不動産活用支援
株式会社エンジョイ・オーナーズライフ,http://e-owner.jp/,,,,https://e-owner.jp/inquiry/,,,,,,,,,K｜地域不動産・賃貸管理・物件活用支援,日本賃貸住宅管理協会公式会員：地域の賃貸管理・不動産活用支援
株式会社エーアンドエム不動産,https://www.akiya-am.com/,,,,https://www.akiya-am.com/category/works/,,,,,,,,,K｜地域不動産・賃貸管理・物件活用支援,日本賃貸住宅管理協会公式会員：地域の賃貸管理・不動産活用支援
株式会社エージェンシー雅,https://www.ag-miyabi.co.jp/,,,,https://www.ag-miyabi.co.jp/contact,,,,,,,,,K｜地域不動産・賃貸管理・物件活用支援,日本賃貸住宅管理協会公式会員：地域の賃貸管理・不動産活用支援
株式会社オカムラメイト,https://www.okamuramate.com/,,,,https://www.okamuramate.com/inquiry/,,,,,,,,,K｜地域不動産・賃貸管理・物件活用支援,日本賃貸住宅管理協会公式会員：地域の賃貸管理・不動産活用支援
株式会社オクゼン不動産,https://www.okuzen.co.jp/,,,,https://www.okuzen.co.jp/contact,,,,,,,,,K｜地域不動産・賃貸管理・物件活用支援,日本賃貸住宅管理協会公式会員：地域の賃貸管理・不動産活用支援
株式会社オーリック不動産,https://alliq.jp/,,,,https://alliq.jp/inquiry/index.php,,,,,,,,,K｜地域不動産・賃貸管理・物件活用支援,日本賃貸住宅管理協会公式会員：地域の賃貸管理・不動産活用支援
株式会社カンエイ,https://www.kanei.info/,,,,https://www.kanei.info/modelroom/information,,,,,,,,,K｜地域不動産・賃貸管理・物件活用支援,日本賃貸住宅管理協会公式会員：地域の賃貸管理・不動産活用支援
株式会社ガイアフィールド,https://www.gaea-field.com/,,,,https://www.gaea-field.com/service/reform/?hsLang=ja,,,,,,,,,K｜地域不動産・賃貸管理・物件活用支援,日本賃貸住宅管理協会公式会員：地域の賃貸管理・不動産活用支援
株式会社ガーデンシティ,https://www.gardencity6989.com/,,,,https://www.gardencity6989.com/contact,,,,,,,,,K｜地域不動産・賃貸管理・物件活用支援,日本賃貸住宅管理協会公式会員：地域の賃貸管理・不動産活用支援
株式会社キッズウェイ,https://www.kids-way.ne.jp/,,,,https://www.kids-way.ne.jp/contact_hp1/,,,,,,,,,K｜地域不動産・賃貸管理・物件活用支援,日本賃貸住宅管理協会公式会員：地域の賃貸管理・不動産活用支援
株式会社キュービック不動産,https://www.i-cubic.net/,,,,https://www.i-cubic.net/contact/,,,,,,,,,K｜地域不動産・賃貸管理・物件活用支援,日本賃貸住宅管理協会公式会員：地域の賃貸管理・不動産活用支援
株式会社キーメイト渡辺商事,https://www.keymate.co.jp/,,,,https://www.keymate.co.jp/toiawase/,,,,,,,,,K｜地域不動産・賃貸管理・物件活用支援,日本賃貸住宅管理協会公式会員：地域の賃貸管理・不動産活用支援
株式会社ギムアス,https://www.gim-ms.com/,,,,https://www.gim-ms.com/pages/183/,,,,,,,,,K｜地域不動産・賃貸管理・物件活用支援,日本賃貸住宅管理協会公式会員：地域の賃貸管理・不動産活用支援
株式会社クオリスコミュニティ,https://www.qualis-com.co.jp/,,,,https://www.qualis-com.co.jp/contact,,,,,,,,,K｜地域不動産・賃貸管理・物件活用支援,日本賃貸住宅管理協会公式会員：地域の賃貸管理・不動産活用支援
株式会社クラス不動産,https://www.miyakonojo.info/,,,,https://www.miyakonojo.info/contact,,,,,,,,,K｜地域不動産・賃貸管理・物件活用支援,日本賃貸住宅管理協会公式会員：地域の賃貸管理・不動産活用支援
株式会社クラリス,https://www.clarice-c.com/,,,,https://www.clarice-c.com/contact/,,,,,,,,,K｜地域不動産・賃貸管理・物件活用支援,日本賃貸住宅管理協会公式会員：地域の賃貸管理・不動産活用支援
株式会社クリエイティブ・ウェブ,https://www.creative-web.co.jp/,,,,https://www.creative-web.co.jp/contact/,,,,,,,,,K｜地域不動産・賃貸管理・物件活用支援,日本賃貸住宅管理協会公式会員：地域の賃貸管理・不動産活用支援
株式会社グッドコム,https://www.goodcomasset-gc.co.jp:443/,,,,https://www.goodcomasset-gc.co.jp:443/contact/,,,,,,,,,K｜地域不動産・賃貸管理・物件活用支援,日本賃貸住宅管理協会公式会員：地域の賃貸管理・不動産活用支援
株式会社グランドコンフォート,http://g-confort.co.jp/,,,,https://g-confort.co.jp/contact-us/,,,,,,,,,K｜地域不動産・賃貸管理・物件活用支援,日本賃貸住宅管理協会公式会員：地域の賃貸管理・不動産活用支援
株式会社グラート,https://grato-co.com/,,,,https://grato-co.com/contact/,,,,,,,,,K｜地域不動産・賃貸管理・物件活用支援,日本賃貸住宅管理協会公式会員：地域の賃貸管理・不動産活用支援
株式会社グリーン・シップ,http://www.green-ship.co.jp/,,,,https://www.green-ship.co.jp/contact/,,,,,,,,,K｜地域不動産・賃貸管理・物件活用支援,日本賃貸住宅管理協会公式会員：地域の賃貸管理・不動産活用支援
株式会社グローバルアイ,https://g-eye.jp/,,,,https://g-eye.jp/inquiry/,,,,,,,,,K｜地域不動産・賃貸管理・物件活用支援,日本賃貸住宅管理協会公式会員：地域の賃貸管理・不動産活用支援
株式会社グローバルマーケット,https://www.global-market.co.jp/,,,,https://www.global-market.co.jp/contact/,,,,,,,,,K｜地域不動産・賃貸管理・物件活用支援,日本賃貸住宅管理協会公式会員：地域の賃貸管理・不動産活用支援
株式会社グローブプロパティ,https://www.globe-property.co.jp/,,,,https://www.globe-property.co.jp/contact/,,,,,,,,,K｜地域不動産・賃貸管理・物件活用支援,日本賃貸住宅管理協会公式会員：地域の賃貸管理・不動産活用支援
株式会社グローベルス,https://gro-bels.co.jp/,,,,https://gro-bels.co.jp/contact/,,,,,,,,,K｜地域不動産・賃貸管理・物件活用支援,日本賃貸住宅管理協会公式会員：地域の賃貸管理・不動産活用支援
株式会社グローリア・ライフ・クリエイト,https://www.glc-inc.jp/,,,,https://www.glc-inc.jp/contact/,,,,,,,,,K｜地域不動産・賃貸管理・物件活用支援,日本賃貸住宅管理協会公式会員：地域の賃貸管理・不動産活用支援
株式会社ケーコーポレーション,https://rent.k-co.jp/,,,,https://rent.k-co.jp/contact/,,,,,,,,,K｜地域不動産・賃貸管理・物件活用支援,日本賃貸住宅管理協会公式会員：地域の賃貸管理・不動産活用支援
株式会社コインパーク,https://www.coinpark.co.jp/,,,,https://www.coinpark.co.jp/inquiry0/,,,,,,,,,K｜地域不動産・賃貸管理・物件活用支援,日本賃貸住宅管理協会公式会員：地域の賃貸管理・不動産活用支援
株式会社コスギ不動産ホールディングス,https://www.kosugi-f.com/,,,,https://www.kosugi-f.com/contact,,,,,,,,,K｜地域不動産・賃貸管理・物件活用支援,日本賃貸住宅管理協会公式会員：地域の賃貸管理・不動産活用支援
株式会社コスモハウジング,https://www.cosmo-h.co.jp/,,,,https://www.cosmo-h.co.jp/contact/,,,,,,,,,K｜地域不動産・賃貸管理・物件活用支援,日本賃貸住宅管理協会公式会員：地域の賃貸管理・不動産活用支援
株式会社コモハラ不動産,https://komohara.com/,,,,https://komohara.com/contact/,,,,,,,,,K｜地域不動産・賃貸管理・物件活用支援,日本賃貸住宅管理協会公式会員：地域の賃貸管理・不動産活用支援
株式会社コープリビング九州,https://cooplivingkyushu.co.jp/,,,,https://cooplivingkyushu.co.jp/contact,,,,,,,,,K｜地域不動産・賃貸管理・物件活用支援,日本賃貸住宅管理協会公式会員：地域の賃貸管理・不動産活用支援
株式会社サイン,http://heyamode-hakodate.com/,,,,http://heyamode-hakodate.com/contact.html,,,,,,,,,K｜地域不動産・賃貸管理・物件活用支援,日本賃貸住宅管理協会公式会員：地域の賃貸管理・不動産活用支援
株式会社サケンホーム,https://www.sakenhome.jp/company,,,,https://www.sakenhome.jp/contact,,,,,,,,,K｜地域不動産・賃貸管理・物件活用支援,日本賃貸住宅管理協会公式会員：地域の賃貸管理・不動産活用支援
株式会社サジェスト,https://www.suggest.co.jp/,,,,https://www.suggest.co.jp/contact/,,,,,,,,,K｜地域不動産・賃貸管理・物件活用支援,日本賃貸住宅管理協会公式会員：地域の賃貸管理・不動産活用支援
株式会社サンエース,https://www.sar.co.jp/,,,,https://www.sar.co.jp/cnt/contact,,,,,,,,,K｜地域不動産・賃貸管理・物件活用支援,日本賃貸住宅管理協会公式会員：地域の賃貸管理・不動産活用支援
株式会社サンケイシャーロック,https://www.sharlock.com/,,,,https://www.sharlock.com/%e3%81%8a%e5%95%8f%e3%81%84%e5%90%88%e3%82%8f%e3%81%9b/,,,,,,,,,K｜地域不動産・賃貸管理・物件活用支援,日本賃貸住宅管理協会公式会員：地域の賃貸管理・不動産活用支援
株式会社サンノア・トラスト,http://www.sunnoah-trust.jp/,,,,http://www.sunnoah-trust.jp,,,,,,,,,K｜地域不動産・賃貸管理・物件活用支援,日本賃貸住宅管理協会公式会員：地域の賃貸管理・不動産活用支援
株式会社サンフィールド,https://sunfield-pm.jp/,,,,https://sunfield-pm.jp/contact/,,,,,,,,,K｜地域不動産・賃貸管理・物件活用支援,日本賃貸住宅管理協会公式会員：地域の賃貸管理・不動産活用支援
株式会社サンプロシード,https://s-proceed.co.jp/,,,,https://s-proceed.co.jp/contact,,,,,,,,,K｜地域不動産・賃貸管理・物件活用支援,日本賃貸住宅管理協会公式会員：地域の賃貸管理・不動産活用支援
株式会社サンライズワン,http://www.sunriseone-fukuoka.com/,,,,http://www.sunriseone-fukuoka.com/contact.html,,,,,,,,,K｜地域不動産・賃貸管理・物件活用支援,日本賃貸住宅管理協会公式会員：地域の賃貸管理・不動産活用支援
株式会社サークルホーム,https://www.circlehome.co.jp/,,,,https://www.circlehome.co.jp/contact/,,,,,,,,,K｜地域不動産・賃貸管理・物件活用支援,日本賃貸住宅管理協会公式会員：地域の賃貸管理・不動産活用支援
株式会社シイ・アイ・シー,https://cic-pm.co.jp/,,,,https://cic-pm.co.jp/owner-form/,,,,,,,,,K｜地域不動産・賃貸管理・物件活用支援,日本賃貸住宅管理協会公式会員：地域の賃貸管理・不動産活用支援
株式会社シェア１８０,https://www.sharehouse180.net/,,,,https://www.sharehouse180.net/contact-first-step/,,,,,,,,,K｜地域不動産・賃貸管理・物件活用支援,日本賃貸住宅管理協会公式会員：地域の賃貸管理・不動産活用支援
株式会社シエルトパートナー,https://cierto-p.co.jp/,,,,https://cierto-p.co.jp/inquiry/index.php,,,,,,,,,K｜地域不動産・賃貸管理・物件活用支援,日本賃貸住宅管理協会公式会員：地域の賃貸管理・不動産活用支援
株式会社シティハウス管理,https://kanri.cityhouse.co.jp/,,,,https://kanri.cityhouse.co.jp/contact/,,,,,,,,,K｜地域不動産・賃貸管理・物件活用支援,日本賃貸住宅管理協会公式会員：地域の賃貸管理・不動産活用支援
株式会社シティビルサービス札幌,https://www.city-bld.net/,,,,https://www.city-bld.net/inquiry/,,,,,,,,,K｜地域不動産・賃貸管理・物件活用支援,日本賃貸住宅管理協会公式会員：地域の賃貸管理・不動産活用支援
株式会社シルクコーポレーション,https://www.silk-cp.com/,,,,https://www.silk-cp.com/contact.html,,,,,,,,,K｜地域不動産・賃貸管理・物件活用支援,日本賃貸住宅管理協会公式会員：地域の賃貸管理・不動産活用支援
株式会社シンコーハウス,https://www.shinko-house.co.jp:443/,,,,https://www.shinko-house.co.jp:443/contact/,,,,,,,,,K｜地域不動産・賃貸管理・物件活用支援,日本賃貸住宅管理協会公式会員：地域の賃貸管理・不動産活用支援
株式会社シード・コーポレーション,https://seed24.jp/,,,,https://seed24.jp/contact/,,,,,,,,,K｜地域不動産・賃貸管理・物件活用支援,日本賃貸住宅管理協会公式会員：地域の賃貸管理・不動産活用支援
株式会社ジョイフルサポート,https://corporate.re-hirota.co.jp/,,,,https://corporate.re-hirota.co.jp/contact/,,,,,,,,,K｜地域不動産・賃貸管理・物件活用支援,日本賃貸住宅管理協会公式会員：地域の賃貸管理・不動産活用支援
株式会社ジーク,https://www.sieg-net.com/,,,,https://www.sieg-net.com/contact.html,,,,,,,,,K｜地域不動産・賃貸管理・物件活用支援,日本賃貸住宅管理協会公式会員：地域の賃貸管理・不動産活用支援
株式会社ステージツー,https://stage2.jp/,,,,https://stage2.jp/contact/,,,,,,,,,K｜地域不動産・賃貸管理・物件活用支援,日本賃貸住宅管理協会公式会員：地域の賃貸管理・不動産活用支援
株式会社ストエネ,https://sutoene.co.jp/,,,,https://sutoene.co.jp/contact/,,,,,,,,,K｜地域不動産・賃貸管理・物件活用支援,日本賃貸住宅管理協会公式会員：地域の賃貸管理・不動産活用支援
株式会社ストライド,https://stride-inc.jp/,,,,https://stride-inc.jp/construction-form/,,,,,,,,,K｜地域不動産・賃貸管理・物件活用支援,日本賃貸住宅管理協会公式会員：地域の賃貸管理・不動産活用支援
