company_name,url,address,phone,contact_url,区分,検出ワード,source_url,profile_url,company_confirmed,fetch,affinity_evidence
FPサービス株式会社,https://www.doctorsupportnet.jp/business/clinic_homepage_production/,,,https://www.doctorsupportnet.jp/contact/form_doctor/,S｜医科・歯科特化Web・集客支援,医科・歯科顧客＋Web集客＋公開後運用支援,https://www.doctorsupportnet.jp/business/clinic_homepage_production/,https://www.doctorsupportnet.jp/company/,yes,ok,集客+集患+ホームページ+Web+WEB+広告
GOOGLE株式会社,https://clinic-promotion.com/,,,https://clinic-promotion.com/contact/index.php,S｜医科・歯科特化Web・集客支援,医科・歯科顧客＋Web集客＋公開後運用支援,https://clinic-promotion.com/,https://clinic-promotion.com/company.html,yes,ok,集患+ホームページ+Web+WEB+広告+運用
Webクラフトマン合同会社,https://laollc.com/,,,https://laollc.com/contact/,S｜治療院特化Web・集客支援,治療院顧客＋Web集客＋公開後運用支援,https://laollc.com/,https://laollc.com/profile/,yes,ok,集客+ホームページ+Web+WEB+広告+運用
matoka株式会社,https://matoka.co.jp/,,,https://matoka.co.jp/information,S｜飲食店特化Web・集客支援,飲食店顧客＋Web集客＋公開後運用支援,https://matoka.co.jp/,https://matoka.co.jp/company,yes,ok,集客+ホームページ+WEB+広告+運用+SEO
ありがとうデザイン株式会社,https://www.seitai-homepage.com/,,,https://www.seitai-homepage.com/contact/index.html,S｜美容室・サロン特化Web・集客支援,美容室・サロン顧客＋Web集客＋公開後運用支援,https://www.seitai-homepage.com/,https://www.seitai-homepage.com/,no,ok,集客+集患+ホームページ+Web+WEB+広告
アルサーガパートナーズ株式会社,https://dental-web.jp/,,,https://dental-web.jp/contact/,S｜医科・歯科特化Web・集客支援,医科・歯科顧客＋Web集客＋公開後運用支援,https://dental-web.jp/,https://dental-web.jp/enterprise/,yes,ok,集患+ホームページ+Web+WEB+広告+運用
スラッシュ株式会社,https://reblo.jp/,,,https://reblo.jp/contact/,S｜不動産会社特化Web・集客支援,不動産会社顧客＋Web集客＋公開後運用支援,https://reblo.jp/,https://reblo.jp/company/,yes,ok,集客+ホームページ+WEB+広告+運用+SEO
チリョーマ株式会社,https://chiryo-ma.co.jp/service-hp/,,,https://chiryo-ma.co.jp/,S｜美容室・サロン特化Web・集客支援,美容室・サロン顧客＋Web集客＋公開後運用支援,https://chiryo-ma.co.jp/service-hp/,https://chiryo-ma.co.jp/company/,yes,ok,集客+ホームページ+広告+運用+SEO+LINE
データライズ株式会社,https://www.datalyze.co.jp/project/website/pagepro/,,,https://www.datalyze.co.jp/inquiry/,S｜士業特化Web・集客支援,士業顧客＋Web集客＋公開後運用支援,https://www.datalyze.co.jp/project/website/pagepro/,https://www.datalyze.co.jp/company/,yes,ok,集客+ホームページ+Web+運用
ユーザビリティパートナーズ株式会社,https://www.easy-juku.com/,,,https://www.easy-juku.com/contact/,S｜飲食店特化Web・集客支援,飲食店顧客＋Web集客＋公開後運用支援,https://www.easy-juku.com/,https://www.easy-juku.com/about/company/,yes,ok,集客+ホームページ+Web+WEB+運用+SEO
リセラ株式会社,https://www.nakachi.net/index.html,,,https://www.nakachi.net/request/index.html,S｜美容室・サロン特化Web・集客支援,美容室・サロン顧客＋Web集客＋公開後運用支援,https://www.nakachi.net/index.html,https://www.nakachi.net/company/index.html,yes,ok,集客+ホームページ+Web+WEB+広告+運用
不動くん株式会社,https://www.fudoukun.jp/,,,https://www.fudoukun.jp/contact/,S｜不動産会社特化Web・集客支援,不動産会社顧客＋Web集客＋公開後運用支援,https://www.fudoukun.jp/,https://www.fudoukun.jp/about/,yes,ok,集客+ホームページ+Web+運用+SEO
会社名合同会社,https://media-hack.co.jp/,,,https://media-hack.co.jp/contact/,S｜飲食店特化Web・集客支援,飲食店顧客＋Web集客＋公開後運用支援,https://media-hack.co.jp/,https://media-hack.co.jp/company/,yes,ok,集客+ホームページ+Web+WEB+広告+運用
会社名有限会社,https://www.clinic-seoplus.com/,,,https://www.clinic-seoplus.com/contact/,S｜医科・歯科特化Web・集客支援,医科・歯科顧客＋Web集客＋公開後運用支援,https://www.clinic-seoplus.com/,https://www.clinic-seoplus.com/,no,ok,集患+ホームページ+Web+WEB+広告+運用
会社名株式会社,https://medical-grits.jp/,,,https://medical-grits.jp/contact/,S｜医科・歯科特化Web・集客支援,医科・歯科顧客＋Web集客＋公開後運用支援,https://medical-grits.jp/,https://medical-grits.jp/company/,yes,ok,集患+ホームページ+WEB+広告+運用+SEO
会社名株式会社,https://gourmet.z-it.jp/,,,https://gourmet.z-it.jp/management-consulting/,S｜飲食店特化Web・集客支援,飲食店顧客＋Web集客＋公開後運用支援,https://gourmet.z-it.jp/,https://gourmet.z-it.jp/about/,yes,ok,集客+ホームページ+Web+運用+MEO+Googleマップ
会社名株式会社,https://www.souki-inc.co.jp/hp/dental/,,,https://www.souki-inc.co.jp/contact,S｜医科・歯科特化Web・集客支援,医科・歯科顧客＋Web集客＋公開後運用支援,https://www.souki-inc.co.jp/hp/dental/,https://www.souki-inc.co.jp/company/,yes,ok,集客+集患+ホームページ+Web+WEB+広告
会社名株式会社,https://hplus.jp/,,,https://hplus.jp/contact/,S｜医科・歯科特化Web・集客支援,医科・歯科顧客＋Web集客＋公開後運用支援,https://hplus.jp/,https://hplus.jp/company/,yes,ok,集患+ホームページ+WEB+広告+運用
会社概要株式会社,https://clinic.z-it.jp/,,,,S｜医科・歯科特化Web・集客支援,医科・歯科顧客＋Web集客＋公開後運用支援,https://clinic.z-it.jp/,https://clinic.z-it.jp/company/,yes,ok,集客+集患+ホームページ+Web+広告+運用
合同会社QOL,https://kaigo-qol.com/,,,https://kaigo-qol.com/otoiawase/,S｜介護・福祉特化Web・集客支援,介護・福祉顧客＋Web集客＋公開後運用支援,https://kaigo-qol.com/,https://kaigo-qol.com/gaiyo/,yes,ok,集客+ホームページ+Web+WEB+広告+運用
地域健康サポート株式会社,https://seikotu-hp.com/,,,https://seikotu-hp.com/contact.html,S｜治療院特化Web・集客支援,治療院顧客＋Web集客＋公開後運用支援,https://seikotu-hp.com/,https://seikotu-hp.com/,yes,ok,集客+ホームページ+WEB+広告+運用+SEO
大阪のクリニック・歯科専門ホームページ・株式会社,https://www.method-innovation.co.jp/,,,https://www.method-innovation.co.jp/contact/,S｜医科・歯科特化Web・集客支援,医科・歯科顧客＋Web集客＋公開後運用支援,https://www.method-innovation.co.jp/,https://www.method-innovation.co.jp/company/,yes,ok,集患+ホームページ+WEB+広告+運用+SEO
宿サポート株式会社,https://hotelbusiness.info/,,,https://hotelbusiness.info/,S｜旅館・ホテル特化Web・集客支援,旅館・ホテル顧客＋Web集客＋公開後運用支援,https://hotelbusiness.info/,https://hotelbusiness.info/%E4%BC%9A%E7%A4%BE%E6%A6%82%E8%A6%81/,yes,ok,集客+ホームページ+WEB+広告+運用+SEO
小川精機株式会社,https://healthwebcreations.com/,,,https://healthwebcreations.com/contact,S｜治療院特化Web・集客支援,治療院顧客＋Web集客＋公開後運用支援,https://healthwebcreations.com/,https://healthwebcreations.com/archives/content/profile,yes,ok,集客+ホームページ+Web+SEO+Googleマップ
店舗・サロンのAI導入と業務自動化なら名古屋の株式会社,https://graciauto.jp/services/salon-hp/,,,https://graciauto.jp/contact/,S｜医科・歯科特化Web・集客支援,医科・歯科顧客＋Web集客＋公開後運用支援,https://graciauto.jp/services/salon-hp,https://graciauto.jp/services/salon-hp/,no,ok,集客+ホームページ+Web+WEB+広告+運用
愛知県名古屋市東区の株式会社,https://www.iplus-web.co.jp/,,,https://www.iplus-web.co.jp/contact,S｜医科・歯科特化Web・集客支援,医科・歯科顧客＋Web集客＋公開後運用支援,https://www.iplus-web.co.jp/,https://www.iplus-web.co.jp/about,yes,ok,集患+ホームページ+運用
日本国内でメトロノーム株式会社,https://gymcloud.jp/webstudio/,,,https://gymcloud.jp/webstudio/,S｜医科・歯科特化Web・集客支援,医科・歯科顧客＋Web集客＋公開後運用支援,https://gymcloud.jp/webstudio/,https://gymcloud.jp/webstudio/,yes,ok,集客+ホームページ+Web+WEB+広告+運用
株式会社ADGRAPHY,https://www.adgraphy.jp/,,,https://www.adgraphy.jp/,S｜旅館・ホテル特化Web・集客支援,旅館・ホテル顧客＋Web集客＋公開後運用支援,https://www.adgraphy.jp/,https://www.adgraphy.jp/about-adgraphy,yes,ok,集客+ホームページ+Web+WEB+広告+運用
株式会社HSK,https://www.honepage.com/,,,https://www.honepage.com/contact/index.html,S｜美容室・サロン特化Web・集客支援,美容室・サロン顧客＋Web集客＋公開後運用支援,https://www.honepage.com/,https://www.honepage.com/about/kiyaku.html,yes,ok,集客+ホームページ+WEB+広告+運用+SEO
株式会社IOS,https://www.i-o-s.co.jp/,,,https://www.i-o-s.co.jp/cgi-bin/contact.cgi,S｜旅館・ホテル特化Web・集客支援,旅館・ホテル顧客＋Web集客＋公開後運用支援,https://www.i-o-s.co.jp/,https://www.i-o-s.co.jp/company.html,yes,ok,集客+ホームページ+Web+運用
株式会社WEBRIES,https://shika-pro.jp/hp-seisaku,,,https://shika-pro.jp/hp-seisaku,S｜医科・歯科特化Web・集客支援,医科・歯科顧客＋Web集客＋公開後運用支援,https://shika-pro.jp/hp-seisaku,https://shika-pro.jp/about,yes,ok,集客+集患+ホームページ+Web+WEB+広告
株式会社WEBマーケティング総合研究所,https://shigyou.jp/,,,https://shigyou.jp/form/,S｜士業特化Web・集客支援,士業顧客＋Web集客＋公開後運用支援,https://shigyou.jp/,https://shigyou.jp/about-pack,yes,ok,集客+ホームページ+Web+WEB+運用+SEO
株式会社WEBマーケティング総合研究所がご提供しています,https://salone-web.com/,,,https://salone-web.com/form,S｜美容室・サロン特化Web・集客支援,美容室・サロン顧客＋Web集客＋公開後運用支援,https://salone-web.com/,https://salone-web.com/company,yes,ok,集客+ホームページ+WEB+SEO+Googleマップ
株式会社YsLink,https://ys-link.co.jp/,,,https://ys-link.co.jp/business-performance/,S｜飲食店特化Web・集客支援,飲食店顧客＋Web集客＋公開後運用支援,https://ys-link.co.jp/,https://ys-link.co.jp/,yes,ok,集客+ホームページ+Web+WEB+広告+運用
株式会社cantik,https://cantik.co.jp/seitai/,,,https://cantik.co.jp/contact/,S｜医科・歯科特化Web・集客支援,医科・歯科顧客＋Web集客＋公開後運用支援,https://cantik.co.jp/seitai/,https://cantik.co.jp/about/,yes,ok,集客+ホームページ+Web+WEB+広告+運用
株式会社fluke,https://fluke-inc.jp/fluke-gourmet-for-shop/,,,https://fluke-inc.jp/fluke-gourmet-for-shop/,S｜飲食店特化Web・集客支援,飲食店顧客＋Web集客＋公開後運用支援,https://fluke-inc.jp/fluke-gourmet-for-shop/,https://fluke-inc.jp/fluke-gourmet-for-shop/,yes,ok,集客+Web+広告+運用+MEO
株式会社style,https://www.dental-styleinc.com/,,,https://www.dental-styleinc.com/,S｜医科・歯科特化Web・集客支援,医科・歯科顧客＋Web集客＋公開後運用支援,https://www.dental-styleinc.com/,https://www.dental-styleinc.com/,yes,ok,集客+集患+ホームページ+Web+WEB+広告
株式会社イーウェッジ,https://en-hoiku.com/,,,https://en-hoiku.com/contact/,S｜介護・福祉特化Web・集客支援,介護・福祉顧客＋Web集客＋公開後運用支援,https://en-hoiku.com/,https://en-hoiku.com/company/,yes,ok,集客+ホームページ+Web+WEB+広告+運用
株式会社グットアップ,https://good-up.co.jp/,,,https://good-up.co.jp/contact/,S｜士業特化Web・集客支援,士業顧客＋Web集客＋公開後運用支援,https://good-up.co.jp/,https://good-up.co.jp/aboutus/,yes,ok,集客+ホームページ+Web+WEB+広告+運用
株式会社ココデザイン,https://lp-hp.koko-design.com/,,,https://lp-hp.koko-design.com/,S｜美容室・サロン特化Web・集客支援,美容室・サロン顧客＋Web集客＋公開後運用支援,https://lp-hp.koko-design.com/,https://lp-hp.koko-design.com/,yes,ok,集客+ホームページ+Web+WEB+広告+運用
株式会社ツウィール,https://cp-dental.cp-cms.com/,,,https://cp-dental.cp-cms.com/inquiry/,S｜医科・歯科特化Web・集客支援,医科・歯科顧客＋Web集客＋公開後運用支援,https://cp-dental.cp-cms.com/,https://cp-dental.cp-cms.com/,yes,ok,集患+ホームページ+WEB+運用+SEO
株式会社ディープ,https://www.deep-deep.jp/,,,https://www.deep-deep.jp/form/contact/,S｜不動産会社特化Web・集客支援,不動産会社顧客＋Web集客＋公開後運用支援,https://www.deep-deep.jp/,https://www.deep-deep.jp/contents_companyinfo/,yes,ok,ホームページ+Web+広告+運用+SEO
株式会社ハロペ,https://halope.co.jp/halope-web.html,,,,S｜美容室・サロン特化Web・集客支援,美容室・サロン顧客＋Web集客＋公開後運用支援,https://halope.co.jp/halope-web.html,https://halope.co.jp/halope-web.html,no,ok,集客+ホームページ+Web+WEB+運用
株式会社プロフェッションネットワーク様,https://www.pagepro.jp/,,,https://www.pagepro.jp/inquiry.html,S｜士業特化Web・集客支援,士業顧客＋Web集客＋公開後運用支援,https://www.pagepro.jp/,https://www.pagepro.jp/,yes,ok,集客+ホームページ+Web
株式会社メディココンサルティング,https://www.medico-consulting.jp/,,,https://www.medico-consulting.jp/form.html,S｜医科・歯科特化Web・集客支援,医科・歯科顧客＋Web集客＋公開後運用支援,https://www.medico-consulting.jp/,https://www.medico-consulting.jp/,no,ok,集客+集患+ホームページ+Web+WEB+広告
株式会社住所,https://clinic-mkt.com/,,,https://clinic-mkt.com/contact/,S｜医科・歯科特化Web・集客支援,医科・歯科顧客＋Web集客＋公開後運用支援,https://clinic-mkt.com/,https://clinic-mkt.com/company/,yes,ok,集客+ホームページ+広告+運用+SEO+MEO
株式会社宿楽,https://www.yadoraku.co.jp/,,,https://www.yadoraku.co.jp/contact/,S｜旅館・ホテル特化Web・集客支援,旅館・ホテル顧客＋Web集客＋公開後運用支援,https://www.yadoraku.co.jp/,https://www.yadoraku.co.jp/company/,yes,ok,集客+ホームページ+WEB+運用
株式会社畠山企画,https://hatakeyama-kikaku.co.jp/,,,https://hatakeyama-kikaku.co.jp/contact,S｜フィットネス特化Web・集客支援,フィットネス顧客＋Web集客＋公開後運用支援,https://hatakeyama-kikaku.co.jp/,https://hatakeyama-kikaku.co.jp/company/,yes,ok,集客+WEB+広告+運用+SEO+MEO
確認画面へ株式会社,https://www.j-s-p.com/,,,https://www.j-s-p.com/contact_form/,S｜不動産会社特化Web・集客支援,不動産会社顧客＋Web集客＋公開後運用支援,https://www.j-s-p.com/,https://www.j-s-p.com/,yes,ok,集客+ホームページ+Web+WEB+広告+運用
社名株式会社,https://bau-marketing.jp/,,,https://bau-marketing.jp/contact,S｜医科・歯科特化Web・集客支援,医科・歯科顧客＋Web集客＋公開後運用支援,https://bau-marketing.jp/,https://bau-marketing.jp/,yes,ok,集客+ホームページ+Web+広告+運用+Googleマップ
社名株式会社,https://prime-concept.co.jp/service/yoyaku.php,,,http://prime-concept.co.jp/contact/,S｜旅館・ホテル特化Web・集客支援,旅館・ホテル顧客＋Web集客＋公開後運用支援,https://prime-concept.co.jp/service/yoyaku.php,https://prime-concept.co.jp/service/yoyaku.php,no,ok,集客+ホームページ+Web+WEB+広告+運用
社名株式会社,https://www.ast-web.com/lp/animal_hospital/,,,https://www.ast-web.com/inquiry/,S｜医科・歯科特化Web・集客支援,医科・歯科顧客＋Web集客＋公開後運用支援,https://www.ast-web.com/lp/animal_hospital/,https://www.ast-web.com/about/,yes,ok,集患+ホームページ+Web+WEB+広告+運用
